UF,Nome_UF,Região Geográfica Intermediária,Nome Região Geográfica Intermediária,Região Geográfica Imediata,Nome Região Geográfica Imediata,Município,Código Município Completo,Nome_Município,
11,Rondônia,1102,Ji-Paraná,110005,Cacoal,00015,1100015,Alta Floresta D'Oeste,
11,Rondônia,1102,Ji-Paraná,110005,Cacoal,00379,1100379,Alto Alegre dos Parecis,
11,Rondônia,1101,Porto Velho,110002,Ariquemes,00403,1100403,Alto Paraíso,
11,Rondônia,1102,Ji-Paraná,110004,Ji-Paraná,00346,1100346,Alvorada D'Oeste,
11,Rondônia,1101,Porto Velho,110002,Ariquemes,00023,1100023,Ariquemes,
11,Rondônia,1101,Porto Velho,110002,Ariquemes,00452,1100452,Buritis,
11,Rondônia,1102,Ji-Paraná,110006,Vilhena,00031,1100031,Cabixi,
11,Rondônia,1101,Porto Velho,110002,Ariquemes,00601,1100601,Cacaulândia,
11,Rondônia,1102,Ji-Paraná,110005,Cacoal,00049,1100049,Cacoal,
11,Rondônia,1101,Porto Velho,110002,Ariquemes,00700,1100700,Campo Novo de Rondônia,
11,Rondônia,1101,Porto Velho,110001,Porto Velho,00809,1100809,Candeias do Jamari,
11,Rondônia,1102,Ji-Paraná,110005,Cacoal,00908,1100908,Castanheiras,
11,Rondônia,1102,Ji-Paraná,110006,Vilhena,00056,1100056,Cerejeiras,
11,Rondônia,1102,Ji-Paraná,110006,Vilhena,00924,1100924,Chupinguaia,
11,Rondônia,1102,Ji-Paraná,110006,Vilhena,00064,1100064,Colorado do Oeste,
11,Rondônia,1102,Ji-Paraná,110006,Vilhena,00072,1100072,Corumbiara,
11,Rondônia,1102,Ji-Paraná,110004,Ji-Paraná,00080,1100080,Costa Marques,
11,Rondônia,1101,Porto Velho,110002,Ariquemes,00940,1100940,Cujubim,
11,Rondônia,1102,Ji-Paraná,110005,Cacoal,00098,1100098,Espigão D'Oeste,
11,Rondônia,1101,Porto Velho,110003,Jaru,01005,1101005,Governador Jorge Teixeira,
11,Rondônia,1101,Porto Velho,110001,Porto Velho,00106,1100106,Guajará-Mirim,
11,Rondônia,1101,Porto Velho,110001,Porto Velho,01104,1101104,Itapuã do Oeste,
11,Rondônia,1101,Porto Velho,110003,Jaru,00114,1100114,Jaru,
11,Rondônia,1102,Ji-Paraná,110004,Ji-Paraná,00122,1100122,Ji-Paraná,
11,Rondônia,1101,Porto Velho,110003,Jaru,00130,1100130,Machadinho D'Oeste,
11,Rondônia,1102,Ji-Paraná,110005,Cacoal,01203,1101203,Ministro Andreazza,
11,Rondônia,1102,Ji-Paraná,110004,Ji-Paraná,01302,1101302,Mirante da Serra,
11,Rondônia,1101,Porto Velho,110002,Ariquemes,01401,1101401,Monte Negro,
11,Rondônia,1102,Ji-Paraná,110005,Cacoal,00148,1100148,Nova Brasilândia D'Oeste,
11,Rondônia,1101,Porto Velho,110001,Porto Velho,00338,1100338,Nova Mamoré,
11,Rondônia,1102,Ji-Paraná,110004,Ji-Paraná,01435,1101435,Nova União,
11,Rondônia,1102,Ji-Paraná,110005,Cacoal,00502,1100502,Novo Horizonte do Oeste,
11,Rondônia,1102,Ji-Paraná,110004,Ji-Paraná,00155,1100155,Ouro Preto do Oeste,
11,Rondônia,1102,Ji-Paraná,110005,Cacoal,01450,1101450,Parecis,
11,Rondônia,1102,Ji-Paraná,110005,Cacoal,00189,1100189,Pimenta Bueno,
11,Rondônia,1102,Ji-Paraná,110006,Vilhena,01468,1101468,Pimenteiras do Oeste,
11,Rondônia,1101,Porto Velho,110001,Porto Velho,00205,1100205,Porto Velho,
11,Rondônia,1102,Ji-Paraná,110004,Ji-Paraná,00254,1100254,Presidente Médici,
11,Rondônia,1102,Ji-Paraná,110005,Cacoal,01476,1101476,Primavera de Rondônia,
11,Rondônia,1101,Porto Velho,110002,Ariquemes,00262,1100262,Rio Crespo,
11,Rondônia,1102,Ji-Paraná,110005,Cacoal,00288,1100288,Rolim de Moura,
11,Rondônia,1102,Ji-Paraná,110005,Cacoal,00296,1100296,Santa Luzia D'Oeste,
11,Rondônia,1102,Ji-Paraná,110005,Cacoal,01484,1101484,São Felipe D'Oeste,
11,Rondônia,1102,Ji-Paraná,110004,Ji-Paraná,01492,1101492,São Francisco do Guaporé,
11,Rondônia,1102,Ji-Paraná,110004,Ji-Paraná,00320,1100320,São Miguel do Guaporé,
11,Rondônia,1102,Ji-Paraná,110004,Ji-Paraná,01500,1101500,Seringueiras,
11,Rondônia,1102,Ji-Paraná,110004,Ji-Paraná,01559,1101559,Teixeirópolis,
11,Rondônia,1101,Porto Velho,110003,Jaru,01609,1101609,Theobroma,
11,Rondônia,1102,Ji-Paraná,110004,Ji-Paraná,01708,1101708,Urupá,
11,Rondônia,1101,Porto Velho,110003,Jaru,01757,1101757,Vale do Anari,
11,Rondônia,1102,Ji-Paraná,110004,Ji-Paraná,01807,1101807,Vale do Paraíso,
11,Rondônia,1102,Ji-Paraná,110006,Vilhena,00304,1100304,Vilhena,
12,Acre,1201,Rio Branco,120001,Rio Branco,00013,1200013,Acrelândia,
12,Acre,1201,Rio Branco,120002,Brasiléia,00054,1200054,Assis Brasil,
12,Acre,1201,Rio Branco,120002,Brasiléia,00104,1200104,Brasiléia,
12,Acre,1201,Rio Branco,120001,Rio Branco,00138,1200138,Bujari,
12,Acre,1201,Rio Branco,120001,Rio Branco,00179,1200179,Capixaba,
12,Acre,1202,Cruzeiro do Sul,120004,Cruzeiro do Sul,00203,1200203,Cruzeiro do Sul,
12,Acre,1201,Rio Branco,120002,Brasiléia,00252,1200252,Epitaciolândia,
12,Acre,1202,Cruzeiro do Sul,120005,Tarauacá,00302,1200302,Feijó,
12,Acre,1202,Cruzeiro do Sul,120005,Tarauacá,00328,1200328,Jordão,
12,Acre,1202,Cruzeiro do Sul,120004,Cruzeiro do Sul,00336,1200336,Mâncio Lima,
12,Acre,1201,Rio Branco,120003,Sena Madureira,00344,1200344,Manoel Urbano,
12,Acre,1202,Cruzeiro do Sul,120004,Cruzeiro do Sul,00351,1200351,Marechal Thaumaturgo,
12,Acre,1201,Rio Branco,120001,Rio Branco,00385,1200385,Plácido de Castro,
12,Acre,1201,Rio Branco,120001,Rio Branco,00807,1200807,Porto Acre,
12,Acre,1202,Cruzeiro do Sul,120004,Cruzeiro do Sul,00393,1200393,Porto Walter,
12,Acre,1201,Rio Branco,120001,Rio Branco,00401,1200401,Rio Branco,
12,Acre,1202,Cruzeiro do Sul,120004,Cruzeiro do Sul,00427,1200427,Rodrigues Alves,
12,Acre,1201,Rio Branco,120003,Sena Madureira,00435,1200435,Santa Rosa do Purus,
12,Acre,1201,Rio Branco,120003,Sena Madureira,00500,1200500,Sena Madureira,
12,Acre,1201,Rio Branco,120001,Rio Branco,00450,1200450,Senador Guiomard,
12,Acre,1202,Cruzeiro do Sul,120005,Tarauacá,00609,1200609,Tarauacá,
12,Acre,1201,Rio Branco,120002,Brasiléia,00708,1200708,Xapuri,
13,Amazonas,1302,Tefé,130005,Tefé,00029,1300029,Alvarães,
13,Amazonas,1302,Tefé,130006,Tabatinga,00060,1300060,Amaturá,
13,Amazonas,1301,Manaus,130004,Manacapuru,00086,1300086,Anamã,
13,Amazonas,1301,Manaus,130003,Coari,00102,1300102,Anori,
13,Amazonas,1303,Lábrea,130009,Manicoré,00144,1300144,Apuí,
13,Amazonas,1302,Tefé,130006,Tabatinga,00201,1300201,Atalaia do Norte,
13,Amazonas,1301,Manaus,130001,Manaus,00300,1300300,Autazes,
13,Amazonas,1301,Manaus,130002,São Gabriel da Cachoeira,00409,1300409,Barcelos,
13,Amazonas,1304,Parintins,130010,Parintins,00508,1300508,Barreirinha,
13,Amazonas,1302,Tefé,130006,Tabatinga,00607,1300607,Benjamin Constant,
13,Amazonas,1301,Manaus,130003,Coari,00631,1300631,Beruri,
13,Amazonas,1304,Parintins,130010,Parintins,00680,1300680,Boa Vista do Ramos,
13,Amazonas,1303,Lábrea,130008,Lábrea,00706,1300706,Boca do Acre,
13,Amazonas,1301,Manaus,130001,Manaus,00805,1300805,Borba,
13,Amazonas,1301,Manaus,130004,Manacapuru,00839,1300839,Caapiranga,
13,Amazonas,1303,Lábrea,130008,Lábrea,00904,1300904,Canutama,
13,Amazonas,1302,Tefé,130005,Tefé,01001,1301001,Carauari,
13,Amazonas,1301,Manaus,130001,Manaus,01100,1301100,Careiro,
13,Amazonas,1301,Manaus,130001,Manaus,01159,1301159,Careiro da Várzea,
13,Amazonas,1301,Manaus,130003,Coari,01209,1301209,Coari,
13,Amazonas,1301,Manaus,130003,Coari,01308,1301308,Codajás,
13,Amazonas,1302,Tefé,130007,Eirunepé,01407,1301407,Eirunepé,
13,Amazonas,1302,Tefé,130007,Eirunepé,01506,1301506,Envira,
13,Amazonas,1302,Tefé,130005,Tefé,01605,1301605,Fonte Boa,
13,Amazonas,1302,Tefé,130007,Eirunepé,01654,1301654,Guajará,
13,Amazonas,1303,Lábrea,130009,Manicoré,01704,1301704,Humaitá,
13,Amazonas,1302,Tefé,130007,Eirunepé,01803,1301803,Ipixuna,
13,Amazonas,1301,Manaus,130001,Manaus,01852,1301852,Iranduba,
13,Amazonas,1304,Parintins,130011,Itacoatiara,01902,1301902,Itacoatiara,
13,Amazonas,1302,Tefé,130007,Eirunepé,01951,1301951,Itamarati,
13,Amazonas,1304,Parintins,130011,Itacoatiara,02009,1302009,Itapiranga,
13,Amazonas,1302,Tefé,130005,Tefé,02108,1302108,Japurá,
13,Amazonas,1302,Tefé,130005,Tefé,02207,1302207,Juruá,
13,Amazonas,1302,Tefé,130005,Tefé,02306,1302306,Jutaí,
13,Amazonas,1303,Lábrea,130008,Lábrea,02405,1302405,Lábrea,
13,Amazonas,1301,Manaus,130004,Manacapuru,02504,1302504,Manacapuru,
13,Amazonas,1301,Manaus,130001,Manaus,02553,1302553,Manaquiri,
13,Amazonas,1301,Manaus,130001,Manaus,02603,1302603,Manaus,
13,Amazonas,1303,Lábrea,130009,Manicoré,02702,1302702,Manicoré,
13,Amazonas,1302,Tefé,130005,Tefé,02801,1302801,Maraã,
13,Amazonas,1304,Parintins,130010,Parintins,02900,1302900,Maués,
13,Amazonas,1304,Parintins,130010,Parintins,03007,1303007,Nhamundá,
13,Amazonas,1301,Manaus,130001,Manaus,03106,1303106,Nova Olinda do Norte,
13,Amazonas,1301,Manaus,130004,Manacapuru,03205,1303205,Novo Airão,
13,Amazonas,1303,Lábrea,130009,Manicoré,03304,1303304,Novo Aripuanã,
13,Amazonas,1304,Parintins,130010,Parintins,03403,1303403,Parintins,
13,Amazonas,1303,Lábrea,130008,Lábrea,03502,1303502,Pauini,
13,Amazonas,1301,Manaus,130001,Manaus,03536,1303536,Presidente Figueiredo,
13,Amazonas,1301,Manaus,130001,Manaus,03569,1303569,Rio Preto da Eva,
13,Amazonas,1301,Manaus,130002,São Gabriel da Cachoeira,03601,1303601,Santa Isabel do Rio Negro,
13,Amazonas,1302,Tefé,130006,Tabatinga,03700,1303700,Santo Antônio do Içá,
13,Amazonas,1301,Manaus,130002,São Gabriel da Cachoeira,03809,1303809,São Gabriel da Cachoeira,
13,Amazonas,1302,Tefé,130006,Tabatinga,03908,1303908,São Paulo de Olivença,
13,Amazonas,1304,Parintins,130011,Itacoatiara,03957,1303957,São Sebastião do Uatumã,
13,Amazonas,1304,Parintins,130011,Itacoatiara,04005,1304005,Silves,
13,Amazonas,1302,Tefé,130006,Tabatinga,04062,1304062,Tabatinga,
13,Amazonas,1303,Lábrea,130008,Lábrea,04104,1304104,Tapauá,
13,Amazonas,1302,Tefé,130005,Tefé,04203,1304203,Tefé,
13,Amazonas,1302,Tefé,130006,Tabatinga,04237,1304237,Tonantins,
13,Amazonas,1302,Tefé,130005,Tefé,04260,1304260,Uarini,
13,Amazonas,1304,Parintins,130011,Itacoatiara,04302,1304302,Urucará,
13,Amazonas,1304,Parintins,130011,Itacoatiara,04401,1304401,Urucurituba,
14,Roraima,1401,Boa Vista,140001,Boa Vista,00050,1400050,Alto Alegre,
14,Roraima,1401,Boa Vista,140002,Pacaraima,00027,1400027,Amajari,
14,Roraima,1401,Boa Vista,140001,Boa Vista,00100,1400100,Boa Vista,
14,Roraima,1401,Boa Vista,140001,Boa Vista,00159,1400159,Bonfim,
14,Roraima,1401,Boa Vista,140001,Boa Vista,00175,1400175,Cantá,
14,Roraima,1402,Rorainópolis - Caracaraí,140004,Caracaraí,00209,1400209,Caracaraí,
14,Roraima,1402,Rorainópolis - Caracaraí,140003,Rorainópolis,00233,1400233,Caroebe,
14,Roraima,1402,Rorainópolis - Caracaraí,140004,Caracaraí,00282,1400282,Iracema,
14,Roraima,1401,Boa Vista,140001,Boa Vista,00308,1400308,Mucajaí,
14,Roraima,1401,Boa Vista,140002,Pacaraima,00407,1400407,Normandia,
14,Roraima,1401,Boa Vista,140002,Pacaraima,00456,1400456,Pacaraima,
14,Roraima,1402,Rorainópolis - Caracaraí,140003,Rorainópolis,00472,1400472,Rorainópolis,
14,Roraima,1402,Rorainópolis - Caracaraí,140003,Rorainópolis,00506,1400506,São João da Baliza,
14,Roraima,1402,Rorainópolis - Caracaraí,140003,Rorainópolis,00605,1400605,São Luiz,
14,Roraima,1401,Boa Vista,140002,Pacaraima,00704,1400704,Uiramutã,
15,Pará,1501,Belém,150003,Abaetetuba,00107,1500107,Abaetetuba,
15,Pará,1503,Marabá,150009,Marabá,00131,1500131,Abel Figueiredo,
15,Pará,1501,Belém,150001,Belém,00206,1500206,Acará,
15,Pará,1507,Breves,150020,Breves,00305,1500305,Afuá,
15,Pará,1504,Redenção,150014,Xinguara,00347,1500347,Água Azul do Norte,
15,Pará,1505,Santarém,150015,Santarém,00404,1500404,Alenquer,
15,Pará,1506,Altamira,150019,Almeirim - Porto de Moz,00503,1500503,Almeirim,
15,Pará,1506,Altamira,150018,Altamira,00602,1500602,Altamira,
15,Pará,1507,Breves,150020,Breves,00701,1500701,Anajás,
15,Pará,1501,Belém,150001,Belém,00800,1500800,Ananindeua,
15,Pará,1506,Altamira,150018,Altamira,00859,1500859,Anapu,
15,Pará,1502,Castanhal,150005,Bragança,00909,1500909,Augusto Corrêa,
15,Pará,1502,Castanhal,150007,Paragominas,00958,1500958,Aurora do Pará,
15,Pará,1505,Santarém,150016,Itaituba,01006,1501006,Aveiro,
15,Pará,1507,Breves,150020,Breves,01105,1501105,Bagre,
15,Pará,1503,Marabá,150011,Tucuruí,01204,1501204,Baião,
15,Pará,1504,Redenção,150012,Redenção,01253,1501253,Bannach,
15,Pará,1501,Belém,150001,Belém,01303,1501303,Barcarena,
15,Pará,1501,Belém,150001,Belém,01402,1501402,Belém,
15,Pará,1505,Santarém,150015,Santarém,01451,1501451,Belterra,
15,Pará,1501,Belém,150001,Belém,01501,1501501,Benevides,
15,Pará,1503,Marabá,150009,Marabá,01576,1501576,Bom Jesus do Tocantins,
15,Pará,1502,Castanhal,150006,Capanema,01600,1501600,Bonito,
15,Pará,1502,Castanhal,150005,Bragança,01709,1501709,Bragança,
15,Pará,1506,Altamira,150018,Altamira,01725,1501725,Brasil Novo,
15,Pará,1503,Marabá,150009,Marabá,01758,1501758,Brejo Grande do Araguaia,
15,Pará,1503,Marabá,150011,Tucuruí,01782,1501782,Breu Branco,
15,Pará,1507,Breves,150020,Breves,01808,1501808,Breves,
15,Pará,1501,Belém,150001,Belém,01907,1501907,Bujaru,
15,Pará,1507,Breves,150021,Soure-Salvaterra,02004,1502004,Cachoeira do Arari,
15,Pará,1502,Castanhal,150005,Bragança,01956,1501956,Cachoeira do Piriá,
15,Pará,1501,Belém,150002,Cametá,02103,1502103,Cametá,
15,Pará,1503,Marabá,150010,Parauapebas,02152,1502152,Canaã dos Carajás,
15,Pará,1502,Castanhal,150006,Capanema,02202,1502202,Capanema,
15,Pará,1502,Castanhal,150008,Capitão Poço,02301,1502301,Capitão Poço,
15,Pará,1502,Castanhal,150004,Castanhal,02400,1502400,Castanhal,
15,Pará,1507,Breves,150020,Breves,02509,1502509,Chaves,
15,Pará,1501,Belém,150001,Belém,02608,1502608,Colares,
15,Pará,1504,Redenção,150012,Redenção,02707,1502707,Conceição do Araguaia,
15,Pará,1501,Belém,150001,Belém,02756,1502756,Concórdia do Pará,
15,Pará,1504,Redenção,150012,Redenção,02764,1502764,Cumaru do Norte,
15,Pará,1503,Marabá,150010,Parauapebas,02772,1502772,Curionópolis,
15,Pará,1507,Breves,150020,Breves,02806,1502806,Curralinho,
15,Pará,1505,Santarém,150017,Oriximiná,02855,1502855,Curuá,
15,Pará,1502,Castanhal,150004,Castanhal,02905,1502905,Curuçá,
15,Pará,1502,Castanhal,150007,Paragominas,02939,1502939,Dom Eliseu,
15,Pará,1503,Marabá,150010,Parauapebas,02954,1502954,Eldorado do Carajás,
15,Pará,1505,Santarém,150017,Oriximiná,03002,1503002,Faro,
15,Pará,1504,Redenção,150012,Redenção,03044,1503044,Floresta do Araguaia,
15,Pará,1502,Castanhal,150008,Capitão Poço,03077,1503077,Garrafão do Norte,
15,Pará,1503,Marabá,150011,Tucuruí,03093,1503093,Goianésia do Pará,
15,Pará,1507,Breves,150020,Breves,03101,1503101,Gurupá,
15,Pará,1502,Castanhal,150004,Castanhal,03200,1503200,Igarapé-Açu,
15,Pará,1501,Belém,150003,Abaetetuba,03309,1503309,Igarapé-Miri,
15,Pará,1502,Castanhal,150004,Castanhal,03408,1503408,Inhangapi,
15,Pará,1502,Castanhal,150007,Paragominas,03457,1503457,Ipixuna do Pará,
15,Pará,1502,Castanhal,150004,Castanhal,03507,1503507,Irituia,
15,Pará,1505,Santarém,150016,Itaituba,03606,1503606,Itaituba,
15,Pará,1503,Marabá,150009,Marabá,03705,1503705,Itupiranga,
15,Pará,1505,Santarém,150016,Itaituba,03754,1503754,Jacareacanga,
15,Pará,1503,Marabá,150009,Marabá,03804,1503804,Jacundá,
15,Pará,1505,Santarém,150017,Oriximiná,03903,1503903,Juruti,
15,Pará,1501,Belém,150002,Cametá,04000,1504000,Limoeiro do Ajuru,
15,Pará,1502,Castanhal,150007,Paragominas,04059,1504059,Mãe do Rio,
15,Pará,1502,Castanhal,150004,Castanhal,04109,1504109,Magalhães Barata,
15,Pará,1503,Marabá,150009,Marabá,04208,1504208,Marabá,
15,Pará,1502,Castanhal,150004,Castanhal,04307,1504307,Maracanã,
15,Pará,1502,Castanhal,150004,Castanhal,04406,1504406,Marapanim,
15,Pará,1501,Belém,150001,Belém,04422,1504422,Marituba,
15,Pará,1506,Altamira,150018,Altamira,04455,1504455,Medicilândia,
15,Pará,1507,Breves,150020,Breves,04505,1504505,Melgaço,
15,Pará,1501,Belém,150002,Cametá,04604,1504604,Mocajuba,
15,Pará,1501,Belém,150003,Abaetetuba,04703,1504703,Moju,
15,Pará,1505,Santarém,150015,Santarém,04752,1504752,Mojuí dos Campos,
15,Pará,1505,Santarém,150015,Santarém,04802,1504802,Monte Alegre,
15,Pará,1507,Breves,150021,Soure-Salvaterra,04901,1504901,Muaná,
15,Pará,1502,Castanhal,150008,Capitão Poço,04950,1504950,Nova Esperança do Piriá,
15,Pará,1503,Marabá,150009,Marabá,04976,1504976,Nova Ipixuna,
15,Pará,1502,Castanhal,150006,Capanema,05007,1505007,Nova Timboteua,
15,Pará,1505,Santarém,150016,Itaituba,05031,1505031,Novo Progresso,
15,Pará,1503,Marabá,150011,Tucuruí,05064,1505064,Novo Repartimento,
15,Pará,1505,Santarém,150017,Oriximiná,05106,1505106,Óbidos,
15,Pará,1501,Belém,150002,Cametá,05205,1505205,Oeiras do Pará,
15,Pará,1505,Santarém,150017,Oriximiná,05304,1505304,Oriximiná,
15,Pará,1502,Castanhal,150008,Capitão Poço,05403,1505403,Ourém,
15,Pará,1504,Redenção,150013,Tucumã - São Félix do Xingu,05437,1505437,Ourilândia do Norte,
15,Pará,1503,Marabá,150011,Tucuruí,05486,1505486,Pacajá,
15,Pará,1503,Marabá,150009,Marabá,05494,1505494,Palestina do Pará,
15,Pará,1502,Castanhal,150007,Paragominas,05502,1505502,Paragominas,
15,Pará,1503,Marabá,150010,Parauapebas,05536,1505536,Parauapebas,
15,Pará,1504,Redenção,150012,Redenção,05551,1505551,Pau D'Arco,
15,Pará,1502,Castanhal,150006,Capanema,05601,1505601,Peixe-Boi,
15,Pará,1503,Marabá,150009,Marabá,05635,1505635,Piçarra,
15,Pará,1505,Santarém,150016,Itaituba,05650,1505650,Placas,
15,Pará,1507,Breves,150021,Soure-Salvaterra,05700,1505700,Ponta de Pedras,
15,Pará,1507,Breves,150020,Breves,05809,1505809,Portel,
15,Pará,1506,Altamira,150019,Almeirim - Porto de Moz,05908,1505908,Porto de Moz,
15,Pará,1505,Santarém,150015,Santarém,06005,1506005,Prainha,
15,Pará,1502,Castanhal,150006,Capanema,06104,1506104,Primavera,
15,Pará,1502,Castanhal,150006,Capanema,06112,1506112,Quatipuru,
15,Pará,1504,Redenção,150012,Redenção,06138,1506138,Redenção,
15,Pará,1504,Redenção,150014,Xinguara,06161,1506161,Rio Maria,
15,Pará,1503,Marabá,150009,Marabá,06187,1506187,Rondon do Pará,
15,Pará,1505,Santarém,150016,Itaituba,06195,1506195,Rurópolis,
15,Pará,1502,Castanhal,150006,Capanema,06203,1506203,Salinópolis,
15,Pará,1507,Breves,150021,Soure-Salvaterra,06302,1506302,Salvaterra,
15,Pará,1501,Belém,150001,Belém,06351,1506351,Santa Bárbara do Pará,
15,Pará,1507,Breves,150021,Soure-Salvaterra,06401,1506401,Santa Cruz do Arari,
15,Pará,1501,Belém,150001,Belém,06500,1506500,Santa Izabel do Pará,
15,Pará,1502,Castanhal,150005,Bragança,06559,1506559,Santa Luzia do Pará,
15,Pará,1504,Redenção,150012,Redenção,06583,1506583,Santa Maria das Barreiras,
15,Pará,1502,Castanhal,150004,Castanhal,06609,1506609,Santa Maria do Pará,
15,Pará,1504,Redenção,150012,Redenção,06708,1506708,Santana do Araguaia,
15,Pará,1505,Santarém,150015,Santarém,06807,1506807,Santarém,
15,Pará,1502,Castanhal,150006,Capanema,06906,1506906,Santarém Novo,
15,Pará,1501,Belém,150001,Belém,07003,1507003,Santo Antônio do Tauá,
15,Pará,1501,Belém,150001,Belém,07102,1507102,São Caetano de Odivelas,
15,Pará,1503,Marabá,150009,Marabá,07151,1507151,São Domingos do Araguaia,
15,Pará,1502,Castanhal,150004,Castanhal,07201,1507201,São Domingos do Capim,
15,Pará,1504,Redenção,150013,Tucumã - São Félix do Xingu,07300,1507300,São Félix do Xingu,
15,Pará,1502,Castanhal,150004,Castanhal,07409,1507409,São Francisco do Pará,
15,Pará,1503,Marabá,150009,Marabá,07458,1507458,São Geraldo do Araguaia,
15,Pará,1502,Castanhal,150004,Castanhal,07466,1507466,São João da Ponta,
15,Pará,1502,Castanhal,150006,Capanema,07474,1507474,São João de Pirabas,
15,Pará,1503,Marabá,150009,Marabá,07508,1507508,São João do Araguaia,
15,Pará,1502,Castanhal,150004,Castanhal,07607,1507607,São Miguel do Guamá,
15,Pará,1507,Breves,150020,Breves,07706,1507706,São Sebastião da Boa Vista,
15,Pará,1504,Redenção,150014,Xinguara,07755,1507755,Sapucaia,
15,Pará,1506,Altamira,150018,Altamira,07805,1507805,Senador José Porfírio,
15,Pará,1507,Breves,150021,Soure-Salvaterra,07904,1507904,Soure,
15,Pará,1501,Belém,150003,Abaetetuba,07953,1507953,Tailândia,
15,Pará,1502,Castanhal,150004,Castanhal,07961,1507961,Terra Alta,
15,Pará,1505,Santarém,150017,Oriximiná,07979,1507979,Terra Santa,
15,Pará,1501,Belém,150001,Belém,08001,1508001,Tomé-Açu,
15,Pará,1502,Castanhal,150005,Bragança,08035,1508035,Tracuateua,
15,Pará,1505,Santarém,150016,Itaituba,08050,1508050,Trairão,
15,Pará,1504,Redenção,150013,Tucumã - São Félix do Xingu,08084,1508084,Tucumã,
15,Pará,1503,Marabá,150011,Tucuruí,08100,1508100,Tucuruí,
15,Pará,1502,Castanhal,150007,Paragominas,08126,1508126,Ulianópolis,
15,Pará,1506,Altamira,150018,Altamira,08159,1508159,Uruará,
15,Pará,1501,Belém,150001,Belém,08209,1508209,Vigia,
15,Pará,1502,Castanhal,150005,Bragança,08308,1508308,Viseu,
15,Pará,1506,Altamira,150018,Altamira,08357,1508357,Vitória do Xingu,
15,Pará,1504,Redenção,150014,Xinguara,08407,1508407,Xinguara,
16,Amapá,1602,Oiapoque - Porto Grande,160003,Oiapoque,00105,1600105,Amapá,
16,Amapá,1602,Oiapoque - Porto Grande,160003,Oiapoque,00204,1600204,Calçoene,
16,Amapá,1602,Oiapoque - Porto Grande,160003,Oiapoque,00212,1600212,Cutias,
16,Amapá,1602,Oiapoque - Porto Grande,160004,Porto Grande,00238,1600238,Ferreira Gomes,
16,Amapá,1601,Macapá,160001,Macapá,00253,1600253,Itaubal,
16,Amapá,1601,Macapá,160002,Laranjal do Jari,00279,1600279,Laranjal do Jari,
16,Amapá,1601,Macapá,160001,Macapá,00303,1600303,Macapá,
16,Amapá,1601,Macapá,160001,Macapá,00402,1600402,Mazagão,
16,Amapá,1602,Oiapoque - Porto Grande,160003,Oiapoque,00501,1600501,Oiapoque,
16,Amapá,1602,Oiapoque - Porto Grande,160004,Porto Grande,00154,1600154,Pedra Branca do Amapari,
16,Amapá,1602,Oiapoque - Porto Grande,160004,Porto Grande,00535,1600535,Porto Grande,
16,Amapá,1602,Oiapoque - Porto Grande,160003,Oiapoque,00550,1600550,Pracuúba,
16,Amapá,1601,Macapá,160001,Macapá,00600,1600600,Santana,
16,Amapá,1602,Oiapoque - Porto Grande,160004,Porto Grande,00055,1600055,Serra do Navio,
16,Amapá,1602,Oiapoque - Porto Grande,160003,Oiapoque,00709,1600709,Tartarugalzinho,
16,Amapá,1601,Macapá,160002,Laranjal do Jari,00808,1600808,Vitória do Jari,
17,Tocantins,1701,Palmas,170003,Paraíso do Tocantins,00251,1700251,Abreulândia,
17,Tocantins,1702,Araguaína,170008,Tocantinópolis,00301,1700301,Aguiarnópolis,
17,Tocantins,1703,Gurupi,170010,Gurupi,00350,1700350,Aliança do Tocantins,
17,Tocantins,1703,Gurupi,170011,Dianópolis,00400,1700400,Almas,
17,Tocantins,1703,Gurupi,170010,Gurupi,00707,1700707,Alvorada,
17,Tocantins,1702,Araguaína,170005,Araguaína,01002,1701002,Ananás,
17,Tocantins,1702,Araguaína,170005,Araguaína,01051,1701051,Angico,
17,Tocantins,1701,Palmas,170001,Palmas,01101,1701101,Aparecida do Rio Negro,
17,Tocantins,1702,Araguaína,170005,Araguaína,01309,1701309,Aragominas,
17,Tocantins,1701,Palmas,170003,Paraíso do Tocantins,01903,1701903,Araguacema,
17,Tocantins,1703,Gurupi,170010,Gurupi,02000,1702000,Araguaçu,
17,Tocantins,1702,Araguaína,170005,Araguaína,02109,1702109,Araguaína,
17,Tocantins,1702,Araguaína,170005,Araguaína,02158,1702158,Araguanã,
17,Tocantins,1702,Araguaína,170009,Araguatins,02208,1702208,Araguatins,
17,Tocantins,1702,Araguaína,170005,Araguaína,02307,1702307,Arapoema,
17,Tocantins,1703,Gurupi,170011,Dianópolis,02406,1702406,Arraias,
17,Tocantins,1702,Araguaína,170009,Araguatins,02554,1702554,Augustinópolis,
17,Tocantins,1703,Gurupi,170011,Dianópolis,02703,1702703,Aurora do Tocantins,
17,Tocantins,1702,Araguaína,170009,Araguatins,02901,1702901,Axixá do Tocantins,
17,Tocantins,1702,Araguaína,170005,Araguaína,03008,1703008,Babaçulândia,
17,Tocantins,1702,Araguaína,170007,Colinas do Tocantins,03057,1703057,Bandeirantes do Tocantins,
17,Tocantins,1702,Araguaína,170005,Araguaína,03073,1703073,Barra do Ouro,
17,Tocantins,1701,Palmas,170003,Paraíso do Tocantins,03107,1703107,Barrolândia,
17,Tocantins,1702,Araguaína,170007,Colinas do Tocantins,03206,1703206,Bernardo Sayão,
17,Tocantins,1702,Araguaína,170006,Guaraí,03305,1703305,Bom Jesus do Tocantins,
17,Tocantins,1702,Araguaína,170007,Colinas do Tocantins,03602,1703602,Brasilândia do Tocantins,
17,Tocantins,1701,Palmas,170002,Porto Nacional,03701,1703701,Brejinho de Nazaré,
17,Tocantins,1702,Araguaína,170009,Araguatins,03800,1703800,Buriti do Tocantins,
17,Tocantins,1702,Araguaína,170008,Tocantinópolis,03826,1703826,Cachoeirinha,
17,Tocantins,1702,Araguaína,170005,Araguaína,03842,1703842,Campos Lindos,
17,Tocantins,1703,Gurupi,170010,Gurupi,03867,1703867,Cariri do Tocantins,
17,Tocantins,1702,Araguaína,170005,Araguaína,03883,1703883,Carmolândia,
17,Tocantins,1702,Araguaína,170009,Araguatins,03891,1703891,Carrasco Bonito,
17,Tocantins,1701,Palmas,170003,Paraíso do Tocantins,03909,1703909,Caseara,
17,Tocantins,1702,Araguaína,170006,Guaraí,04105,1704105,Centenário,
17,Tocantins,1701,Palmas,170002,Porto Nacional,05102,1705102,Chapada da Natividade,
17,Tocantins,1701,Palmas,170003,Paraíso do Tocantins,04600,1704600,Chapada de Areia,
17,Tocantins,1702,Araguaína,170007,Colinas do Tocantins,05508,1705508,Colinas do Tocantins,
17,Tocantins,1702,Araguaína,170006,Guaraí,16703,1716703,Colméia,
17,Tocantins,1703,Gurupi,170011,Dianópolis,05557,1705557,Combinado,
17,Tocantins,1703,Gurupi,170011,Dianópolis,05607,1705607,Conceição do Tocantins,
17,Tocantins,1702,Araguaína,170006,Guaraí,06001,1706001,Couto Magalhães,
17,Tocantins,1701,Palmas,170003,Paraíso do Tocantins,06100,1706100,Cristalândia,
17,Tocantins,1703,Gurupi,170010,Gurupi,06258,1706258,Crixás do Tocantins,
17,Tocantins,1702,Araguaína,170005,Araguaína,06506,1706506,Darcinópolis,
17,Tocantins,1703,Gurupi,170011,Dianópolis,07009,1707009,Dianópolis,
17,Tocantins,1701,Palmas,170003,Paraíso do Tocantins,07108,1707108,Divinópolis do Tocantins,
17,Tocantins,1701,Palmas,170004,Miracema do Tocantins,07207,1707207,Dois Irmãos do Tocantins,
17,Tocantins,1703,Gurupi,170010,Gurupi,07306,1707306,Dueré,
17,Tocantins,1702,Araguaína,170009,Araguatins,07405,1707405,Esperantina,
17,Tocantins,1701,Palmas,170002,Porto Nacional,07553,1707553,Fátima,
17,Tocantins,1703,Gurupi,170010,Gurupi,07652,1707652,Figueirópolis,
17,Tocantins,1702,Araguaína,170005,Araguaína,07702,1707702,Filadélfia,
17,Tocantins,1703,Gurupi,170010,Gurupi,08205,1708205,Formoso do Araguaia,
17,Tocantins,1702,Araguaína,170006,Guaraí,08304,1708304,Goianorte,
17,Tocantins,1702,Araguaína,170005,Araguaína,09005,1709005,Goiatins,
17,Tocantins,1702,Araguaína,170006,Guaraí,09302,1709302,Guaraí,
17,Tocantins,1703,Gurupi,170010,Gurupi,09500,1709500,Gurupi,
17,Tocantins,1701,Palmas,170002,Porto Nacional,09807,1709807,Ipueiras,
17,Tocantins,1702,Araguaína,170007,Colinas do Tocantins,10508,1710508,Itacajá,
17,Tocantins,1702,Araguaína,170009,Araguatins,10706,1710706,Itaguatins,
17,Tocantins,1702,Araguaína,170007,Colinas do Tocantins,10904,1710904,Itapiratins,
17,Tocantins,1702,Araguaína,170006,Guaraí,11100,1711100,Itaporã do Tocantins,
17,Tocantins,1703,Gurupi,170010,Gurupi,11506,1711506,Jaú do Tocantins,
17,Tocantins,1702,Araguaína,170007,Colinas do Tocantins,11803,1711803,Juarina,
17,Tocantins,1701,Palmas,170003,Paraíso do Tocantins,11902,1711902,Lagoa da Confusão,
17,Tocantins,1701,Palmas,170001,Palmas,11951,1711951,Lagoa do Tocantins,
17,Tocantins,1701,Palmas,170001,Palmas,12009,1712009,Lajeado,
17,Tocantins,1703,Gurupi,170011,Dianópolis,12157,1712157,Lavandeira,
17,Tocantins,1701,Palmas,170001,Palmas,12405,1712405,Lizarda,
17,Tocantins,1702,Araguaína,170008,Tocantinópolis,12454,1712454,Luzinópolis,
17,Tocantins,1701,Palmas,170003,Paraíso do Tocantins,12504,1712504,Marianópolis do Tocantins,
17,Tocantins,1701,Palmas,170001,Palmas,12702,1712702,Mateiros,
17,Tocantins,1702,Araguaína,170008,Tocantinópolis,12801,1712801,Maurilândia do Tocantins,
17,Tocantins,1701,Palmas,170004,Miracema do Tocantins,13205,1713205,Miracema do Tocantins,
17,Tocantins,1701,Palmas,170004,Miracema do Tocantins,13304,1713304,Miranorte,
17,Tocantins,1701,Palmas,170002,Porto Nacional,13601,1713601,Monte do Carmo,
17,Tocantins,1701,Palmas,170003,Paraíso do Tocantins,13700,1713700,Monte Santo do Tocantins,
17,Tocantins,1702,Araguaína,170005,Araguaína,13957,1713957,Muricilândia,
17,Tocantins,1701,Palmas,170002,Porto Nacional,14203,1714203,Natividade,
17,Tocantins,1702,Araguaína,170008,Tocantinópolis,14302,1714302,Nazaré,
17,Tocantins,1702,Araguaína,170005,Araguaína,14880,1714880,Nova Olinda,
17,Tocantins,1701,Palmas,170003,Paraíso do Tocantins,15002,1715002,Nova Rosalândia,
17,Tocantins,1701,Palmas,170001,Palmas,15101,1715101,Novo Acordo,
17,Tocantins,1703,Gurupi,170011,Dianópolis,15150,1715150,Novo Alegre,
17,Tocantins,1703,Gurupi,170011,Dianópolis,15259,1715259,Novo Jardim,
17,Tocantins,1701,Palmas,170002,Porto Nacional,15507,1715507,Oliveira de Fátima,
17,Tocantins,1701,Palmas,170001,Palmas,21000,1721000,Palmas,
17,Tocantins,1702,Araguaína,170007,Colinas do Tocantins,15705,1715705,Palmeirante,
17,Tocantins,1702,Araguaína,170008,Tocantinópolis,13809,1713809,Palmeiras do Tocantins,
17,Tocantins,1703,Gurupi,170010,Gurupi,15754,1715754,Palmeirópolis,
17,Tocantins,1701,Palmas,170003,Paraíso do Tocantins,16109,1716109,Paraíso do Tocantins,
17,Tocantins,1703,Gurupi,170010,Gurupi,16208,1716208,Paranã,
17,Tocantins,1702,Araguaína,170005,Araguaína,16307,1716307,Pau D'Arco,
17,Tocantins,1702,Araguaína,170006,Guaraí,16505,1716505,Pedro Afonso,
17,Tocantins,1703,Gurupi,170010,Gurupi,16604,1716604,Peixe,
17,Tocantins,1702,Araguaína,170006,Guaraí,16653,1716653,Pequizeiro,
17,Tocantins,1701,Palmas,170002,Porto Nacional,17008,1717008,Pindorama do Tocantins,
17,Tocantins,1702,Araguaína,170005,Araguaína,17206,1717206,Piraquê,
17,Tocantins,1701,Palmas,170003,Paraíso do Tocantins,17503,1717503,Pium,
17,Tocantins,1703,Gurupi,170011,Dianópolis,17800,1717800,Ponte Alta do Bom Jesus,
17,Tocantins,1701,Palmas,170002,Porto Nacional,17909,1717909,Ponte Alta do Tocantins,
17,Tocantins,1703,Gurupi,170011,Dianópolis,18006,1718006,Porto Alegre do Tocantins,
17,Tocantins,1701,Palmas,170002,Porto Nacional,18204,1718204,Porto Nacional,
17,Tocantins,1702,Araguaína,170009,Araguatins,18303,1718303,Praia Norte,
17,Tocantins,1702,Araguaína,170006,Guaraí,18402,1718402,Presidente Kennedy,
17,Tocantins,1701,Palmas,170003,Paraíso do Tocantins,18451,1718451,Pugmil,
17,Tocantins,1702,Araguaína,170006,Guaraí,18501,1718501,Recursolândia,
17,Tocantins,1702,Araguaína,170005,Araguaína,18550,1718550,Riachinho,
17,Tocantins,1703,Gurupi,170011,Dianópolis,18659,1718659,Rio da Conceição,
17,Tocantins,1701,Palmas,170004,Miracema do Tocantins,18709,1718709,Rio dos Bois,
17,Tocantins,1701,Palmas,170001,Palmas,18758,1718758,Rio Sono,
17,Tocantins,1702,Araguaína,170009,Araguatins,18808,1718808,Sampaio,
17,Tocantins,1703,Gurupi,170010,Gurupi,18840,1718840,Sandolândia,
17,Tocantins,1702,Araguaína,170005,Araguaína,18865,1718865,Santa Fé do Araguaia,
17,Tocantins,1702,Araguaína,170006,Guaraí,18881,1718881,Santa Maria do Tocantins,
17,Tocantins,1701,Palmas,170002,Porto Nacional,18899,1718899,Santa Rita do Tocantins,
17,Tocantins,1701,Palmas,170002,Porto Nacional,18907,1718907,Santa Rosa do Tocantins,
17,Tocantins,1701,Palmas,170001,Palmas,19004,1719004,Santa Tereza do Tocantins,
17,Tocantins,1702,Araguaína,170008,Tocantinópolis,20002,1720002,Santa Terezinha do Tocantins,
17,Tocantins,1702,Araguaína,170009,Araguatins,20101,1720101,São Bento do Tocantins,
17,Tocantins,1701,Palmas,170001,Palmas,20150,1720150,São Félix do Tocantins,
17,Tocantins,1702,Araguaína,170009,Araguatins,20200,1720200,São Miguel do Tocantins,
17,Tocantins,1703,Gurupi,170010,Gurupi,20259,1720259,São Salvador do Tocantins,
17,Tocantins,1702,Araguaína,170009,Araguatins,20309,1720309,São Sebastião do Tocantins,
17,Tocantins,1703,Gurupi,170010,Gurupi,20499,1720499,São Valério,
17,Tocantins,1701,Palmas,170002,Porto Nacional,20655,1720655,Silvanópolis,
17,Tocantins,1702,Araguaína,170009,Araguatins,20804,1720804,Sítio Novo do Tocantins,
17,Tocantins,1703,Gurupi,170010,Gurupi,20853,1720853,Sucupira,
17,Tocantins,1702,Araguaína,170006,Guaraí,08254,1708254,Tabocão,
17,Tocantins,1703,Gurupi,170011,Dianópolis,20903,1720903,Taguatinga,
17,Tocantins,1703,Gurupi,170011,Dianópolis,20937,1720937,Taipas do Tocantins,
17,Tocantins,1703,Gurupi,170010,Gurupi,20978,1720978,Talismã,
17,Tocantins,1701,Palmas,170004,Miracema do Tocantins,21109,1721109,Tocantínia,
17,Tocantins,1702,Araguaína,170008,Tocantinópolis,21208,1721208,Tocantinópolis,
17,Tocantins,1702,Araguaína,170006,Guaraí,21257,1721257,Tupirama,
17,Tocantins,1702,Araguaína,170007,Colinas do Tocantins,21307,1721307,Tupiratins,
17,Tocantins,1702,Araguaína,170005,Araguaína,22081,1722081,Wanderlândia,
17,Tocantins,1702,Araguaína,170005,Araguaína,22107,1722107,Xambioá,
21,Maranhão,2105,Imperatriz,210021,Açailândia,00055,2100055,Açailândia,
21,Maranhão,2103,Caxias,210013,Caxias,00105,2100105,Afonso Cunha,
21,Maranhão,2101,São Luís,210007,Tutóia - Araioses,00154,2100154,Água Doce do Maranhão,
21,Maranhão,2101,São Luís,210001,São Luís,00204,2100204,Alcântara,
21,Maranhão,2103,Caxias,210013,Caxias,00303,2100303,Aldeias Altas,
21,Maranhão,2102,Santa Inês - Bacabal,210010,Bacabal,00402,2100402,Altamira do Maranhão,
21,Maranhão,2102,Santa Inês - Bacabal,210010,Bacabal,00436,2100436,Alto Alegre do Maranhão,
21,Maranhão,2102,Santa Inês - Bacabal,210009,Santa Inês,00477,2100477,Alto Alegre do Pindaré,
21,Maranhão,2105,Imperatriz,210022,Balsas,00501,2100501,Alto Parnaíba,
21,Maranhão,2102,Santa Inês - Bacabal,210011,Governador Nunes Freire,00550,2100550,Amapá do Maranhão,
21,Maranhão,2105,Imperatriz,210019,Imperatriz,00600,2100600,Amarante do Maranhão,
21,Maranhão,2101,São Luís,210004,Itapecuru Mirim,00709,2100709,Anajatuba,
21,Maranhão,2101,São Luís,210003,Chapadinha,00808,2100808,Anapurus,
21,Maranhão,2101,São Luís,210008,Cururupu,00832,2100832,Apicum-Açu,
21,Maranhão,2102,Santa Inês - Bacabal,210009,Santa Inês,00873,2100873,Araguanã,
21,Maranhão,2101,São Luís,210007,Tutóia - Araioses,00907,2100907,Araioses,
21,Maranhão,2105,Imperatriz,210020,Barra do Corda,00956,2100956,Arame,
21,Maranhão,2101,São Luís,210005,Viana,01004,2101004,Arari,
21,Maranhão,2101,São Luís,210001,São Luís,01103,2101103,Axixá,
21,Maranhão,2102,Santa Inês - Bacabal,210010,Bacabal,01202,2101202,Bacabal,
21,Maranhão,2101,São Luís,210001,São Luís,01251,2101251,Bacabeira,
21,Maranhão,2101,São Luís,210008,Cururupu,01301,2101301,Bacuri,
21,Maranhão,2101,São Luís,210002,Pinheiro,01350,2101350,Bacurituba,
21,Maranhão,2105,Imperatriz,210022,Balsas,01400,2101400,Balsas,
21,Maranhão,2104,Presidente Dutra,210017,São João dos Patos,01509,2101509,Barão de Grajaú,
21,Maranhão,2105,Imperatriz,210020,Barra do Corda,01608,2101608,Barra do Corda,
21,Maranhão,2101,São Luís,210006,Barreirinhas,01707,2101707,Barreirinhas,
21,Maranhão,2102,Santa Inês - Bacabal,210009,Santa Inês,01772,2101772,Bela Vista do Maranhão,
21,Maranhão,2101,São Luís,210003,Chapadinha,01731,2101731,Belágua,
21,Maranhão,2104,Presidente Dutra,210017,São João dos Patos,01806,2101806,Benedito Leite,
21,Maranhão,2101,São Luís,210002,Pinheiro,01905,2101905,Bequimão,
21,Maranhão,2102,Santa Inês - Bacabal,210012,Pedreiras,01939,2101939,Bernardo do Mearim,
21,Maranhão,2102,Santa Inês - Bacabal,210011,Governador Nunes Freire,01970,2101970,Boa Vista do Gurupi,
21,Maranhão,2102,Santa Inês - Bacabal,210009,Santa Inês,02002,2102002,Bom Jardim,
21,Maranhão,2105,Imperatriz,210021,Açailândia,02036,2102036,Bom Jesus das Selvas,
21,Maranhão,2102,Santa Inês - Bacabal,210010,Bacabal,02077,2102077,Bom Lugar,
21,Maranhão,2101,São Luís,210003,Chapadinha,02101,2102101,Brejo,
21,Maranhão,2102,Santa Inês - Bacabal,210010,Bacabal,02150,2102150,Brejo de Areia,
21,Maranhão,2101,São Luís,210003,Chapadinha,02200,2102200,Buriti,
21,Maranhão,2103,Caxias,210014,Timon,02309,2102309,Buriti Bravo,
21,Maranhão,2105,Imperatriz,210021,Açailândia,02325,2102325,Buriticupu,
21,Maranhão,2105,Imperatriz,210019,Imperatriz,02358,2102358,Buritirana,
21,Maranhão,2101,São Luís,210001,São Luís,02374,2102374,Cachoeira Grande,
21,Maranhão,2101,São Luís,210005,Viana,02408,2102408,Cajapió,
21,Maranhão,2101,São Luís,210005,Viana,02507,2102507,Cajari,
21,Maranhão,2105,Imperatriz,210019,Imperatriz,02556,2102556,Campestre do Maranhão,
21,Maranhão,2102,Santa Inês - Bacabal,210011,Governador Nunes Freire,02606,2102606,Cândido Mendes,
21,Maranhão,2101,São Luís,210004,Itapecuru Mirim,02705,2102705,Cantanhede,
21,Maranhão,2102,Santa Inês - Bacabal,210012,Pedreiras,02754,2102754,Capinzal do Norte,
21,Maranhão,2105,Imperatriz,210022,Balsas,02804,2102804,Carolina,
21,Maranhão,2102,Santa Inês - Bacabal,210011,Governador Nunes Freire,02903,2102903,Carutapera,
21,Maranhão,2103,Caxias,210013,Caxias,03000,2103000,Caxias,
21,Maranhão,2101,São Luís,210008,Cururupu,03109,2103109,Cedral,
21,Maranhão,2101,São Luís,210008,Cururupu,03125,2103125,Central do Maranhão,
21,Maranhão,2102,Santa Inês - Bacabal,210011,Governador Nunes Freire,03158,2103158,Centro do Guilherme,
21,Maranhão,2102,Santa Inês - Bacabal,210011,Governador Nunes Freire,03174,2103174,Centro Novo do Maranhão,
21,Maranhão,2101,São Luís,210003,Chapadinha,03208,2103208,Chapadinha,
21,Maranhão,2105,Imperatriz,210019,Imperatriz,03257,2103257,Cidelândia,
21,Maranhão,2103,Caxias,210015,Codó,03307,2103307,Codó,
21,Maranhão,2103,Caxias,210013,Caxias,03406,2103406,Coelho Neto,
21,Maranhão,2104,Presidente Dutra,210018,Colinas,03505,2103505,Colinas,
21,Maranhão,2102,Santa Inês - Bacabal,210010,Bacabal,03554,2103554,Conceição do Lago-Açu,
21,Maranhão,2103,Caxias,210015,Codó,03604,2103604,Coroatá,
21,Maranhão,2101,São Luís,210008,Cururupu,03703,2103703,Cururupu,
21,Maranhão,2105,Imperatriz,210019,Imperatriz,03752,2103752,Davinópolis,
21,Maranhão,2104,Presidente Dutra,210016,Presidente Dutra,03802,2103802,Dom Pedro,
21,Maranhão,2103,Caxias,210013,Caxias,03901,2103901,Duque Bacelar,
21,Maranhão,2102,Santa Inês - Bacabal,210012,Pedreiras,04008,2104008,Esperantinópolis,
21,Maranhão,2105,Imperatriz,210019,Imperatriz,04057,2104057,Estreito,
21,Maranhão,2105,Imperatriz,210022,Balsas,04073,2104073,Feira Nova do Maranhão,
21,Maranhão,2105,Imperatriz,210020,Barra do Corda,04081,2104081,Fernando Falcão,
21,Maranhão,2105,Imperatriz,210020,Barra do Corda,04099,2104099,Formosa da Serra Negra,
21,Maranhão,2105,Imperatriz,210022,Balsas,04107,2104107,Fortaleza dos Nogueiras,
21,Maranhão,2104,Presidente Dutra,210016,Presidente Dutra,04206,2104206,Fortuna,
21,Maranhão,2102,Santa Inês - Bacabal,210011,Governador Nunes Freire,04305,2104305,Godofredo Viana,
21,Maranhão,2104,Presidente Dutra,210016,Presidente Dutra,04404,2104404,Gonçalves Dias,
21,Maranhão,2104,Presidente Dutra,210016,Presidente Dutra,04503,2104503,Governador Archer,
21,Maranhão,2105,Imperatriz,210019,Imperatriz,04552,2104552,Governador Edison Lobão,
21,Maranhão,2104,Presidente Dutra,210016,Presidente Dutra,04602,2104602,Governador Eugênio Barros,
21,Maranhão,2104,Presidente Dutra,210016,Presidente Dutra,04628,2104628,Governador Luiz Rocha,
21,Maranhão,2102,Santa Inês - Bacabal,210009,Santa Inês,04651,2104651,Governador Newton Bello,
21,Maranhão,2102,Santa Inês - Bacabal,210011,Governador Nunes Freire,04677,2104677,Governador Nunes Freire,
21,Maranhão,2104,Presidente Dutra,210016,Presidente Dutra,04701,2104701,Graça Aranha,
21,Maranhão,2105,Imperatriz,210020,Barra do Corda,04800,2104800,Grajaú,
21,Maranhão,2101,São Luís,210008,Cururupu,04909,2104909,Guimarães,
21,Maranhão,2101,São Luís,210006,Barreirinhas,05005,2105005,Humberto de Campos,
21,Maranhão,2101,São Luís,210001,São Luís,05104,2105104,Icatu,
21,Maranhão,2102,Santa Inês - Bacabal,210009,Santa Inês,05153,2105153,Igarapé do Meio,
21,Maranhão,2102,Santa Inês - Bacabal,210012,Pedreiras,05203,2105203,Igarapé Grande,
21,Maranhão,2105,Imperatriz,210019,Imperatriz,05302,2105302,Imperatriz,
21,Maranhão,2105,Imperatriz,210020,Barra do Corda,05351,2105351,Itaipava do Grajaú,
21,Maranhão,2101,São Luís,210004,Itapecuru Mirim,05401,2105401,Itapecuru Mirim,
21,Maranhão,2105,Imperatriz,210021,Açailândia,05427,2105427,Itinga do Maranhão,
21,Maranhão,2104,Presidente Dutra,210018,Colinas,05450,2105450,Jatobá,
21,Maranhão,2105,Imperatriz,210020,Barra do Corda,05476,2105476,Jenipapo dos Vieiras,
21,Maranhão,2105,Imperatriz,210019,Imperatriz,05500,2105500,João Lisboa,
21,Maranhão,2102,Santa Inês - Bacabal,210012,Pedreiras,05609,2105609,Joselândia,
21,Maranhão,2102,Santa Inês - Bacabal,210011,Governador Nunes Freire,05658,2105658,Junco do Maranhão,
21,Maranhão,2102,Santa Inês - Bacabal,210010,Bacabal,05708,2105708,Lago da Pedra,
21,Maranhão,2102,Santa Inês - Bacabal,210012,Pedreiras,05807,2105807,Lago do Junco,
21,Maranhão,2102,Santa Inês - Bacabal,210012,Pedreiras,05948,2105948,Lago dos Rodrigues,
21,Maranhão,2102,Santa Inês - Bacabal,210010,Bacabal,05906,2105906,Lago Verde,
21,Maranhão,2104,Presidente Dutra,210017,São João dos Patos,05922,2105922,Lagoa do Mato,
21,Maranhão,2102,Santa Inês - Bacabal,210010,Bacabal,05963,2105963,Lagoa Grande do Maranhão,
21,Maranhão,2105,Imperatriz,210019,Imperatriz,05989,2105989,Lajeado Novo,
21,Maranhão,2102,Santa Inês - Bacabal,210012,Pedreiras,06003,2106003,Lima Campos,
21,Maranhão,2105,Imperatriz,210022,Balsas,06102,2106102,Loreto,
21,Maranhão,2102,Santa Inês - Bacabal,210011,Governador Nunes Freire,06201,2106201,Luís Domingues,
21,Maranhão,2101,São Luís,210007,Tutóia - Araioses,06300,2106300,Magalhães de Almeida,
21,Maranhão,2102,Santa Inês - Bacabal,210011,Governador Nunes Freire,06326,2106326,Maracaçumé,
21,Maranhão,2102,Santa Inês - Bacabal,210010,Bacabal,06359,2106359,Marajá do Sena,
21,Maranhão,2102,Santa Inês - Bacabal,210011,Governador Nunes Freire,06375,2106375,Maranhãozinho,
21,Maranhão,2101,São Luís,210003,Chapadinha,06409,2106409,Mata Roma,
21,Maranhão,2101,São Luís,210005,Viana,06508,2106508,Matinha,
21,Maranhão,2103,Caxias,210014,Timon,06607,2106607,Matões,
21,Maranhão,2101,São Luís,210004,Itapecuru Mirim,06631,2106631,Matões do Norte,
21,Maranhão,2101,São Luís,210003,Chapadinha,06672,2106672,Milagres do Maranhão,
21,Maranhão,2104,Presidente Dutra,210018,Colinas,06706,2106706,Mirador,
21,Maranhão,2101,São Luís,210004,Itapecuru Mirim,06755,2106755,Miranda do Norte,
21,Maranhão,2101,São Luís,210008,Cururupu,06805,2106805,Mirinzal,
21,Maranhão,2102,Santa Inês - Bacabal,210009,Santa Inês,06904,2106904,Monção,
21,Maranhão,2105,Imperatriz,210019,Imperatriz,07001,2107001,Montes Altos,
21,Maranhão,2101,São Luís,210001,São Luís,07100,2107100,Morros,
21,Maranhão,2101,São Luís,210004,Itapecuru Mirim,07209,2107209,Nina Rodrigues,
21,Maranhão,2105,Imperatriz,210022,Balsas,07258,2107258,Nova Colinas,
21,Maranhão,2104,Presidente Dutra,210017,São João dos Patos,07308,2107308,Nova Iorque,
21,Maranhão,2102,Santa Inês - Bacabal,210009,Santa Inês,07357,2107357,Nova Olinda do Maranhão,
21,Maranhão,2102,Santa Inês - Bacabal,210010,Bacabal,07407,2107407,Olho d'Água das Cunhãs,
21,Maranhão,2101,São Luís,210005,Viana,07456,2107456,Olinda Nova do Maranhão,
21,Maranhão,2101,São Luís,210001,São Luís,07506,2107506,Paço do Lumiar,
21,Maranhão,2101,São Luís,210002,Pinheiro,07605,2107605,Palmeirândia,
21,Maranhão,2104,Presidente Dutra,210017,São João dos Patos,07704,2107704,Paraibano,
21,Maranhão,2103,Caxias,210014,Timon,07803,2107803,Parnarama,
21,Maranhão,2104,Presidente Dutra,210017,São João dos Patos,07902,2107902,Passagem Franca,
21,Maranhão,2104,Presidente Dutra,210017,São João dos Patos,08009,2108009,Pastos Bons,
21,Maranhão,2101,São Luís,210007,Tutóia - Araioses,08058,2108058,Paulino Neves,
21,Maranhão,2102,Santa Inês - Bacabal,210010,Bacabal,08108,2108108,Paulo Ramos,
21,Maranhão,2102,Santa Inês - Bacabal,210012,Pedreiras,08207,2108207,Pedreiras,
21,Maranhão,2101,São Luís,210002,Pinheiro,08256,2108256,Pedro do Rosário,
21,Maranhão,2101,São Luís,210005,Viana,08306,2108306,Penalva,
21,Maranhão,2101,São Luís,210002,Pinheiro,08405,2108405,Peri Mirim,
21,Maranhão,2103,Caxias,210015,Codó,08454,2108454,Peritoró,
21,Maranhão,2102,Santa Inês - Bacabal,210009,Santa Inês,08504,2108504,Pindaré-Mirim,
21,Maranhão,2101,São Luís,210002,Pinheiro,08603,2108603,Pinheiro,
21,Maranhão,2102,Santa Inês - Bacabal,210009,Santa Inês,08702,2108702,Pio XII,
21,Maranhão,2101,São Luís,210004,Itapecuru Mirim,08801,2108801,Pirapemas,
21,Maranhão,2102,Santa Inês - Bacabal,210012,Pedreiras,08900,2108900,Poção de Pedras,
21,Maranhão,2105,Imperatriz,210019,Imperatriz,09007,2109007,Porto Franco,
21,Maranhão,2101,São Luís,210008,Cururupu,09056,2109056,Porto Rico do Maranhão,
21,Maranhão,2104,Presidente Dutra,210016,Presidente Dutra,09106,2109106,Presidente Dutra,
21,Maranhão,2101,São Luís,210001,São Luís,09205,2109205,Presidente Juscelino,
21,Maranhão,2102,Santa Inês - Bacabal,210011,Governador Nunes Freire,09239,2109239,Presidente Médici,
21,Maranhão,2101,São Luís,210002,Pinheiro,09270,2109270,Presidente Sarney,
21,Maranhão,2101,São Luís,210004,Itapecuru Mirim,09304,2109304,Presidente Vargas,
21,Maranhão,2101,São Luís,210006,Barreirinhas,09403,2109403,Primeira Cruz,
21,Maranhão,2101,São Luís,210001,São Luís,09452,2109452,Raposa,
21,Maranhão,2105,Imperatriz,210022,Balsas,09502,2109502,Riachão,
21,Maranhão,2105,Imperatriz,210019,Imperatriz,09551,2109551,Ribamar Fiquene,
21,Maranhão,2101,São Luís,210001,São Luís,09601,2109601,Rosário,
21,Maranhão,2105,Imperatriz,210022,Balsas,09700,2109700,Sambaíba,
21,Maranhão,2104,Presidente Dutra,210016,Presidente Dutra,09759,2109759,Santa Filomena do Maranhão,
21,Maranhão,2101,São Luís,210002,Pinheiro,09809,2109809,Santa Helena,
21,Maranhão,2102,Santa Inês - Bacabal,210009,Santa Inês,09908,2109908,Santa Inês,
21,Maranhão,2102,Santa Inês - Bacabal,210009,Santa Inês,10005,2110005,Santa Luzia,
21,Maranhão,2102,Santa Inês - Bacabal,210011,Governador Nunes Freire,10039,2110039,Santa Luzia do Paruá,
21,Maranhão,2101,São Luís,210003,Chapadinha,10104,2110104,Santa Quitéria do Maranhão,
21,Maranhão,2101,São Luís,210001,São Luís,10203,2110203,Santa Rita,
21,Maranhão,2101,São Luís,210007,Tutóia - Araioses,10237,2110237,Santana do Maranhão,
21,Maranhão,2101,São Luís,210006,Barreirinhas,10278,2110278,Santo Amaro do Maranhão,
21,Maranhão,2102,Santa Inês - Bacabal,210012,Pedreiras,10302,2110302,Santo Antônio dos Lopes,
21,Maranhão,2101,São Luís,210003,Chapadinha,10401,2110401,São Benedito do Rio Preto,
21,Maranhão,2101,São Luís,210002,Pinheiro,10500,2110500,São Bento,
21,Maranhão,2101,São Luís,210007,Tutóia - Araioses,10609,2110609,São Bernardo,
21,Maranhão,2104,Presidente Dutra,210017,São João dos Patos,10658,2110658,São Domingos do Azeitão,
21,Maranhão,2104,Presidente Dutra,210016,Presidente Dutra,10708,2110708,São Domingos do Maranhão,
21,Maranhão,2105,Imperatriz,210022,Balsas,10807,2110807,São Félix de Balsas,
21,Maranhão,2105,Imperatriz,210021,Açailândia,10856,2110856,São Francisco do Brejão,
21,Maranhão,2104,Presidente Dutra,210017,São João dos Patos,10906,2110906,São Francisco do Maranhão,
21,Maranhão,2101,São Luís,210005,Viana,11003,2111003,São João Batista,
21,Maranhão,2102,Santa Inês - Bacabal,210009,Santa Inês,11029,2111029,São João do Carú,
21,Maranhão,2105,Imperatriz,210019,Imperatriz,11052,2111052,São João do Paraíso,
21,Maranhão,2103,Caxias,210013,Caxias,11078,2111078,São João do Soter,
21,Maranhão,2104,Presidente Dutra,210017,São João dos Patos,11102,2111102,São João dos Patos,
21,Maranhão,2101,São Luís,210001,São Luís,11201,2111201,São José de Ribamar,
21,Maranhão,2104,Presidente Dutra,210016,Presidente Dutra,11250,2111250,São José dos Basílios,
21,Maranhão,2101,São Luís,210001,São Luís,11300,2111300,São Luís,
21,Maranhão,2102,Santa Inês - Bacabal,210010,Bacabal,11409,2111409,São Luís Gonzaga do Maranhão,
21,Maranhão,2102,Santa Inês - Bacabal,210010,Bacabal,11508,2111508,São Mateus do Maranhão,
21,Maranhão,2105,Imperatriz,210019,Imperatriz,11532,2111532,São Pedro da Água Branca,
21,Maranhão,2105,Imperatriz,210020,Barra do Corda,11573,2111573,São Pedro dos Crentes,
21,Maranhão,2105,Imperatriz,210022,Balsas,11607,2111607,São Raimundo das Mangabeiras,
21,Maranhão,2102,Santa Inês - Bacabal,210012,Pedreiras,11631,2111631,São Raimundo do Doca Bezerra,
21,Maranhão,2102,Santa Inês - Bacabal,210012,Pedreiras,11672,2111672,São Roberto,
21,Maranhão,2101,São Luís,210005,Viana,11706,2111706,São Vicente Ferrer,
21,Maranhão,2102,Santa Inês - Bacabal,210010,Bacabal,11722,2111722,Satubinha,
21,Maranhão,2104,Presidente Dutra,210016,Presidente Dutra,11748,2111748,Senador Alexandre Costa,
21,Maranhão,2105,Imperatriz,210019,Imperatriz,11763,2111763,Senador La Rocque,
21,Maranhão,2101,São Luís,210008,Cururupu,11789,2111789,Serrano do Maranhão,
21,Maranhão,2105,Imperatriz,210020,Barra do Corda,11805,2111805,Sítio Novo,
21,Maranhão,2104,Presidente Dutra,210018,Colinas,11904,2111904,Sucupira do Norte,
21,Maranhão,2104,Presidente Dutra,210017,São João dos Patos,11953,2111953,Sucupira do Riachão,
21,Maranhão,2105,Imperatriz,210022,Balsas,12001,2112001,Tasso Fragoso,
21,Maranhão,2103,Caxias,210015,Codó,12100,2112100,Timbiras,
21,Maranhão,2103,Caxias,210014,Timon,12209,2112209,Timon,
21,Maranhão,2102,Santa Inês - Bacabal,210012,Pedreiras,12233,2112233,Trizidela do Vale,
21,Maranhão,2102,Santa Inês - Bacabal,210009,Santa Inês,12274,2112274,Tufilândia,
21,Maranhão,2104,Presidente Dutra,210016,Presidente Dutra,12308,2112308,Tuntum,
21,Maranhão,2101,São Luís,210002,Pinheiro,12407,2112407,Turiaçu,
21,Maranhão,2101,São Luís,210002,Pinheiro,12456,2112456,Turilândia,
21,Maranhão,2101,São Luís,210007,Tutóia - Araioses,12506,2112506,Tutóia,
21,Maranhão,2101,São Luís,210003,Chapadinha,12605,2112605,Urbano Santos,
21,Maranhão,2101,São Luís,210004,Itapecuru Mirim,12704,2112704,Vargem Grande,
21,Maranhão,2101,São Luís,210005,Viana,12803,2112803,Viana,
21,Maranhão,2105,Imperatriz,210019,Imperatriz,12852,2112852,Vila Nova dos Martírios,
21,Maranhão,2101,São Luís,210005,Viana,12902,2112902,Vitória do Mearim,
21,Maranhão,2102,Santa Inês - Bacabal,210010,Bacabal,13009,2113009,Vitorino Freire,
21,Maranhão,2102,Santa Inês - Bacabal,210009,Santa Inês,14007,2114007,Zé Doca,
22,Piauí,2203,Picos,220010,Paulistana,00053,2200053,Acauã,
22,Piauí,2201,Teresina,220002,Amarante - Água Branca - Regeneração,00103,2200103,Agricolândia,
22,Piauí,2201,Teresina,220002,Amarante - Água Branca - Regeneração,00202,2200202,Água Branca,
22,Piauí,2203,Picos,220009,Picos,00251,2200251,Alagoinha do Piauí,
22,Piauí,2203,Picos,220009,Picos,00277,2200277,Alegrete do Piauí,
22,Piauí,2201,Teresina,220001,Teresina,00301,2200301,Alto Longá,
22,Piauí,2201,Teresina,220001,Teresina,00400,2200400,Altos,
22,Piauí,2205,Corrente - Bom Jesus,220016,Bom Jesus,00459,2200459,Alvorada do Gurguéia,
22,Piauí,2201,Teresina,220002,Amarante - Água Branca - Regeneração,00509,2200509,Amarante,
22,Piauí,2201,Teresina,220002,Amarante - Água Branca - Regeneração,00608,2200608,Angical do Piauí,
22,Piauí,2204,São Raimundo Nonato,220013,São Raimundo Nonato,00707,2200707,Anísio de Abreu,
22,Piauí,2206,Floriano,220018,Uruçuí,00806,2200806,Antônio Almeida,
22,Piauí,2201,Teresina,220004,Valença do Piauí,00905,2200905,Aroazes,
22,Piauí,2203,Picos,220009,Picos,00954,2200954,Aroeiras do Itaim,
22,Piauí,2206,Floriano,220017,Floriano,01002,2201002,Arraial,
22,Piauí,2201,Teresina,220003,Campo Maior,01051,2201051,Assunção do Piauí,
22,Piauí,2205,Corrente - Bom Jesus,220015,Corrente,01101,2201101,Avelino Lopes,
22,Piauí,2206,Floriano,220018,Uruçuí,01150,2201150,Baixa Grande do Ribeiro,
22,Piauí,2201,Teresina,220004,Valença do Piauí,01176,2201176,Barra D'Alcântara,
22,Piauí,2201,Teresina,220005,Barras,01200,2201200,Barras,
22,Piauí,2205,Corrente - Bom Jesus,220015,Corrente,01309,2201309,Barreiras do Piauí,
22,Piauí,2201,Teresina,220002,Amarante - Água Branca - Regeneração,01408,2201408,Barro Duro,
22,Piauí,2202,Parnaíba,220008,Esperantina,01507,2201507,Batalha,
22,Piauí,2203,Picos,220012,Simplício Mendes,01556,2201556,Bela Vista do Piauí,
22,Piauí,2203,Picos,220009,Picos,01572,2201572,Belém do Piauí,
22,Piauí,2201,Teresina,220001,Teresina,01606,2201606,Beneditinos,
22,Piauí,2206,Floriano,220018,Uruçuí,01705,2201705,Bertolínia,
22,Piauí,2203,Picos,220010,Paulistana,01739,2201739,Betânia do Piauí,
22,Piauí,2201,Teresina,220005,Barras,01770,2201770,Boa Hora,
22,Piauí,2203,Picos,220009,Picos,01804,2201804,Bocaina,
22,Piauí,2205,Corrente - Bom Jesus,220016,Bom Jesus,01903,2201903,Bom Jesus,
22,Piauí,2202,Parnaíba,220006,Parnaíba,01919,2201919,Bom Princípio do Piauí,
22,Piauí,2204,São Raimundo Nonato,220013,São Raimundo Nonato,01929,2201929,Bonfim do Piauí,
22,Piauí,2201,Teresina,220003,Campo Maior,01945,2201945,Boqueirão do Piauí,
22,Piauí,2202,Parnaíba,220007,Piripiri,01960,2201960,Brasileira,
22,Piauí,2206,Floriano,220019,Canto do Buriti,01988,2201988,Brejo do Piauí,
22,Piauí,2202,Parnaíba,220006,Parnaíba,02000,2202000,Buriti dos Lopes,
22,Piauí,2201,Teresina,220003,Campo Maior,02026,2202026,Buriti dos Montes,
22,Piauí,2201,Teresina,220005,Barras,02059,2202059,Cabeceiras do Piauí,
22,Piauí,2203,Picos,220011,Oeiras,02075,2202075,Cajazeiras do Piauí,
22,Piauí,2202,Parnaíba,220006,Parnaíba,02083,2202083,Cajueiro da Praia,
22,Piauí,2203,Picos,220009,Picos,02091,2202091,Caldeirão Grande do Piauí,
22,Piauí,2203,Picos,220012,Simplício Mendes,02109,2202109,Campinas do Piauí,
22,Piauí,2204,São Raimundo Nonato,220014,São João do Piauí,02117,2202117,Campo Alegre do Fidalgo,
22,Piauí,2203,Picos,220009,Picos,02133,2202133,Campo Grande do Piauí,
22,Piauí,2201,Teresina,220005,Barras,02174,2202174,Campo Largo do Piauí,
22,Piauí,2201,Teresina,220003,Campo Maior,02208,2202208,Campo Maior,
22,Piauí,2206,Floriano,220017,Floriano,02251,2202251,Canavieira,
22,Piauí,2206,Floriano,220019,Canto do Buriti,02307,2202307,Canto do Buriti,
22,Piauí,2202,Parnaíba,220007,Piripiri,02406,2202406,Capitão de Campos,
22,Piauí,2204,São Raimundo Nonato,220014,São João do Piauí,02455,2202455,Capitão Gervásio Oliveira,
22,Piauí,2204,São Raimundo Nonato,220013,São Raimundo Nonato,02505,2202505,Caracol,
22,Piauí,2202,Parnaíba,220006,Parnaíba,02539,2202539,Caraúbas do Piauí,
22,Piauí,2203,Picos,220010,Paulistana,02554,2202554,Caridade do Piauí,
22,Piauí,2201,Teresina,220003,Campo Maior,02604,2202604,Castelo do Piauí,
22,Piauí,2202,Parnaíba,220006,Parnaíba,02653,2202653,Caxingó,
22,Piauí,2202,Parnaíba,220006,Parnaíba,02703,2202703,Cocal,
22,Piauí,2201,Teresina,220003,Campo Maior,02711,2202711,Cocal de Telha,
22,Piauí,2202,Parnaíba,220006,Parnaíba,02729,2202729,Cocal dos Alves,
22,Piauí,2201,Teresina,220001,Teresina,02737,2202737,Coivaras,
22,Piauí,2205,Corrente - Bom Jesus,220016,Bom Jesus,02752,2202752,Colônia do Gurguéia,
22,Piauí,2203,Picos,220011,Oeiras,02778,2202778,Colônia do Piauí,
22,Piauí,2203,Picos,220012,Simplício Mendes,02802,2202802,Conceição do Canindé,
22,Piauí,2204,São Raimundo Nonato,220013,São Raimundo Nonato,02851,2202851,Coronel José Dias,
22,Piauí,2205,Corrente - Bom Jesus,220015,Corrente,02901,2202901,Corrente,
22,Piauí,2205,Corrente - Bom Jesus,220015,Corrente,03008,2203008,Cristalândia do Piauí,
22,Piauí,2205,Corrente - Bom Jesus,220016,Bom Jesus,03107,2203107,Cristino Castro,
22,Piauí,2205,Corrente - Bom Jesus,220015,Corrente,03206,2203206,Curimatá,
22,Piauí,2205,Corrente - Bom Jesus,220016,Bom Jesus,03230,2203230,Currais,
22,Piauí,2203,Picos,220010,Paulistana,03271,2203271,Curral Novo do Piauí,
22,Piauí,2201,Teresina,220001,Teresina,03255,2203255,Curralinhos,
22,Piauí,2201,Teresina,220001,Teresina,03305,2203305,Demerval Lobão,
22,Piauí,2204,São Raimundo Nonato,220013,São Raimundo Nonato,03354,2203354,Dirceu Arcoverde,
22,Piauí,2203,Picos,220009,Picos,03404,2203404,Dom Expedito Lopes,
22,Piauí,2204,São Raimundo Nonato,220013,São Raimundo Nonato,03453,2203453,Dom Inocêncio,
22,Piauí,2202,Parnaíba,220007,Piripiri,03420,2203420,Domingos Mourão,
22,Piauí,2201,Teresina,220002,Amarante - Água Branca - Regeneração,03503,2203503,Elesbão Veloso,
22,Piauí,2206,Floriano,220019,Canto do Buriti,03602,2203602,Eliseu Martins,
22,Piauí,2202,Parnaíba,220008,Esperantina,03701,2203701,Esperantina,
22,Piauí,2204,São Raimundo Nonato,220013,São Raimundo Nonato,03750,2203750,Fartura do Piauí,
22,Piauí,2206,Floriano,220019,Canto do Buriti,03800,2203800,Flores do Piauí,
22,Piauí,2203,Picos,220011,Oeiras,03859,2203859,Floresta do Piauí,
22,Piauí,2206,Floriano,220017,Floriano,03909,2203909,Floriano,
22,Piauí,2201,Teresina,220002,Amarante - Água Branca - Regeneração,04006,2204006,Francinópolis,
22,Piauí,2206,Floriano,220017,Floriano,04105,2204105,Francisco Ayres,
22,Piauí,2203,Picos,220009,Picos,04154,2204154,Francisco Macedo,
22,Piauí,2203,Picos,220009,Picos,04204,2204204,Francisco Santos,
22,Piauí,2203,Picos,220009,Picos,04303,2204303,Fronteiras,
22,Piauí,2203,Picos,220009,Picos,04352,2204352,Geminiano,
22,Piauí,2205,Corrente - Bom Jesus,220015,Corrente,04402,2204402,Gilbués,
22,Piauí,2206,Floriano,220017,Floriano,04501,2204501,Guadalupe,
22,Piauí,2204,São Raimundo Nonato,220013,São Raimundo Nonato,04550,2204550,Guaribas,
22,Piauí,2201,Teresina,220002,Amarante - Água Branca - Regeneração,04600,2204600,Hugo Napoleão,
22,Piauí,2202,Parnaíba,220006,Parnaíba,04659,2204659,Ilha Grande,
22,Piauí,2201,Teresina,220004,Valença do Piauí,04709,2204709,Inhuma,
22,Piauí,2201,Teresina,220004,Valença do Piauí,04808,2204808,Ipiranga do Piauí,
22,Piauí,2203,Picos,220009,Picos,04907,2204907,Isaías Coelho,
22,Piauí,2203,Picos,220009,Picos,05003,2205003,Itainópolis,
22,Piauí,2206,Floriano,220017,Floriano,05102,2205102,Itaueira,
22,Piauí,2203,Picos,220010,Paulistana,05151,2205151,Jacobina do Piauí,
22,Piauí,2203,Picos,220009,Picos,05201,2205201,Jaicós,
22,Piauí,2201,Teresina,220002,Amarante - Água Branca - Regeneração,05250,2205250,Jardim do Mulato,
22,Piauí,2201,Teresina,220003,Campo Maior,05276,2205276,Jatobá do Piauí,
22,Piauí,2206,Floriano,220017,Floriano,05300,2205300,Jerumenha,
22,Piauí,2204,São Raimundo Nonato,220014,São João do Piauí,05359,2205359,João Costa,
22,Piauí,2202,Parnaíba,220008,Esperantina,05409,2205409,Joaquim Pires,
22,Piauí,2202,Parnaíba,220008,Esperantina,05458,2205458,Joca Marques,
22,Piauí,2201,Teresina,220001,Teresina,05508,2205508,José de Freitas,
22,Piauí,2201,Teresina,220003,Campo Maior,05516,2205516,Juazeiro do Piauí,
22,Piauí,2205,Corrente - Bom Jesus,220015,Corrente,05524,2205524,Júlio Borges,
22,Piauí,2204,São Raimundo Nonato,220013,São Raimundo Nonato,05532,2205532,Jurema,
22,Piauí,2201,Teresina,220001,Teresina,05557,2205557,Lagoa Alegre,
22,Piauí,2202,Parnaíba,220007,Piripiri,05573,2205573,Lagoa de São Francisco,
22,Piauí,2204,São Raimundo Nonato,220014,São João do Piauí,05565,2205565,Lagoa do Barro do Piauí,
22,Piauí,2201,Teresina,220001,Teresina,05581,2205581,Lagoa do Piauí,
22,Piauí,2201,Teresina,220004,Valença do Piauí,05599,2205599,Lagoa do Sítio,
22,Piauí,2201,Teresina,220002,Amarante - Água Branca - Regeneração,05540,2205540,Lagoinha do Piauí,
22,Piauí,2206,Floriano,220017,Floriano,05607,2205607,Landri Sales,
22,Piauí,2202,Parnaíba,220006,Parnaíba,05706,2205706,Luís Correia,
22,Piauí,2202,Parnaíba,220008,Esperantina,05805,2205805,Luzilândia,
22,Piauí,2202,Parnaíba,220008,Esperantina,05854,2205854,Madeiro,
22,Piauí,2206,Floriano,220018,Uruçuí,05904,2205904,Manoel Emídio,
22,Piauí,2203,Picos,220009,Picos,05953,2205953,Marcolândia,
22,Piauí,2206,Floriano,220017,Floriano,06001,2206001,Marcos Parente,
22,Piauí,2203,Picos,220009,Picos,06050,2206050,Massapê do Piauí,
22,Piauí,2202,Parnaíba,220008,Esperantina,06100,2206100,Matias Olímpio,
22,Piauí,2201,Teresina,220001,Teresina,06209,2206209,Miguel Alves,
22,Piauí,2201,Teresina,220002,Amarante - Água Branca - Regeneração,06308,2206308,Miguel Leão,
22,Piauí,2202,Parnaíba,220007,Piripiri,06357,2206357,Milton Brandão,
22,Piauí,2201,Teresina,220001,Teresina,06407,2206407,Monsenhor Gil,
22,Piauí,2203,Picos,220009,Picos,06506,2206506,Monsenhor Hipólito,
22,Piauí,2205,Corrente - Bom Jesus,220015,Corrente,06605,2206605,Monte Alegre do Piauí,
22,Piauí,2205,Corrente - Bom Jesus,220015,Corrente,06654,2206654,Morro Cabeça no Tempo,
22,Piauí,2202,Parnaíba,220008,Esperantina,06670,2206670,Morro do Chapéu do Piauí,
22,Piauí,2202,Parnaíba,220006,Parnaíba,06696,2206696,Murici dos Portelas,
22,Piauí,2206,Floriano,220017,Floriano,06704,2206704,Nazaré do Piauí,
22,Piauí,2201,Teresina,220001,Teresina,06720,2206720,Nazária,
22,Piauí,2201,Teresina,220003,Campo Maior,06753,2206753,Nossa Senhora de Nazaré,
22,Piauí,2201,Teresina,220005,Barras,06803,2206803,Nossa Senhora dos Remédios,
22,Piauí,2204,São Raimundo Nonato,220014,São João do Piauí,07959,2207959,Nova Santa Rita,
22,Piauí,2201,Teresina,220004,Valença do Piauí,06902,2206902,Novo Oriente do Piauí,
22,Piauí,2201,Teresina,220001,Teresina,06951,2206951,Novo Santo Antônio,
22,Piauí,2203,Picos,220011,Oeiras,07009,2207009,Oeiras,
22,Piauí,2201,Teresina,220002,Amarante - Água Branca - Regeneração,07108,2207108,Olho D'Água do Piauí,
22,Piauí,2203,Picos,220009,Picos,07207,2207207,Padre Marcos,
22,Piauí,2203,Picos,220012,Simplício Mendes,07306,2207306,Paes Landim,
22,Piauí,2206,Floriano,220019,Canto do Buriti,07355,2207355,Pajeú do Piauí,
22,Piauí,2205,Corrente - Bom Jesus,220016,Bom Jesus,07405,2207405,Palmeira do Piauí,
22,Piauí,2201,Teresina,220002,Amarante - Água Branca - Regeneração,07504,2207504,Palmeirais,
22,Piauí,2203,Picos,220009,Picos,07553,2207553,Paquetá,
22,Piauí,2205,Corrente - Bom Jesus,220015,Corrente,07603,2207603,Parnaguá,
22,Piauí,2202,Parnaíba,220006,Parnaíba,07702,2207702,Parnaíba,
22,Piauí,2201,Teresina,220002,Amarante - Água Branca - Regeneração,07751,2207751,Passagem Franca do Piauí,
22,Piauí,2203,Picos,220010,Paulistana,07777,2207777,Patos do Piauí,
22,Piauí,2201,Teresina,220001,Teresina,07793,2207793,Pau D'Arco do Piauí,
22,Piauí,2203,Picos,220010,Paulistana,07801,2207801,Paulistana,
22,Piauí,2206,Floriano,220019,Canto do Buriti,07850,2207850,Pavussu,
22,Piauí,2202,Parnaíba,220007,Piripiri,07900,2207900,Pedro II,
22,Piauí,2204,São Raimundo Nonato,220014,São João do Piauí,07934,2207934,Pedro Laurentino,
22,Piauí,2203,Picos,220009,Picos,08007,2208007,Picos,
22,Piauí,2201,Teresina,220004,Valença do Piauí,08106,2208106,Pimenteiras,
22,Piauí,2203,Picos,220009,Picos,08205,2208205,Pio IX,
22,Piauí,2202,Parnaíba,220007,Piripiri,08304,2208304,Piracuruca,
22,Piauí,2202,Parnaíba,220007,Piripiri,08403,2208403,Piripiri,
22,Piauí,2201,Teresina,220005,Barras,08502,2208502,Porto,
22,Piauí,2206,Floriano,220017,Floriano,08551,2208551,Porto Alegre do Piauí,
22,Piauí,2201,Teresina,220002,Amarante - Água Branca - Regeneração,08601,2208601,Prata do Piauí,
22,Piauí,2203,Picos,220010,Paulistana,08650,2208650,Queimada Nova,
22,Piauí,2205,Corrente - Bom Jesus,220016,Bom Jesus,08700,2208700,Redenção do Gurguéia,
22,Piauí,2201,Teresina,220002,Amarante - Água Branca - Regeneração,08809,2208809,Regeneração,
22,Piauí,2205,Corrente - Bom Jesus,220015,Corrente,08858,2208858,Riacho Frio,
22,Piauí,2204,São Raimundo Nonato,220014,São João do Piauí,08874,2208874,Ribeira do Piauí,
22,Piauí,2206,Floriano,220018,Uruçuí,08908,2208908,Ribeiro Gonçalves,
22,Piauí,2206,Floriano,220019,Canto do Buriti,09005,2209005,Rio Grande do Piauí,
22,Piauí,2203,Picos,220009,Picos,09104,2209104,Santa Cruz do Piauí,
22,Piauí,2201,Teresina,220004,Valença do Piauí,09153,2209153,Santa Cruz dos Milagres,
22,Piauí,2205,Corrente - Bom Jesus,220015,Corrente,09203,2209203,Santa Filomena,
22,Piauí,2205,Corrente - Bom Jesus,220016,Bom Jesus,09302,2209302,Santa Luz,
22,Piauí,2203,Picos,220011,Oeiras,09377,2209377,Santa Rosa do Piauí,
22,Piauí,2203,Picos,220009,Picos,09351,2209351,Santana do Piauí,
22,Piauí,2203,Picos,220009,Picos,09401,2209401,Santo Antônio de Lisboa,
22,Piauí,2201,Teresina,220002,Amarante - Água Branca - Regeneração,09450,2209450,Santo Antônio dos Milagres,
22,Piauí,2203,Picos,220011,Oeiras,09500,2209500,Santo Inácio do Piauí,
22,Piauí,2204,São Raimundo Nonato,220013,São Raimundo Nonato,09559,2209559,São Braz do Piauí,
22,Piauí,2201,Teresina,220002,Amarante - Água Branca - Regeneração,09609,2209609,São Félix do Piauí,
22,Piauí,2203,Picos,220012,Simplício Mendes,09658,2209658,São Francisco de Assis do Piauí,
22,Piauí,2206,Floriano,220017,Floriano,09708,2209708,São Francisco do Piauí,
22,Piauí,2205,Corrente - Bom Jesus,220015,Corrente,09757,2209757,São Gonçalo do Gurguéia,
22,Piauí,2201,Teresina,220002,Amarante - Água Branca - Regeneração,09807,2209807,São Gonçalo do Piauí,
22,Piauí,2203,Picos,220009,Picos,09856,2209856,São João da Canabrava,
22,Piauí,2202,Parnaíba,220007,Piripiri,09872,2209872,São João da Fronteira,
22,Piauí,2201,Teresina,220003,Campo Maior,09906,2209906,São João da Serra,
22,Piauí,2203,Picos,220011,Oeiras,09955,2209955,São João da Varjota,
22,Piauí,2202,Parnaíba,220008,Esperantina,09971,2209971,São João do Arraial,
22,Piauí,2204,São Raimundo Nonato,220014,São João do Piauí,10003,2210003,São João do Piauí,
22,Piauí,2202,Parnaíba,220007,Piripiri,10052,2210052,São José do Divino,
22,Piauí,2206,Floriano,220017,Floriano,10102,2210102,São José do Peixe,
22,Piauí,2203,Picos,220009,Picos,10201,2210201,São José do Piauí,
22,Piauí,2203,Picos,220009,Picos,10300,2210300,São Julião,
22,Piauí,2204,São Raimundo Nonato,220013,São Raimundo Nonato,10359,2210359,São Lourenço do Piauí,
22,Piauí,2203,Picos,220009,Picos,10375,2210375,São Luis do Piauí,
22,Piauí,2201,Teresina,220002,Amarante - Água Branca - Regeneração,10383,2210383,São Miguel da Baixa Grande,
22,Piauí,2203,Picos,220011,Oeiras,10391,2210391,São Miguel do Fidalgo,
22,Piauí,2201,Teresina,220003,Campo Maior,10409,2210409,São Miguel do Tapuio,
22,Piauí,2201,Teresina,220002,Amarante - Água Branca - Regeneração,10508,2210508,São Pedro do Piauí,
22,Piauí,2204,São Raimundo Nonato,220013,São Raimundo Nonato,10607,2210607,São Raimundo Nonato,
22,Piauí,2205,Corrente - Bom Jesus,220015,Corrente,10623,2210623,Sebastião Barros,
22,Piauí,2206,Floriano,220018,Uruçuí,10631,2210631,Sebastião Leal,
22,Piauí,2201,Teresina,220003,Campo Maior,10656,2210656,Sigefredo Pacheco,
22,Piauí,2203,Picos,220010,Paulistana,10706,2210706,Simões,
22,Piauí,2203,Picos,220012,Simplício Mendes,10805,2210805,Simplício Mendes,
22,Piauí,2203,Picos,220012,Simplício Mendes,10904,2210904,Socorro do Piauí,
22,Piauí,2203,Picos,220009,Picos,10938,2210938,Sussuapara,
22,Piauí,2206,Floriano,220019,Canto do Buriti,10953,2210953,Tamboril do Piauí,
22,Piauí,2203,Picos,220011,Oeiras,10979,2210979,Tanque do Piauí,
22,Piauí,2201,Teresina,220001,Teresina,11001,2211001,Teresina,
22,Piauí,2201,Teresina,220001,Teresina,11100,2211100,União,
22,Piauí,2206,Floriano,220018,Uruçuí,11209,2211209,Uruçuí,
22,Piauí,2201,Teresina,220004,Valença do Piauí,11308,2211308,Valença do Piauí,
22,Piauí,2204,São Raimundo Nonato,220013,São Raimundo Nonato,11357,2211357,Várzea Branca,
22,Piauí,2201,Teresina,220002,Amarante - Água Branca - Regeneração,11407,2211407,Várzea Grande,
22,Piauí,2203,Picos,220009,Picos,11506,2211506,Vera Mendes,
22,Piauí,2203,Picos,220009,Picos,11605,2211605,Vila Nova do Piauí,
22,Piauí,2203,Picos,220009,Picos,11704,2211704,Wall Ferraz,
23,Ceará,2304,Juazeiro do Norte,230012,Brejo Santo,00101,2300101,Abaiara,
23,Ceará,2301,Fortaleza,230003,Redenção-Acarape,00150,2300150,Acarape,
23,Ceará,2306,Sobral,230017,Acaraú,00200,2300200,Acaraú,
23,Ceará,2303,Iguatu,230009,Iguatu,00309,2300309,Acopiara,
23,Ceará,2304,Juazeiro do Norte,230011,Juazeiro do Norte,00408,2300408,Aiuaba,
23,Ceará,2306,Sobral,230015,Sobral,00507,2300507,Alcântaras,
23,Ceará,2304,Juazeiro do Norte,230011,Juazeiro do Norte,00606,2300606,Altaneira,
23,Ceará,2302,Quixadá,230007,Russas - Limoeiro do Norte,00705,2300705,Alto Santo,
23,Ceará,2301,Fortaleza,230002,Itapipoca,00754,2300754,Amontada,
23,Ceará,2304,Juazeiro do Norte,230011,Juazeiro do Norte,00804,2300804,Antonina do Norte,
23,Ceará,2301,Fortaleza,230005,Itapagé,00903,2300903,Apuiarés,
23,Ceará,2301,Fortaleza,230001,Fortaleza,01000,2301000,Aquiraz,
23,Ceará,2302,Quixadá,230008,Aracati,01109,2301109,Aracati,
23,Ceará,2301,Fortaleza,230003,Redenção-Acarape,01208,2301208,Aracoiaba,
23,Ceará,2305,Crateús,230013,Crateús,01257,2301257,Ararendá,
23,Ceará,2304,Juazeiro do Norte,230011,Juazeiro do Norte,01307,2301307,Araripe,
23,Ceará,2301,Fortaleza,230003,Redenção-Acarape,01406,2301406,Aratuba,
23,Ceará,2305,Crateús,230014,Tauá,01505,2301505,Arneiroz,
23,Ceará,2304,Juazeiro do Norte,230011,Juazeiro do Norte,01604,2301604,Assaré,
23,Ceará,2304,Juazeiro do Norte,230011,Juazeiro do Norte,01703,2301703,Aurora,
23,Ceará,2303,Iguatu,230010,Icó,01802,2301802,Baixio,
23,Ceará,2302,Quixadá,230006,Quixadá,01851,2301851,Banabuiú,
23,Ceará,2304,Juazeiro do Norte,230011,Juazeiro do Norte,01901,2301901,Barbalha,
23,Ceará,2301,Fortaleza,230003,Redenção-Acarape,01950,2301950,Barreira,
23,Ceará,2304,Juazeiro do Norte,230012,Brejo Santo,02008,2302008,Barro,
23,Ceará,2306,Sobral,230018,Camocim,02057,2302057,Barroquinha,
23,Ceará,2301,Fortaleza,230003,Redenção-Acarape,02107,2302107,Baturité,
23,Ceará,2301,Fortaleza,230001,Fortaleza,02206,2302206,Beberibe,
23,Ceará,2306,Sobral,230017,Acaraú,02305,2302305,Bela Cruz,
23,Ceará,2301,Fortaleza,230004,Canindé,02404,2302404,Boa Viagem,
23,Ceará,2304,Juazeiro do Norte,230012,Brejo Santo,02503,2302503,Brejo Santo,
23,Ceará,2306,Sobral,230018,Camocim,02602,2302602,Camocim,
23,Ceará,2304,Juazeiro do Norte,230011,Juazeiro do Norte,02701,2302701,Campos Sales,
23,Ceará,2301,Fortaleza,230004,Canindé,02800,2302800,Canindé,
23,Ceará,2301,Fortaleza,230003,Redenção-Acarape,02909,2302909,Capistrano,
23,Ceará,2301,Fortaleza,230004,Canindé,03006,2303006,Caridade,
23,Ceará,2306,Sobral,230015,Sobral,03105,2303105,Cariré,
23,Ceará,2304,Juazeiro do Norte,230011,Juazeiro do Norte,03204,2303204,Caririaçu,
23,Ceará,2303,Iguatu,230009,Iguatu,03303,2303303,Cariús,
23,Ceará,2306,Sobral,230016,São Benedito - Ipu - Guaraciaba do Norte - Tianguá,03402,2303402,Carnaubal,
23,Ceará,2301,Fortaleza,230001,Fortaleza,03501,2303501,Cascavel,
23,Ceará,2303,Iguatu,230009,Iguatu,03600,2303600,Catarina,
23,Ceará,2306,Sobral,230015,Sobral,03659,2303659,Catunda,
23,Ceará,2301,Fortaleza,230001,Fortaleza,03709,2303709,Caucaia,
23,Ceará,2303,Iguatu,230009,Iguatu,03808,2303808,Cedro,
23,Ceará,2306,Sobral,230018,Camocim,03907,2303907,Chaval,
23,Ceará,2302,Quixadá,230006,Quixadá,03931,2303931,Choró,
23,Ceará,2301,Fortaleza,230001,Fortaleza,03956,2303956,Chorozinho,
23,Ceará,2306,Sobral,230015,Sobral,04004,2304004,Coreaú,
23,Ceará,2305,Crateús,230013,Crateús,04103,2304103,Crateús,
23,Ceará,2304,Juazeiro do Norte,230011,Juazeiro do Norte,04202,2304202,Crato,
23,Ceará,2306,Sobral,230016,São Benedito - Ipu - Guaraciaba do Norte - Tianguá,04236,2304236,Croatá,
23,Ceará,2306,Sobral,230017,Acaraú,04251,2304251,Cruz,
23,Ceará,2302,Quixadá,230006,Quixadá,04269,2304269,Deputado Irapuan Pinheiro,
23,Ceará,2302,Quixadá,230007,Russas - Limoeiro do Norte,04277,2304277,Ereré,
23,Ceará,2301,Fortaleza,230001,Fortaleza,04285,2304285,Eusébio,
23,Ceará,2304,Juazeiro do Norte,230011,Juazeiro do Norte,04301,2304301,Farias Brito,
23,Ceará,2306,Sobral,230015,Sobral,04350,2304350,Forquilha,
23,Ceará,2301,Fortaleza,230001,Fortaleza,04400,2304400,Fortaleza,
23,Ceará,2302,Quixadá,230008,Aracati,04459,2304459,Fortim,
23,Ceará,2306,Sobral,230015,Sobral,04509,2304509,Frecheirinha,
23,Ceará,2301,Fortaleza,230005,Itapagé,04608,2304608,General Sampaio,
23,Ceará,2306,Sobral,230015,Sobral,04657,2304657,Graça,
23,Ceará,2306,Sobral,230018,Camocim,04707,2304707,Granja,
23,Ceará,2304,Juazeiro do Norte,230011,Juazeiro do Norte,04806,2304806,Granjeiro,
23,Ceará,2306,Sobral,230015,Sobral,04905,2304905,Groaíras,
23,Ceará,2301,Fortaleza,230001,Fortaleza,04954,2304954,Guaiúba,
23,Ceará,2306,Sobral,230016,São Benedito - Ipu - Guaraciaba do Norte - Tianguá,05001,2305001,Guaraciaba do Norte,
23,Ceará,2301,Fortaleza,230003,Redenção-Acarape,05100,2305100,Guaramiranga,
23,Ceará,2306,Sobral,230015,Sobral,05209,2305209,Hidrolândia,
23,Ceará,2301,Fortaleza,230001,Fortaleza,05233,2305233,Horizonte,
23,Ceará,2302,Quixadá,230006,Quixadá,05266,2305266,Ibaretama,
23,Ceará,2306,Sobral,230016,São Benedito - Ipu - Guaraciaba do Norte - Tianguá,05308,2305308,Ibiapina,
23,Ceará,2302,Quixadá,230006,Quixadá,05332,2305332,Ibicuitinga,
23,Ceará,2302,Quixadá,230008,Aracati,05357,2305357,Icapuí,
23,Ceará,2303,Iguatu,230010,Icó,05407,2305407,Icó,
23,Ceará,2303,Iguatu,230009,Iguatu,05506,2305506,Iguatu,
23,Ceará,2305,Crateús,230013,Crateús,05605,2305605,Independência,
23,Ceará,2305,Crateús,230013,Crateús,05654,2305654,Ipaporanga,
23,Ceará,2303,Iguatu,230010,Icó,05704,2305704,Ipaumirim,
23,Ceará,2306,Sobral,230016,São Benedito - Ipu - Guaraciaba do Norte - Tianguá,05803,2305803,Ipu,
23,Ceará,2306,Sobral,230016,São Benedito - Ipu - Guaraciaba do Norte - Tianguá,05902,2305902,Ipueiras,
23,Ceará,2302,Quixadá,230007,Russas - Limoeiro do Norte,06009,2306009,Iracema,
23,Ceará,2301,Fortaleza,230005,Itapagé,06108,2306108,Irauçuba,
23,Ceará,2302,Quixadá,230008,Aracati,06207,2306207,Itaiçaba,
23,Ceará,2301,Fortaleza,230001,Fortaleza,06256,2306256,Itaitinga,
23,Ceará,2301,Fortaleza,230005,Itapagé,06306,2306306,Itapajé,
23,Ceará,2301,Fortaleza,230002,Itapipoca,06405,2306405,Itapipoca,
23,Ceará,2301,Fortaleza,230003,Redenção-Acarape,06504,2306504,Itapiúna,
23,Ceará,2306,Sobral,230017,Acaraú,06553,2306553,Itarema,
23,Ceará,2301,Fortaleza,230004,Canindé,06603,2306603,Itatira,
23,Ceará,2302,Quixadá,230007,Russas - Limoeiro do Norte,06702,2306702,Jaguaretama,
23,Ceará,2302,Quixadá,230007,Russas - Limoeiro do Norte,06801,2306801,Jaguaribara,
23,Ceará,2302,Quixadá,230007,Russas - Limoeiro do Norte,06900,2306900,Jaguaribe,
23,Ceará,2302,Quixadá,230008,Aracati,07007,2307007,Jaguaruana,
23,Ceará,2304,Juazeiro do Norte,230011,Juazeiro do Norte,07106,2307106,Jardim,
23,Ceará,2304,Juazeiro do Norte,230012,Brejo Santo,07205,2307205,Jati,
23,Ceará,2306,Sobral,230017,Acaraú,07254,2307254,Jijoca de Jericoacoara,
23,Ceará,2304,Juazeiro do Norte,230011,Juazeiro do Norte,07304,2307304,Juazeiro do Norte,
23,Ceará,2303,Iguatu,230009,Iguatu,07403,2307403,Jucás,
23,Ceará,2304,Juazeiro do Norte,230011,Juazeiro do Norte,07502,2307502,Lavras da Mangabeira,
23,Ceará,2302,Quixadá,230007,Russas - Limoeiro do Norte,07601,2307601,Limoeiro do Norte,
23,Ceará,2301,Fortaleza,230004,Canindé,07635,2307635,Madalena,
23,Ceará,2301,Fortaleza,230001,Fortaleza,07650,2307650,Maracanaú,
23,Ceará,2301,Fortaleza,230001,Fortaleza,07700,2307700,Maranguape,
23,Ceará,2306,Sobral,230017,Acaraú,07809,2307809,Marco,
23,Ceará,2306,Sobral,230015,Sobral,07908,2307908,Martinópole,
23,Ceará,2306,Sobral,230015,Sobral,08005,2308005,Massapê,
23,Ceará,2304,Juazeiro do Norte,230012,Brejo Santo,08104,2308104,Mauriti,
23,Ceará,2306,Sobral,230015,Sobral,08203,2308203,Meruoca,
23,Ceará,2304,Juazeiro do Norte,230012,Brejo Santo,08302,2308302,Milagres,
23,Ceará,2302,Quixadá,230006,Quixadá,08351,2308351,Milhã,
23,Ceará,2301,Fortaleza,230002,Itapipoca,08377,2308377,Miraíma,
23,Ceará,2304,Juazeiro do Norte,230011,Juazeiro do Norte,08401,2308401,Missão Velha,
23,Ceará,2303,Iguatu,230009,Iguatu,08500,2308500,Mombaça,
23,Ceará,2305,Crateús,230013,Crateús,08609,2308609,Monsenhor Tabosa,
23,Ceará,2302,Quixadá,230007,Russas - Limoeiro do Norte,08708,2308708,Morada Nova,
23,Ceará,2306,Sobral,230015,Sobral,08807,2308807,Moraújo,
23,Ceará,2306,Sobral,230015,Sobral,08906,2308906,Morrinhos,
23,Ceará,2306,Sobral,230015,Sobral,09003,2309003,Mucambo,
23,Ceará,2301,Fortaleza,230003,Redenção-Acarape,09102,2309102,Mulungu,
23,Ceará,2304,Juazeiro do Norte,230011,Juazeiro do Norte,09201,2309201,Nova Olinda,
23,Ceará,2305,Crateús,230013,Crateús,09300,2309300,Nova Russas,
23,Ceará,2305,Crateús,230013,Crateús,09409,2309409,Novo Oriente,
23,Ceará,2301,Fortaleza,230003,Redenção-Acarape,09458,2309458,Ocara,
23,Ceará,2303,Iguatu,230010,Icó,09508,2309508,Orós,
23,Ceará,2301,Fortaleza,230001,Fortaleza,09607,2309607,Pacajus,
23,Ceará,2301,Fortaleza,230001,Fortaleza,09706,2309706,Pacatuba,
23,Ceará,2301,Fortaleza,230003,Redenção-Acarape,09805,2309805,Pacoti,
23,Ceará,2306,Sobral,230015,Sobral,09904,2309904,Pacujá,
23,Ceará,2302,Quixadá,230007,Russas - Limoeiro do Norte,10001,2310001,Palhano,
23,Ceará,2301,Fortaleza,230001,Fortaleza,10100,2310100,Palmácia,
23,Ceará,2301,Fortaleza,230001,Fortaleza,10209,2310209,Paracuru,
23,Ceará,2301,Fortaleza,230001,Fortaleza,10258,2310258,Paraipaba,
23,Ceará,2305,Crateús,230014,Tauá,10308,2310308,Parambu,
23,Ceará,2301,Fortaleza,230004,Canindé,10407,2310407,Paramoti,
23,Ceará,2302,Quixadá,230006,Quixadá,10506,2310506,Pedra Branca,
23,Ceará,2304,Juazeiro do Norte,230012,Brejo Santo,10605,2310605,Penaforte,
23,Ceará,2301,Fortaleza,230005,Itapagé,10704,2310704,Pentecoste,
23,Ceará,2302,Quixadá,230007,Russas - Limoeiro do Norte,10803,2310803,Pereiro,
23,Ceará,2301,Fortaleza,230001,Fortaleza,10852,2310852,Pindoretama,
23,Ceará,2303,Iguatu,230009,Iguatu,10902,2310902,Piquet Carneiro,
23,Ceará,2306,Sobral,230016,São Benedito - Ipu - Guaraciaba do Norte - Tianguá,10951,2310951,Pires Ferreira,
23,Ceará,2305,Crateús,230013,Crateús,11009,2311009,Poranga,
23,Ceará,2304,Juazeiro do Norte,230012,Brejo Santo,11108,2311108,Porteiras,
23,Ceará,2304,Juazeiro do Norte,230011,Juazeiro do Norte,11207,2311207,Potengi,
23,Ceará,2302,Quixadá,230007,Russas - Limoeiro do Norte,11231,2311231,Potiretama,
23,Ceará,2305,Crateús,230013,Crateús,11264,2311264,Quiterianópolis,
23,Ceará,2302,Quixadá,230006,Quixadá,11306,2311306,Quixadá,
23,Ceará,2303,Iguatu,230009,Iguatu,11355,2311355,Quixelô,
23,Ceará,2302,Quixadá,230006,Quixadá,11405,2311405,Quixeramobim,
23,Ceará,2302,Quixadá,230007,Russas - Limoeiro do Norte,11504,2311504,Quixeré,
23,Ceará,2301,Fortaleza,230003,Redenção-Acarape,11603,2311603,Redenção,
23,Ceará,2306,Sobral,230015,Sobral,11702,2311702,Reriutaba,
23,Ceará,2302,Quixadá,230007,Russas - Limoeiro do Norte,11801,2311801,Russas,
23,Ceará,2303,Iguatu,230009,Iguatu,11900,2311900,Saboeiro,
23,Ceará,2304,Juazeiro do Norte,230011,Juazeiro do Norte,11959,2311959,Salitre,
23,Ceará,2306,Sobral,230015,Sobral,12205,2312205,Santa Quitéria,
23,Ceará,2306,Sobral,230015,Sobral,12007,2312007,Santana do Acaraú,
23,Ceará,2304,Juazeiro do Norte,230011,Juazeiro do Norte,12106,2312106,Santana do Cariri,
23,Ceará,2306,Sobral,230016,São Benedito - Ipu - Guaraciaba do Norte - Tianguá,12304,2312304,São Benedito,
23,Ceará,2301,Fortaleza,230001,Fortaleza,12403,2312403,São Gonçalo do Amarante,
23,Ceará,2302,Quixadá,230007,Russas - Limoeiro do Norte,12502,2312502,São João do Jaguaribe,
23,Ceará,2301,Fortaleza,230001,Fortaleza,12601,2312601,São Luís do Curu,
23,Ceará,2302,Quixadá,230006,Quixadá,12700,2312700,Senador Pompeu,
23,Ceará,2306,Sobral,230015,Sobral,12809,2312809,Senador Sá,
23,Ceará,2306,Sobral,230015,Sobral,12908,2312908,Sobral,
23,Ceará,2302,Quixadá,230006,Quixadá,13005,2313005,Solonópole,
23,Ceará,2302,Quixadá,230007,Russas - Limoeiro do Norte,13104,2313104,Tabuleiro do Norte,
23,Ceará,2305,Crateús,230013,Crateús,13203,2313203,Tamboril,
23,Ceará,2304,Juazeiro do Norte,230011,Juazeiro do Norte,13252,2313252,Tarrafas,
23,Ceará,2305,Crateús,230014,Tauá,13302,2313302,Tauá,
23,Ceará,2301,Fortaleza,230005,Itapagé,13351,2313351,Tejuçuoca,
23,Ceará,2306,Sobral,230016,São Benedito - Ipu - Guaraciaba do Norte - Tianguá,13401,2313401,Tianguá,
23,Ceará,2301,Fortaleza,230002,Itapipoca,13500,2313500,Trairi,
23,Ceará,2301,Fortaleza,230002,Itapipoca,13559,2313559,Tururu,
23,Ceará,2306,Sobral,230016,São Benedito - Ipu - Guaraciaba do Norte - Tianguá,13609,2313609,Ubajara,
23,Ceará,2303,Iguatu,230010,Icó,13708,2313708,Umari,
23,Ceará,2301,Fortaleza,230002,Itapipoca,13757,2313757,Umirim,
23,Ceará,2301,Fortaleza,230002,Itapipoca,13807,2313807,Uruburetama,
23,Ceará,2306,Sobral,230015,Sobral,13906,2313906,Uruoca,
23,Ceará,2306,Sobral,230015,Sobral,13955,2313955,Varjota,
23,Ceará,2304,Juazeiro do Norte,230011,Juazeiro do Norte,14003,2314003,Várzea Alegre,
23,Ceará,2306,Sobral,230016,São Benedito - Ipu - Guaraciaba do Norte - Tianguá,14102,2314102,Viçosa do Ceará,
24,Rio Grande do Norte,2402,Caicó,240008,Currais Novos,00109,2400109,Acari,
24,Rio Grande do Norte,2403,Mossoró,240011,Açu,00208,2400208,Açu,
24,Rio Grande do Norte,2403,Mossoró,240011,Açu,00307,2400307,Afonso Bezerra,
24,Rio Grande do Norte,2403,Mossoró,240010,Pau dos Ferros,00406,2400406,Água Nova,
24,Rio Grande do Norte,2403,Mossoró,240010,Pau dos Ferros,00505,2400505,Alexandria,
24,Rio Grande do Norte,2403,Mossoró,240010,Pau dos Ferros,00604,2400604,Almino Afonso,
24,Rio Grande do Norte,2403,Mossoró,240011,Açu,00703,2400703,Alto do Rodrigues,
24,Rio Grande do Norte,2403,Mossoró,240011,Açu,00802,2400802,Angicos,
24,Rio Grande do Norte,2403,Mossoró,240010,Pau dos Ferros,00901,2400901,Antônio Martins,
24,Rio Grande do Norte,2403,Mossoró,240009,Mossoró,01008,2401008,Apodi,
24,Rio Grande do Norte,2403,Mossoró,240009,Mossoró,01107,2401107,Areia Branca,
24,Rio Grande do Norte,2401,Natal,240003,Canguaretama,01206,2401206,Arês,
24,Rio Grande do Norte,2401,Natal,240003,Canguaretama,01404,2401404,Baía Formosa,
24,Rio Grande do Norte,2403,Mossoró,240009,Mossoró,01453,2401453,Baraúna,
24,Rio Grande do Norte,2401,Natal,240006,São Paulo do Potengi,01503,2401503,Barcelona,
24,Rio Grande do Norte,2401,Natal,240001,Natal,01602,2401602,Bento Fernandes,
24,Rio Grande do Norte,2402,Caicó,240008,Currais Novos,01651,2401651,Bodó,
24,Rio Grande do Norte,2401,Natal,240001,Natal,01701,2401701,Bom Jesus,
24,Rio Grande do Norte,2401,Natal,240001,Natal,01800,2401800,Brejinho,
24,Rio Grande do Norte,2401,Natal,240005,João Câmara,01859,2401859,Caiçara do Norte,
24,Rio Grande do Norte,2401,Natal,240006,São Paulo do Potengi,01909,2401909,Caiçara do Rio do Vento,
24,Rio Grande do Norte,2402,Caicó,240007,Caicó,02006,2402006,Caicó,
24,Rio Grande do Norte,2403,Mossoró,240009,Mossoró,01305,2401305,Campo Grande,
24,Rio Grande do Norte,2401,Natal,240004,Santa Cruz,02105,2402105,Campo Redondo,
24,Rio Grande do Norte,2401,Natal,240003,Canguaretama,02204,2402204,Canguaretama,
24,Rio Grande do Norte,2403,Mossoró,240009,Mossoró,02303,2402303,Caraúbas,
24,Rio Grande do Norte,2402,Caicó,240008,Currais Novos,02402,2402402,Carnaúba dos Dantas,
24,Rio Grande do Norte,2403,Mossoró,240011,Açu,02501,2402501,Carnaubais,
24,Rio Grande do Norte,2401,Natal,240001,Natal,02600,2402600,Ceará-Mirim,
24,Rio Grande do Norte,2402,Caicó,240008,Currais Novos,02709,2402709,Cerro Corá,
24,Rio Grande do Norte,2401,Natal,240004,Santa Cruz,02808,2402808,Coronel Ezequiel,
24,Rio Grande do Norte,2403,Mossoró,240010,Pau dos Ferros,02907,2402907,Coronel João Pessoa,
24,Rio Grande do Norte,2402,Caicó,240007,Caicó,03004,2403004,Cruzeta,
24,Rio Grande do Norte,2402,Caicó,240008,Currais Novos,03103,2403103,Currais Novos,
24,Rio Grande do Norte,2403,Mossoró,240010,Pau dos Ferros,03202,2403202,Doutor Severiano,
24,Rio Grande do Norte,2403,Mossoró,240010,Pau dos Ferros,03301,2403301,Encanto,
24,Rio Grande do Norte,2402,Caicó,240007,Caicó,03400,2403400,Equador,
24,Rio Grande do Norte,2401,Natal,240003,Canguaretama,03509,2403509,Espírito Santo,
24,Rio Grande do Norte,2401,Natal,240001,Natal,03608,2403608,Extremoz,
24,Rio Grande do Norte,2403,Mossoró,240009,Mossoró,03707,2403707,Felipe Guerra,
24,Rio Grande do Norte,2403,Mossoró,240011,Açu,03756,2403756,Fernando Pedroza,
24,Rio Grande do Norte,2402,Caicó,240008,Currais Novos,03806,2403806,Florânia,
24,Rio Grande do Norte,2403,Mossoró,240010,Pau dos Ferros,03905,2403905,Francisco Dantas,
24,Rio Grande do Norte,2403,Mossoró,240010,Pau dos Ferros,04002,2404002,Frutuoso Gomes,
24,Rio Grande do Norte,2401,Natal,240005,João Câmara,04101,2404101,Galinhos,
24,Rio Grande do Norte,2401,Natal,240003,Canguaretama,04200,2404200,Goianinha,
24,Rio Grande do Norte,2403,Mossoró,240009,Mossoró,04309,2404309,Governador Dix-Sept Rosado,
24,Rio Grande do Norte,2403,Mossoró,240009,Mossoró,04408,2404408,Grossos,
24,Rio Grande do Norte,2403,Mossoró,240011,Açu,04507,2404507,Guamaré,
24,Rio Grande do Norte,2401,Natal,240001,Natal,04606,2404606,Ielmo Marinho,
24,Rio Grande do Norte,2403,Mossoró,240011,Açu,04705,2404705,Ipanguaçu,
24,Rio Grande do Norte,2402,Caicó,240007,Caicó,04804,2404804,Ipueira,
24,Rio Grande do Norte,2403,Mossoró,240011,Açu,04853,2404853,Itajá,
24,Rio Grande do Norte,2403,Mossoró,240009,Mossoró,04903,2404903,Itaú,
24,Rio Grande do Norte,2401,Natal,240004,Santa Cruz,05009,2405009,Jaçanã,
24,Rio Grande do Norte,2401,Natal,240005,João Câmara,05108,2405108,Jandaíra,
24,Rio Grande do Norte,2403,Mossoró,240009,Mossoró,05207,2405207,Janduís,
24,Rio Grande do Norte,2401,Natal,240002,Santo Antônio - Passa e Fica - Nova Cruz,05306,2405306,Januário Cicco,
24,Rio Grande do Norte,2401,Natal,240004,Santa Cruz,05405,2405405,Japi,
24,Rio Grande do Norte,2401,Natal,240005,João Câmara,05504,2405504,Jardim de Angicos,
24,Rio Grande do Norte,2402,Caicó,240007,Caicó,05603,2405603,Jardim de Piranhas,
24,Rio Grande do Norte,2402,Caicó,240007,Caicó,05702,2405702,Jardim do Seridó,
24,Rio Grande do Norte,2401,Natal,240005,João Câmara,05801,2405801,João Câmara,
24,Rio Grande do Norte,2403,Mossoró,240010,Pau dos Ferros,05900,2405900,João Dias,
24,Rio Grande do Norte,2403,Mossoró,240010,Pau dos Ferros,06007,2406007,José da Penha,
24,Rio Grande do Norte,2402,Caicó,240007,Caicó,06106,2406106,Jucurutu,
24,Rio Grande do Norte,2401,Natal,240001,Natal,06155,2406155,Jundiá,
24,Rio Grande do Norte,2401,Natal,240002,Santo Antônio - Passa e Fica - Nova Cruz,06205,2406205,Lagoa d'Anta,
24,Rio Grande do Norte,2401,Natal,240002,Santo Antônio - Passa e Fica - Nova Cruz,06304,2406304,Lagoa de Pedras,
24,Rio Grande do Norte,2401,Natal,240006,São Paulo do Potengi,06403,2406403,Lagoa de Velhos,
24,Rio Grande do Norte,2402,Caicó,240008,Currais Novos,06502,2406502,Lagoa Nova,
24,Rio Grande do Norte,2401,Natal,240001,Natal,06601,2406601,Lagoa Salgada,
24,Rio Grande do Norte,2403,Mossoró,240011,Açu,06700,2406700,Lajes,
24,Rio Grande do Norte,2401,Natal,240004,Santa Cruz,06809,2406809,Lajes Pintadas,
24,Rio Grande do Norte,2403,Mossoró,240010,Pau dos Ferros,06908,2406908,Lucrécia,
24,Rio Grande do Norte,2403,Mossoró,240010,Pau dos Ferros,07005,2407005,Luís Gomes,
24,Rio Grande do Norte,2401,Natal,240001,Natal,07104,2407104,Macaíba,
24,Rio Grande do Norte,2403,Mossoró,240011,Açu,07203,2407203,Macau,
24,Rio Grande do Norte,2403,Mossoró,240010,Pau dos Ferros,07252,2407252,Major Sales,
24,Rio Grande do Norte,2403,Mossoró,240010,Pau dos Ferros,07302,2407302,Marcelino Vieira,
24,Rio Grande do Norte,2403,Mossoró,240010,Pau dos Ferros,07401,2407401,Martins,
24,Rio Grande do Norte,2401,Natal,240001,Natal,07500,2407500,Maxaranguape,
24,Rio Grande do Norte,2403,Mossoró,240009,Mossoró,07609,2407609,Messias Targino,
24,Rio Grande do Norte,2401,Natal,240003,Canguaretama,07708,2407708,Montanhas,
24,Rio Grande do Norte,2401,Natal,240001,Natal,07807,2407807,Monte Alegre,
24,Rio Grande do Norte,2401,Natal,240002,Santo Antônio - Passa e Fica - Nova Cruz,07906,2407906,Monte das Gameleiras,
24,Rio Grande do Norte,2403,Mossoró,240009,Mossoró,08003,2408003,Mossoró,
24,Rio Grande do Norte,2401,Natal,240001,Natal,08102,2408102,Natal,
24,Rio Grande do Norte,2401,Natal,240001,Natal,08201,2408201,Nísia Floresta,
24,Rio Grande do Norte,2401,Natal,240002,Santo Antônio - Passa e Fica - Nova Cruz,08300,2408300,Nova Cruz,
24,Rio Grande do Norte,2403,Mossoró,240010,Pau dos Ferros,08409,2408409,Olho d'Água do Borges,
24,Rio Grande do Norte,2402,Caicó,240007,Caicó,08508,2408508,Ouro Branco,
24,Rio Grande do Norte,2403,Mossoró,240010,Pau dos Ferros,08607,2408607,Paraná,
24,Rio Grande do Norte,2403,Mossoró,240011,Açu,08706,2408706,Paraú,
24,Rio Grande do Norte,2401,Natal,240005,João Câmara,08805,2408805,Parazinho,
24,Rio Grande do Norte,2402,Caicó,240007,Caicó,08904,2408904,Parelhas,
24,Rio Grande do Norte,2401,Natal,240001,Natal,03251,2403251,Parnamirim,
24,Rio Grande do Norte,2401,Natal,240002,Santo Antônio - Passa e Fica - Nova Cruz,09100,2409100,Passa e Fica,
24,Rio Grande do Norte,2401,Natal,240002,Santo Antônio - Passa e Fica - Nova Cruz,09209,2409209,Passagem,
24,Rio Grande do Norte,2403,Mossoró,240010,Pau dos Ferros,09308,2409308,Patu,
24,Rio Grande do Norte,2403,Mossoró,240010,Pau dos Ferros,09407,2409407,Pau dos Ferros,
24,Rio Grande do Norte,2401,Natal,240005,João Câmara,09506,2409506,Pedra Grande,
24,Rio Grande do Norte,2401,Natal,240005,João Câmara,09605,2409605,Pedra Preta,
24,Rio Grande do Norte,2401,Natal,240005,João Câmara,09704,2409704,Pedro Avelino,
24,Rio Grande do Norte,2401,Natal,240003,Canguaretama,09803,2409803,Pedro Velho,
24,Rio Grande do Norte,2403,Mossoró,240011,Açu,09902,2409902,Pendências,
24,Rio Grande do Norte,2403,Mossoró,240010,Pau dos Ferros,10009,2410009,Pilões,
24,Rio Grande do Norte,2401,Natal,240001,Natal,10108,2410108,Poço Branco,
24,Rio Grande do Norte,2403,Mossoró,240010,Pau dos Ferros,10207,2410207,Portalegre,
24,Rio Grande do Norte,2403,Mossoró,240011,Açu,10256,2410256,Porto do Mangue,
24,Rio Grande do Norte,2401,Natal,240001,Natal,10405,2410405,Pureza,
24,Rio Grande do Norte,2403,Mossoró,240010,Pau dos Ferros,10504,2410504,Rafael Fernandes,
24,Rio Grande do Norte,2403,Mossoró,240010,Pau dos Ferros,10603,2410603,Rafael Godeiro,
24,Rio Grande do Norte,2403,Mossoró,240010,Pau dos Ferros,10702,2410702,Riacho da Cruz,
24,Rio Grande do Norte,2403,Mossoró,240010,Pau dos Ferros,10801,2410801,Riacho de Santana,
24,Rio Grande do Norte,2401,Natal,240006,São Paulo do Potengi,10900,2410900,Riachuelo,
24,Rio Grande do Norte,2401,Natal,240001,Natal,08953,2408953,Rio do Fogo,
24,Rio Grande do Norte,2403,Mossoró,240009,Mossoró,11007,2411007,Rodolfo Fernandes,
24,Rio Grande do Norte,2401,Natal,240006,São Paulo do Potengi,11106,2411106,Ruy Barbosa,
24,Rio Grande do Norte,2401,Natal,240004,Santa Cruz,11205,2411205,Santa Cruz,
24,Rio Grande do Norte,2401,Natal,240006,São Paulo do Potengi,09332,2409332,Santa Maria,
24,Rio Grande do Norte,2403,Mossoró,240011,Açu,11403,2411403,Santana do Matos,
24,Rio Grande do Norte,2402,Caicó,240007,Caicó,11429,2411429,Santana do Seridó,
24,Rio Grande do Norte,2401,Natal,240002,Santo Antônio - Passa e Fica - Nova Cruz,11502,2411502,Santo Antônio,
24,Rio Grande do Norte,2401,Natal,240005,João Câmara,11601,2411601,São Bento do Norte,
24,Rio Grande do Norte,2401,Natal,240004,Santa Cruz,11700,2411700,São Bento do Trairí,
24,Rio Grande do Norte,2402,Caicó,240007,Caicó,11809,2411809,São Fernando,
24,Rio Grande do Norte,2403,Mossoró,240010,Pau dos Ferros,11908,2411908,São Francisco do Oeste,
24,Rio Grande do Norte,2401,Natal,240001,Natal,12005,2412005,São Gonçalo do Amarante,
24,Rio Grande do Norte,2402,Caicó,240007,Caicó,12104,2412104,São João do Sabugi,
24,Rio Grande do Norte,2401,Natal,240001,Natal,12203,2412203,São José de Mipibu,
24,Rio Grande do Norte,2401,Natal,240002,Santo Antônio - Passa e Fica - Nova Cruz,12302,2412302,São José do Campestre,
24,Rio Grande do Norte,2402,Caicó,240007,Caicó,12401,2412401,São José do Seridó,
24,Rio Grande do Norte,2403,Mossoró,240010,Pau dos Ferros,12500,2412500,São Miguel,
24,Rio Grande do Norte,2401,Natal,240001,Natal,12559,2412559,São Miguel do Gostoso,
24,Rio Grande do Norte,2401,Natal,240006,São Paulo do Potengi,12609,2412609,São Paulo do Potengi,
24,Rio Grande do Norte,2401,Natal,240006,São Paulo do Potengi,12708,2412708,São Pedro,
24,Rio Grande do Norte,2403,Mossoró,240011,Açu,12807,2412807,São Rafael,
24,Rio Grande do Norte,2401,Natal,240006,São Paulo do Potengi,12906,2412906,São Tomé,
24,Rio Grande do Norte,2402,Caicó,240008,Currais Novos,13003,2413003,São Vicente,
24,Rio Grande do Norte,2401,Natal,240006,São Paulo do Potengi,13102,2413102,Senador Elói de Souza,
24,Rio Grande do Norte,2401,Natal,240001,Natal,13201,2413201,Senador Georgino Avelino,
24,Rio Grande do Norte,2401,Natal,240002,Santo Antônio - Passa e Fica - Nova Cruz,10306,2410306,Serra Caiada,
24,Rio Grande do Norte,2401,Natal,240002,Santo Antônio - Passa e Fica - Nova Cruz,13300,2413300,Serra de São Bento,
24,Rio Grande do Norte,2403,Mossoró,240009,Mossoró,13359,2413359,Serra do Mel,
24,Rio Grande do Norte,2402,Caicó,240007,Caicó,13409,2413409,Serra Negra do Norte,
24,Rio Grande do Norte,2401,Natal,240002,Santo Antônio - Passa e Fica - Nova Cruz,13508,2413508,Serrinha,
24,Rio Grande do Norte,2403,Mossoró,240010,Pau dos Ferros,13557,2413557,Serrinha dos Pintos,
24,Rio Grande do Norte,2403,Mossoró,240009,Mossoró,13607,2413607,Severiano Melo,
24,Rio Grande do Norte,2401,Natal,240004,Santa Cruz,13706,2413706,Sítio Novo,
24,Rio Grande do Norte,2403,Mossoró,240010,Pau dos Ferros,13805,2413805,Taboleiro Grande,
24,Rio Grande do Norte,2401,Natal,240001,Natal,13904,2413904,Taipu,
24,Rio Grande do Norte,2401,Natal,240004,Santa Cruz,14001,2414001,Tangará,
24,Rio Grande do Norte,2403,Mossoró,240010,Pau dos Ferros,14100,2414100,Tenente Ananias,
24,Rio Grande do Norte,2402,Caicó,240008,Currais Novos,14159,2414159,Tenente Laurentino Cruz,
24,Rio Grande do Norte,2403,Mossoró,240009,Mossoró,11056,2411056,Tibau,
24,Rio Grande do Norte,2401,Natal,240003,Canguaretama,14209,2414209,Tibau do Sul,
24,Rio Grande do Norte,2402,Caicó,240007,Caicó,14308,2414308,Timbaúba dos Batistas,
24,Rio Grande do Norte,2401,Natal,240001,Natal,14407,2414407,Touros,
24,Rio Grande do Norte,2403,Mossoró,240011,Açu,14456,2414456,Triunfo Potiguar,
24,Rio Grande do Norte,2403,Mossoró,240010,Pau dos Ferros,14506,2414506,Umarizal,
24,Rio Grande do Norte,2403,Mossoró,240009,Mossoró,14605,2414605,Upanema,
24,Rio Grande do Norte,2401,Natal,240002,Santo Antônio - Passa e Fica - Nova Cruz,14704,2414704,Várzea,
24,Rio Grande do Norte,2403,Mossoró,240010,Pau dos Ferros,14753,2414753,Venha-Ver,
24,Rio Grande do Norte,2401,Natal,240001,Natal,14803,2414803,Vera Cruz,
24,Rio Grande do Norte,2403,Mossoró,240010,Pau dos Ferros,14902,2414902,Viçosa,
24,Rio Grande do Norte,2401,Natal,240003,Canguaretama,15008,2415008,Vila Flor,
25,Paraíba,2503,Patos,250009,Patos,00106,2500106,Água Branca,
25,Paraíba,2503,Patos,250010,Itaporanga,00205,2500205,Aguiar,
25,Paraíba,2502,Campina Grande,250005,Campina Grande,00304,2500304,Alagoa Grande,
25,Paraíba,2502,Campina Grande,250005,Campina Grande,00403,2500403,Alagoa Nova,
25,Paraíba,2501,João Pessoa,250002,Guarabira,00502,2500502,Alagoinha,
25,Paraíba,2502,Campina Grande,250005,Campina Grande,00536,2500536,Alcantil,
25,Paraíba,2502,Campina Grande,250005,Campina Grande,00577,2500577,Algodão de Jandaíra,
25,Paraíba,2501,João Pessoa,250001,João Pessoa,00601,2500601,Alhandra,
25,Paraíba,2502,Campina Grande,250008,Sumé,00734,2500734,Amparo,
25,Paraíba,2504,Sousa - Cajazeiras,250014,Sousa,00775,2500775,Aparecida,
25,Paraíba,2501,João Pessoa,250002,Guarabira,00809,2500809,Araçagi,
25,Paraíba,2501,João Pessoa,250002,Guarabira,00908,2500908,Arara,
25,Paraíba,2501,João Pessoa,250002,Guarabira,01005,2501005,Araruna,
25,Paraíba,2502,Campina Grande,250005,Campina Grande,01104,2501104,Areia,
25,Paraíba,2503,Patos,250009,Patos,01153,2501153,Areia de Baraúnas,
25,Paraíba,2502,Campina Grande,250005,Campina Grande,01203,2501203,Areial,
25,Paraíba,2502,Campina Grande,250005,Campina Grande,01302,2501302,Aroeiras,
25,Paraíba,2502,Campina Grande,250005,Campina Grande,01351,2501351,Assunção,
25,Paraíba,2501,João Pessoa,250003,Mamanguape - Rio Tinto,01401,2501401,Baía da Traição,
25,Paraíba,2501,João Pessoa,250002,Guarabira,01500,2501500,Bananeiras,
25,Paraíba,2502,Campina Grande,250006,Cuité - Nova Floresta,01534,2501534,Baraúna,
25,Paraíba,2502,Campina Grande,250006,Cuité - Nova Floresta,01609,2501609,Barra de Santa Rosa,
25,Paraíba,2502,Campina Grande,250005,Campina Grande,01575,2501575,Barra de Santana,
25,Paraíba,2502,Campina Grande,250005,Campina Grande,01708,2501708,Barra de São Miguel,
25,Paraíba,2501,João Pessoa,250001,João Pessoa,01807,2501807,Bayeux,
25,Paraíba,2501,João Pessoa,250002,Guarabira,01906,2501906,Belém,
25,Paraíba,2503,Patos,250011,Catolé do Rocha - São Bento,02003,2502003,Belém do Brejo do Cruz,
25,Paraíba,2504,Sousa - Cajazeiras,250014,Sousa,02052,2502052,Bernardino Batista,
25,Paraíba,2503,Patos,250010,Itaporanga,02102,2502102,Boa Ventura,
25,Paraíba,2502,Campina Grande,250005,Campina Grande,02151,2502151,Boa Vista,
25,Paraíba,2504,Sousa - Cajazeiras,250015,Cajazeiras,02201,2502201,Bom Jesus,
25,Paraíba,2503,Patos,250011,Catolé do Rocha - São Bento,02300,2502300,Bom Sucesso,
25,Paraíba,2504,Sousa - Cajazeiras,250015,Cajazeiras,02409,2502409,Bonito de Santa Fé,
25,Paraíba,2502,Campina Grande,250005,Campina Grande,02508,2502508,Boqueirão,
25,Paraíba,2501,João Pessoa,250002,Guarabira,02706,2502706,Borborema,
25,Paraíba,2503,Patos,250011,Catolé do Rocha - São Bento,02805,2502805,Brejo do Cruz,
25,Paraíba,2503,Patos,250011,Catolé do Rocha - São Bento,02904,2502904,Brejo dos Santos,
25,Paraíba,2501,João Pessoa,250001,João Pessoa,03001,2503001,Caaporã,
25,Paraíba,2502,Campina Grande,250005,Campina Grande,03100,2503100,Cabaceiras,
25,Paraíba,2501,João Pessoa,250001,João Pessoa,03209,2503209,Cabedelo,
25,Paraíba,2504,Sousa - Cajazeiras,250015,Cajazeiras,03308,2503308,Cachoeira dos Índios,
25,Paraíba,2503,Patos,250009,Patos,03407,2503407,Cacimba de Areia,
25,Paraíba,2501,João Pessoa,250002,Guarabira,03506,2503506,Cacimba de Dentro,
25,Paraíba,2503,Patos,250009,Patos,03555,2503555,Cacimbas,
25,Paraíba,2501,João Pessoa,250002,Guarabira,03605,2503605,Caiçara,
25,Paraíba,2504,Sousa - Cajazeiras,250015,Cajazeiras,03704,2503704,Cajazeiras,
25,Paraíba,2503,Patos,250012,Pombal,03753,2503753,Cajazeirinhas,
25,Paraíba,2501,João Pessoa,250001,João Pessoa,03803,2503803,Caldas Brandão,
25,Paraíba,2502,Campina Grande,250007,Monteiro,03902,2503902,Camalaú,
25,Paraíba,2502,Campina Grande,250005,Campina Grande,04009,2504009,Campina Grande,
25,Paraíba,2501,João Pessoa,250003,Mamanguape - Rio Tinto,04033,2504033,Capim,
25,Paraíba,2502,Campina Grande,250005,Campina Grande,04074,2504074,Caraúbas,
25,Paraíba,2504,Sousa - Cajazeiras,250015,Cajazeiras,04108,2504108,Carrapateira,
25,Paraíba,2501,João Pessoa,250002,Guarabira,04157,2504157,Casserengue,
25,Paraíba,2503,Patos,250009,Patos,04207,2504207,Catingueira,
25,Paraíba,2503,Patos,250011,Catolé do Rocha - São Bento,04306,2504306,Catolé do Rocha,
25,Paraíba,2502,Campina Grande,250005,Campina Grande,04355,2504355,Caturité,
25,Paraíba,2503,Patos,250010,Itaporanga,04405,2504405,Conceição,
25,Paraíba,2503,Patos,250012,Pombal,04504,2504504,Condado,
25,Paraíba,2501,João Pessoa,250001,João Pessoa,04603,2504603,Conde,
25,Paraíba,2502,Campina Grande,250008,Sumé,04702,2504702,Congo,
25,Paraíba,2503,Patos,250009,Patos,04801,2504801,Coremas,
25,Paraíba,2502,Campina Grande,250008,Sumé,04850,2504850,Coxixola,
25,Paraíba,2501,João Pessoa,250001,João Pessoa,04900,2504900,Cruz do Espírito Santo,
25,Paraíba,2502,Campina Grande,250005,Campina Grande,05006,2505006,Cubati,
25,Paraíba,2502,Campina Grande,250006,Cuité - Nova Floresta,05105,2505105,Cuité,
25,Paraíba,2501,João Pessoa,250001,João Pessoa,05238,2505238,Cuité de Mamanguape,
25,Paraíba,2501,João Pessoa,250002,Guarabira,05204,2505204,Cuitegi,
25,Paraíba,2501,João Pessoa,250003,Mamanguape - Rio Tinto,05279,2505279,Curral de Cima,
25,Paraíba,2503,Patos,250010,Itaporanga,05303,2505303,Curral Velho,
25,Paraíba,2502,Campina Grande,250006,Cuité - Nova Floresta,05352,2505352,Damião,
25,Paraíba,2503,Patos,250009,Patos,05402,2505402,Desterro,
25,Paraíba,2503,Patos,250010,Itaporanga,05600,2505600,Diamante,
25,Paraíba,2501,João Pessoa,250002,Guarabira,05709,2505709,Dona Inês,
25,Paraíba,2501,João Pessoa,250002,Guarabira,05808,2505808,Duas Estradas,
25,Paraíba,2503,Patos,250009,Patos,05907,2505907,Emas,
25,Paraíba,2502,Campina Grande,250005,Campina Grande,06004,2506004,Esperança,
25,Paraíba,2502,Campina Grande,250005,Campina Grande,06103,2506103,Fagundes,
25,Paraíba,2502,Campina Grande,250006,Cuité - Nova Floresta,06202,2506202,Frei Martinho,
25,Paraíba,2502,Campina Grande,250005,Campina Grande,06251,2506251,Gado Bravo,
25,Paraíba,2501,João Pessoa,250002,Guarabira,06301,2506301,Guarabira,
25,Paraíba,2501,João Pessoa,250001,João Pessoa,06400,2506400,Gurinhém,
25,Paraíba,2502,Campina Grande,250005,Campina Grande,06509,2506509,Gurjão,
25,Paraíba,2503,Patos,250010,Itaporanga,06608,2506608,Ibiara,
25,Paraíba,2503,Patos,250010,Itaporanga,02607,2502607,Igaracy,
25,Paraíba,2503,Patos,250009,Patos,06707,2506707,Imaculada,
25,Paraíba,2502,Campina Grande,250005,Campina Grande,06806,2506806,Ingá,
25,Paraíba,2501,João Pessoa,250004,Itabaiana,06905,2506905,Itabaiana,
25,Paraíba,2503,Patos,250010,Itaporanga,07002,2507002,Itaporanga,
25,Paraíba,2501,João Pessoa,250003,Mamanguape - Rio Tinto,07101,2507101,Itapororoca,
25,Paraíba,2502,Campina Grande,250005,Campina Grande,07200,2507200,Itatuba,
25,Paraíba,2501,João Pessoa,250003,Mamanguape - Rio Tinto,07309,2507309,Jacaraú,
25,Paraíba,2503,Patos,250011,Catolé do Rocha - São Bento,07408,2507408,Jericó,
25,Paraíba,2501,João Pessoa,250001,João Pessoa,07507,2507507,João Pessoa,
25,Paraíba,2504,Sousa - Cajazeiras,250014,Sousa,13653,2513653,Joca Claudino,
25,Paraíba,2501,João Pessoa,250001,João Pessoa,07606,2507606,Juarez Távora,
25,Paraíba,2502,Campina Grande,250005,Campina Grande,07705,2507705,Juazeirinho,
25,Paraíba,2502,Campina Grande,250005,Campina Grande,07804,2507804,Junco do Seridó,
25,Paraíba,2501,João Pessoa,250001,João Pessoa,07903,2507903,Juripiranga,
25,Paraíba,2503,Patos,250013,Princesa Isabel,08000,2508000,Juru,
25,Paraíba,2503,Patos,250012,Pombal,08109,2508109,Lagoa,
25,Paraíba,2501,João Pessoa,250002,Guarabira,08208,2508208,Lagoa de Dentro,
25,Paraíba,2502,Campina Grande,250005,Campina Grande,08307,2508307,Lagoa Seca,
25,Paraíba,2504,Sousa - Cajazeiras,250014,Sousa,08406,2508406,Lastro,
25,Paraíba,2502,Campina Grande,250008,Sumé,08505,2508505,Livramento,
25,Paraíba,2501,João Pessoa,250002,Guarabira,08554,2508554,Logradouro,
25,Paraíba,2501,João Pessoa,250001,João Pessoa,08604,2508604,Lucena,
25,Paraíba,2503,Patos,250009,Patos,08703,2508703,Mãe d'Água,
25,Paraíba,2503,Patos,250009,Patos,08802,2508802,Malta,
25,Paraíba,2501,João Pessoa,250003,Mamanguape - Rio Tinto,08901,2508901,Mamanguape,
25,Paraíba,2503,Patos,250013,Princesa Isabel,09008,2509008,Manaíra,
25,Paraíba,2501,João Pessoa,250003,Mamanguape - Rio Tinto,09057,2509057,Marcação,
25,Paraíba,2501,João Pessoa,250001,João Pessoa,09107,2509107,Mari,
25,Paraíba,2504,Sousa - Cajazeiras,250014,Sousa,09156,2509156,Marizópolis,
25,Paraíba,2502,Campina Grande,250005,Campina Grande,09206,2509206,Massaranduba,
25,Paraíba,2501,João Pessoa,250003,Mamanguape - Rio Tinto,09305,2509305,Mataraca,
25,Paraíba,2502,Campina Grande,250005,Campina Grande,09339,2509339,Matinhas,
25,Paraíba,2503,Patos,250011,Catolé do Rocha - São Bento,09370,2509370,Mato Grosso,
25,Paraíba,2503,Patos,250009,Patos,09396,2509396,Maturéia,
25,Paraíba,2501,João Pessoa,250004,Itabaiana,09404,2509404,Mogeiro,
25,Paraíba,2502,Campina Grande,250005,Campina Grande,09503,2509503,Montadas,
25,Paraíba,2504,Sousa - Cajazeiras,250015,Cajazeiras,09602,2509602,Monte Horebe,
25,Paraíba,2502,Campina Grande,250007,Monteiro,09701,2509701,Monteiro,
25,Paraíba,2501,João Pessoa,250002,Guarabira,09800,2509800,Mulungu,
25,Paraíba,2501,João Pessoa,250004,Itabaiana,09909,2509909,Natuba,
25,Paraíba,2504,Sousa - Cajazeiras,250014,Sousa,10006,2510006,Nazarezinho,
25,Paraíba,2502,Campina Grande,250006,Cuité - Nova Floresta,10105,2510105,Nova Floresta,
25,Paraíba,2503,Patos,250010,Itaporanga,10204,2510204,Nova Olinda,
25,Paraíba,2502,Campina Grande,250006,Cuité - Nova Floresta,10303,2510303,Nova Palmeira,
25,Paraíba,2503,Patos,250009,Patos,10402,2510402,Olho d'Água,
25,Paraíba,2502,Campina Grande,250005,Campina Grande,10501,2510501,Olivedos,
25,Paraíba,2502,Campina Grande,250007,Monteiro,10600,2510600,Ouro Velho,
25,Paraíba,2502,Campina Grande,250008,Sumé,10659,2510659,Parari,
25,Paraíba,2503,Patos,250009,Patos,10709,2510709,Passagem,
25,Paraíba,2503,Patos,250009,Patos,10808,2510808,Patos,
25,Paraíba,2503,Patos,250012,Pombal,10907,2510907,Paulista,
25,Paraíba,2503,Patos,250010,Itaporanga,11004,2511004,Pedra Branca,
25,Paraíba,2502,Campina Grande,250006,Cuité - Nova Floresta,11103,2511103,Pedra Lavrada,
25,Paraíba,2501,João Pessoa,250001,João Pessoa,11202,2511202,Pedras de Fogo,
25,Paraíba,2501,João Pessoa,250003,Mamanguape - Rio Tinto,12721,2512721,Pedro Régis,
25,Paraíba,2503,Patos,250010,Itaporanga,11301,2511301,Piancó,
25,Paraíba,2502,Campina Grande,250006,Cuité - Nova Floresta,11400,2511400,Picuí,
25,Paraíba,2501,João Pessoa,250001,João Pessoa,11509,2511509,Pilar,
25,Paraíba,2501,João Pessoa,250002,Guarabira,11608,2511608,Pilões,
25,Paraíba,2501,João Pessoa,250002,Guarabira,11707,2511707,Pilõezinhos,
25,Paraíba,2501,João Pessoa,250002,Guarabira,11806,2511806,Pirpirituba,
25,Paraíba,2501,João Pessoa,250001,João Pessoa,11905,2511905,Pitimbu,
25,Paraíba,2502,Campina Grande,250005,Campina Grande,12002,2512002,Pocinhos,
25,Paraíba,2504,Sousa - Cajazeiras,250014,Sousa,12036,2512036,Poço Dantas,
25,Paraíba,2504,Sousa - Cajazeiras,250015,Cajazeiras,12077,2512077,Poço de José de Moura,
25,Paraíba,2503,Patos,250012,Pombal,12101,2512101,Pombal,
25,Paraíba,2502,Campina Grande,250007,Monteiro,12200,2512200,Prata,
25,Paraíba,2503,Patos,250013,Princesa Isabel,12309,2512309,Princesa Isabel,
25,Paraíba,2502,Campina Grande,250005,Campina Grande,12408,2512408,Puxinanã,
25,Paraíba,2502,Campina Grande,250005,Campina Grande,12507,2512507,Queimadas,
25,Paraíba,2503,Patos,250009,Patos,12606,2512606,Quixaba,
25,Paraíba,2502,Campina Grande,250005,Campina Grande,12705,2512705,Remígio,
25,Paraíba,2501,João Pessoa,250002,Guarabira,12747,2512747,Riachão,
25,Paraíba,2502,Campina Grande,250005,Campina Grande,12754,2512754,Riachão do Bacamarte,
25,Paraíba,2501,João Pessoa,250001,João Pessoa,12762,2512762,Riachão do Poço,
25,Paraíba,2502,Campina Grande,250005,Campina Grande,12788,2512788,Riacho de Santo Antônio,
25,Paraíba,2503,Patos,250011,Catolé do Rocha - São Bento,12804,2512804,Riacho dos Cavalos,
25,Paraíba,2501,João Pessoa,250003,Mamanguape - Rio Tinto,12903,2512903,Rio Tinto,
25,Paraíba,2503,Patos,250009,Patos,13000,2513000,Salgadinho,
25,Paraíba,2501,João Pessoa,250004,Itabaiana,13109,2513109,Salgado de São Félix,
25,Paraíba,2502,Campina Grande,250005,Campina Grande,13158,2513158,Santa Cecília,
25,Paraíba,2504,Sousa - Cajazeiras,250014,Sousa,13208,2513208,Santa Cruz,
25,Paraíba,2504,Sousa - Cajazeiras,250015,Cajazeiras,13307,2513307,Santa Helena,
25,Paraíba,2503,Patos,250010,Itaporanga,13356,2513356,Santa Inês,
25,Paraíba,2503,Patos,250009,Patos,13406,2513406,Santa Luzia,
25,Paraíba,2501,João Pessoa,250001,João Pessoa,13703,2513703,Santa Rita,
25,Paraíba,2503,Patos,250009,Patos,13802,2513802,Santa Teresinha,
25,Paraíba,2503,Patos,250010,Itaporanga,13505,2513505,Santana de Mangueira,
25,Paraíba,2503,Patos,250010,Itaporanga,13604,2513604,Santana dos Garrotes,
25,Paraíba,2502,Campina Grande,250005,Campina Grande,13851,2513851,Santo André,
25,Paraíba,2503,Patos,250012,Pombal,13927,2513927,São Bentinho,
25,Paraíba,2503,Patos,250011,Catolé do Rocha - São Bento,13901,2513901,São Bento,
25,Paraíba,2503,Patos,250012,Pombal,13968,2513968,São Domingos,
25,Paraíba,2502,Campina Grande,250005,Campina Grande,13943,2513943,São Domingos do Cariri,
25,Paraíba,2504,Sousa - Cajazeiras,250014,Sousa,13984,2513984,São Francisco,
25,Paraíba,2502,Campina Grande,250005,Campina Grande,14008,2514008,São João do Cariri,
25,Paraíba,2504,Sousa - Cajazeiras,250015,Cajazeiras,00700,2500700,São João do Rio do Peixe,
25,Paraíba,2502,Campina Grande,250007,Monteiro,14107,2514107,São João do Tigre,
25,Paraíba,2504,Sousa - Cajazeiras,250014,Sousa,14206,2514206,São José da Lagoa Tapada,
25,Paraíba,2503,Patos,250010,Itaporanga,14305,2514305,São José de Caiana,
25,Paraíba,2503,Patos,250009,Patos,14404,2514404,São José de Espinharas,
25,Paraíba,2504,Sousa - Cajazeiras,250015,Cajazeiras,14503,2514503,São José de Piranhas,
25,Paraíba,2503,Patos,250013,Princesa Isabel,14552,2514552,São José de Princesa,
25,Paraíba,2503,Patos,250009,Patos,14602,2514602,São José do Bonfim,
25,Paraíba,2503,Patos,250011,Catolé do Rocha - São Bento,14651,2514651,São José do Brejo do Cruz,
25,Paraíba,2503,Patos,250009,Patos,14701,2514701,São José do Sabugi,
25,Paraíba,2502,Campina Grande,250008,Sumé,14800,2514800,São José dos Cordeiros,
25,Paraíba,2501,João Pessoa,250004,Itabaiana,14453,2514453,São José dos Ramos,
25,Paraíba,2503,Patos,250009,Patos,14909,2514909,São Mamede,
25,Paraíba,2501,João Pessoa,250001,João Pessoa,15005,2515005,São Miguel de Taipu,
25,Paraíba,2502,Campina Grande,250005,Campina Grande,15104,2515104,São Sebastião de Lagoa de Roça,
25,Paraíba,2502,Campina Grande,250007,Monteiro,15203,2515203,São Sebastião do Umbuzeiro,
25,Paraíba,2502,Campina Grande,250005,Campina Grande,15401,2515401,São Vicente do Seridó,
25,Paraíba,2501,João Pessoa,250001,João Pessoa,15302,2515302,Sapé,
25,Paraíba,2502,Campina Grande,250008,Sumé,15500,2515500,Serra Branca,
25,Paraíba,2501,João Pessoa,250002,Guarabira,15609,2515609,Serra da Raiz,
25,Paraíba,2504,Sousa - Cajazeiras,250015,Cajazeiras,15708,2515708,Serra Grande,
25,Paraíba,2502,Campina Grande,250005,Campina Grande,15807,2515807,Serra Redonda,
25,Paraíba,2501,João Pessoa,250002,Guarabira,15906,2515906,Serraria,
25,Paraíba,2501,João Pessoa,250002,Guarabira,15930,2515930,Sertãozinho,
25,Paraíba,2501,João Pessoa,250001,João Pessoa,15971,2515971,Sobrado,
25,Paraíba,2501,João Pessoa,250002,Guarabira,16003,2516003,Solânea,
25,Paraíba,2502,Campina Grande,250005,Campina Grande,16102,2516102,Soledade,
25,Paraíba,2502,Campina Grande,250006,Cuité - Nova Floresta,16151,2516151,Sossêgo,
25,Paraíba,2504,Sousa - Cajazeiras,250014,Sousa,16201,2516201,Sousa,
25,Paraíba,2502,Campina Grande,250008,Sumé,16300,2516300,Sumé,
25,Paraíba,2501,João Pessoa,250002,Guarabira,16409,2516409,Tacima,
25,Paraíba,2502,Campina Grande,250005,Campina Grande,16508,2516508,Taperoá,
25,Paraíba,2503,Patos,250013,Princesa Isabel,16607,2516607,Tavares,
25,Paraíba,2503,Patos,250009,Patos,16706,2516706,Teixeira,
25,Paraíba,2502,Campina Grande,250005,Campina Grande,16755,2516755,Tenório,
25,Paraíba,2504,Sousa - Cajazeiras,250015,Cajazeiras,16805,2516805,Triunfo,
25,Paraíba,2504,Sousa - Cajazeiras,250014,Sousa,16904,2516904,Uiraúna,
25,Paraíba,2502,Campina Grande,250005,Campina Grande,17001,2517001,Umbuzeiro,
25,Paraíba,2503,Patos,250009,Patos,17100,2517100,Várzea,
25,Paraíba,2504,Sousa - Cajazeiras,250014,Sousa,17209,2517209,Vieirópolis,
25,Paraíba,2503,Patos,250009,Patos,05501,2505501,Vista Serrana,
25,Paraíba,2502,Campina Grande,250007,Monteiro,17407,2517407,Zabelê,
26,Pernambuco,2601,Recife,260001,Recife,00054,2600054,Abreu e Lima,
26,Pernambuco,2603,Serra Talhada,260014,Afogados da Ingazeira,00104,2600104,Afogados da Ingazeira,
26,Pernambuco,2604,Petrolina,260015,Petrolina,00203,2600203,Afrânio,
26,Pernambuco,2602,Caruaru,260009,Caruaru,00302,2600302,Agrestina,
26,Pernambuco,2601,Recife,260003,Palmares,00401,2600401,Água Preta,
26,Pernambuco,2602,Caruaru,260010,Garanhuns,00500,2600500,Águas Belas,
26,Pernambuco,2602,Caruaru,260012,Belo Jardim ¿ Pesqueira,00609,2600609,Alagoinha,
26,Pernambuco,2601,Recife,260002,Goiana ¿ Timbaúba,00708,2600708,Aliança,
26,Pernambuco,2602,Caruaru,260009,Caruaru,00807,2600807,Altinho,
26,Pernambuco,2601,Recife,260018,Escada - Ribeirão,00906,2600906,Amaraji,
26,Pernambuco,2602,Caruaru,260010,Garanhuns,01003,2601003,Angelim,
26,Pernambuco,2601,Recife,260001,Recife,01052,2601052,Araçoiaba,
26,Pernambuco,2604,Petrolina,260016,Araripina,01102,2601102,Araripina,
26,Pernambuco,2602,Caruaru,260011,Arcoverde,01201,2601201,Arcoverde,
26,Pernambuco,2602,Caruaru,260009,Caruaru,01300,2601300,Barra de Guabiraba,
26,Pernambuco,2601,Recife,260007,Barreiros - Sirinhaém,01409,2601409,Barreiros,
26,Pernambuco,2601,Recife,260003,Palmares,01508,2601508,Belém de Maria,
26,Pernambuco,2604,Petrolina,260017,Salgueiro,01607,2601607,Belém do São Francisco,
26,Pernambuco,2602,Caruaru,260012,Belo Jardim ¿ Pesqueira,01706,2601706,Belo Jardim,
26,Pernambuco,2603,Serra Talhada,260013,Serra Talhada,01805,2601805,Betânia,
26,Pernambuco,2602,Caruaru,260009,Caruaru,01904,2601904,Bezerros,
26,Pernambuco,2604,Petrolina,260016,Araripina,02001,2602001,Bodocó,
26,Pernambuco,2602,Caruaru,260010,Garanhuns,02100,2602100,Bom Conselho,
26,Pernambuco,2601,Recife,260004,Limoeiro,02209,2602209,Bom Jardim,
26,Pernambuco,2602,Caruaru,260009,Caruaru,02308,2602308,Bonito,
26,Pernambuco,2602,Caruaru,260010,Garanhuns,02407,2602407,Brejão,
26,Pernambuco,2603,Serra Talhada,260014,Afogados da Ingazeira,02506,2602506,Brejinho,
26,Pernambuco,2602,Caruaru,260009,Caruaru,02605,2602605,Brejo da Madre de Deus,
26,Pernambuco,2601,Recife,260006,Carpina,02704,2602704,Buenos Aires,
26,Pernambuco,2602,Caruaru,260011,Arcoverde,02803,2602803,Buíque,
26,Pernambuco,2601,Recife,260001,Recife,02902,2602902,Cabo de Santo Agostinho,
26,Pernambuco,2604,Petrolina,260017,Salgueiro,03009,2603009,Cabrobó,
26,Pernambuco,2602,Caruaru,260009,Caruaru,03108,2603108,Cachoeirinha,
26,Pernambuco,2602,Caruaru,260010,Garanhuns,03207,2603207,Caetés,
26,Pernambuco,2602,Caruaru,260010,Garanhuns,03306,2603306,Calçado,
26,Pernambuco,2603,Serra Talhada,260013,Serra Talhada,03405,2603405,Calumbi,
26,Pernambuco,2601,Recife,260001,Recife,03454,2603454,Camaragibe,
26,Pernambuco,2602,Caruaru,260009,Caruaru,03504,2603504,Camocim de São Félix,
26,Pernambuco,2601,Recife,260002,Goiana ¿ Timbaúba,03603,2603603,Camutanga,
26,Pernambuco,2602,Caruaru,260010,Garanhuns,03702,2603702,Canhotinho,
26,Pernambuco,2602,Caruaru,260010,Garanhuns,03801,2603801,Capoeiras,
26,Pernambuco,2603,Serra Talhada,260014,Afogados da Ingazeira,03900,2603900,Carnaíba,
26,Pernambuco,2603,Serra Talhada,260013,Serra Talhada,03926,2603926,Carnaubeira da Penha,
26,Pernambuco,2601,Recife,260006,Carpina,04007,2604007,Carpina,
26,Pernambuco,2602,Caruaru,260009,Caruaru,04106,2604106,Caruaru,
26,Pernambuco,2601,Recife,260008,Surubim,04155,2604155,Casinhas,
26,Pernambuco,2601,Recife,260003,Palmares,04205,2604205,Catende,
26,Pernambuco,2604,Petrolina,260017,Salgueiro,04304,2604304,Cedro,
26,Pernambuco,2601,Recife,260005,Vitória de Santo Antão,04403,2604403,Chã de Alegria,
26,Pernambuco,2602,Caruaru,260009,Caruaru,04502,2604502,Chã Grande,
26,Pernambuco,2601,Recife,260002,Goiana ¿ Timbaúba,04601,2604601,Condado,
26,Pernambuco,2602,Caruaru,260010,Garanhuns,04700,2604700,Correntes,
26,Pernambuco,2601,Recife,260018,Escada - Ribeirão,04809,2604809,Cortês,
26,Pernambuco,2602,Caruaru,260009,Caruaru,04908,2604908,Cumaru,
26,Pernambuco,2602,Caruaru,260009,Caruaru,05004,2605004,Cupira,
26,Pernambuco,2602,Caruaru,260011,Arcoverde,05103,2605103,Custódia,
26,Pernambuco,2604,Petrolina,260015,Petrolina,05152,2605152,Dormentes,
26,Pernambuco,2601,Recife,260018,Escada - Ribeirão,05202,2605202,Escada,
26,Pernambuco,2604,Petrolina,260016,Araripina,05301,2605301,Exu,
26,Pernambuco,2601,Recife,260004,Limoeiro,05400,2605400,Feira Nova,
26,Pernambuco,2601,Recife,260001,Recife,05459,2605459,Fernando de Noronha,
26,Pernambuco,2601,Recife,260002,Goiana ¿ Timbaúba,05509,2605509,Ferreiros,
26,Pernambuco,2603,Serra Talhada,260013,Serra Talhada,05608,2605608,Flores,
26,Pernambuco,2603,Serra Talhada,260013,Serra Talhada,05707,2605707,Floresta,
26,Pernambuco,2601,Recife,260008,Surubim,05806,2605806,Frei Miguelinho,
26,Pernambuco,2601,Recife,260003,Palmares,05905,2605905,Gameleira,
26,Pernambuco,2602,Caruaru,260010,Garanhuns,06002,2606002,Garanhuns,
26,Pernambuco,2601,Recife,260005,Vitória de Santo Antão,06101,2606101,Glória do Goitá,
26,Pernambuco,2601,Recife,260002,Goiana ¿ Timbaúba,06200,2606200,Goiana,
26,Pernambuco,2604,Petrolina,260016,Araripina,06309,2606309,Granito,
26,Pernambuco,2602,Caruaru,260009,Caruaru,06408,2606408,Gravatá,
26,Pernambuco,2602,Caruaru,260010,Garanhuns,06507,2606507,Iati,
26,Pernambuco,2602,Caruaru,260011,Arcoverde,06606,2606606,Ibimirim,
26,Pernambuco,2602,Caruaru,260009,Caruaru,06705,2606705,Ibirajuba,
26,Pernambuco,2601,Recife,260001,Recife,06804,2606804,Igarassu,
26,Pernambuco,2603,Serra Talhada,260014,Afogados da Ingazeira,06903,2606903,Iguaracy,
26,Pernambuco,2601,Recife,260001,Recife,07604,2607604,Ilha de Itamaracá,
26,Pernambuco,2602,Caruaru,260011,Arcoverde,07000,2607000,Inajá,
26,Pernambuco,2603,Serra Talhada,260014,Afogados da Ingazeira,07109,2607109,Ingazeira,
26,Pernambuco,2601,Recife,260001,Recife,07208,2607208,Ipojuca,
26,Pernambuco,2604,Petrolina,260016,Araripina,07307,2607307,Ipubi,
26,Pernambuco,2604,Petrolina,260017,Salgueiro,07406,2607406,Itacuruba,
26,Pernambuco,2602,Caruaru,260011,Arcoverde,07505,2607505,Itaíba,
26,Pernambuco,2601,Recife,260002,Goiana ¿ Timbaúba,07653,2607653,Itambé,
26,Pernambuco,2603,Serra Talhada,260014,Afogados da Ingazeira,07703,2607703,Itapetim,
26,Pernambuco,2601,Recife,260001,Recife,07752,2607752,Itapissuma,
26,Pernambuco,2601,Recife,260002,Goiana ¿ Timbaúba,07802,2607802,Itaquitinga,
26,Pernambuco,2601,Recife,260001,Recife,07901,2607901,Jaboatão dos Guararapes,
26,Pernambuco,2601,Recife,260003,Palmares,07950,2607950,Jaqueira,
26,Pernambuco,2602,Caruaru,260009,Caruaru,08008,2608008,Jataúba,
26,Pernambuco,2603,Serra Talhada,260013,Serra Talhada,08057,2608057,Jatobá,
26,Pernambuco,2601,Recife,260004,Limoeiro,08107,2608107,João Alfredo,
26,Pernambuco,2601,Recife,260003,Palmares,08206,2608206,Joaquim Nabuco,
26,Pernambuco,2602,Caruaru,260010,Garanhuns,08255,2608255,Jucati,
26,Pernambuco,2602,Caruaru,260010,Garanhuns,08305,2608305,Jupi,
26,Pernambuco,2602,Caruaru,260010,Garanhuns,08404,2608404,Jurema,
26,Pernambuco,2601,Recife,260006,Carpina,08503,2608503,Lagoa de Itaenga,
26,Pernambuco,2601,Recife,260006,Carpina,08453,2608453,Lagoa do Carro,
26,Pernambuco,2602,Caruaru,260010,Garanhuns,08602,2608602,Lagoa do Ouro,
26,Pernambuco,2602,Caruaru,260009,Caruaru,08701,2608701,Lagoa dos Gatos,
26,Pernambuco,2604,Petrolina,260015,Petrolina,08750,2608750,Lagoa Grande,
26,Pernambuco,2602,Caruaru,260010,Garanhuns,08800,2608800,Lajedo,
26,Pernambuco,2601,Recife,260004,Limoeiro,08909,2608909,Limoeiro,
26,Pernambuco,2601,Recife,260002,Goiana ¿ Timbaúba,09006,2609006,Macaparana,
26,Pernambuco,2601,Recife,260004,Limoeiro,09105,2609105,Machados,
26,Pernambuco,2602,Caruaru,260011,Arcoverde,09154,2609154,Manari,
26,Pernambuco,2601,Recife,260003,Palmares,09204,2609204,Maraial,
26,Pernambuco,2603,Serra Talhada,260013,Serra Talhada,09303,2609303,Mirandiba,
26,Pernambuco,2604,Petrolina,260016,Araripina,14303,2614303,Moreilândia,
26,Pernambuco,2601,Recife,260001,Recife,09402,2609402,Moreno,
26,Pernambuco,2601,Recife,260006,Carpina,09501,2609501,Nazaré da Mata,
26,Pernambuco,2601,Recife,260001,Recife,09600,2609600,Olinda,
26,Pernambuco,2601,Recife,260004,Limoeiro,09709,2609709,Orobó,
26,Pernambuco,2604,Petrolina,260015,Petrolina,09808,2609808,Orocó,
26,Pernambuco,2604,Petrolina,260016,Araripina,09907,2609907,Ouricuri,
26,Pernambuco,2601,Recife,260003,Palmares,10004,2610004,Palmares,
26,Pernambuco,2602,Caruaru,260010,Garanhuns,10103,2610103,Palmeirina,
26,Pernambuco,2602,Caruaru,260009,Caruaru,10202,2610202,Panelas,
26,Pernambuco,2602,Caruaru,260010,Garanhuns,10301,2610301,Paranatama,
26,Pernambuco,2604,Petrolina,260017,Salgueiro,10400,2610400,Parnamirim,
26,Pernambuco,2601,Recife,260004,Limoeiro,10509,2610509,Passira,
26,Pernambuco,2601,Recife,260001,Recife,10608,2610608,Paudalho,
26,Pernambuco,2601,Recife,260001,Recife,10707,2610707,Paulista,
26,Pernambuco,2602,Caruaru,260011,Arcoverde,10806,2610806,Pedra,
26,Pernambuco,2602,Caruaru,260012,Belo Jardim ¿ Pesqueira,10905,2610905,Pesqueira,
26,Pernambuco,2603,Serra Talhada,260013,Serra Talhada,11002,2611002,Petrolândia,
26,Pernambuco,2604,Petrolina,260015,Petrolina,11101,2611101,Petrolina,
26,Pernambuco,2602,Caruaru,260012,Belo Jardim ¿ Pesqueira,11200,2611200,Poção,
26,Pernambuco,2601,Recife,260005,Vitória de Santo Antão,11309,2611309,Pombos,
26,Pernambuco,2601,Recife,260018,Escada - Ribeirão,11408,2611408,Primavera,
26,Pernambuco,2602,Caruaru,260010,Garanhuns,11507,2611507,Quipapá,
26,Pernambuco,2603,Serra Talhada,260014,Afogados da Ingazeira,11533,2611533,Quixaba,
26,Pernambuco,2601,Recife,260001,Recife,11606,2611606,Recife,
26,Pernambuco,2602,Caruaru,260009,Caruaru,11705,2611705,Riacho das Almas,
26,Pernambuco,2601,Recife,260018,Escada - Ribeirão,11804,2611804,Ribeirão,
26,Pernambuco,2601,Recife,260007,Barreiros - Sirinhaém,11903,2611903,Rio Formoso,
26,Pernambuco,2602,Caruaru,260009,Caruaru,12000,2612000,Sairé,
26,Pernambuco,2601,Recife,260004,Limoeiro,12109,2612109,Salgadinho,
26,Pernambuco,2604,Petrolina,260017,Salgueiro,12208,2612208,Salgueiro,
26,Pernambuco,2602,Caruaru,260010,Garanhuns,12307,2612307,Saloá,
26,Pernambuco,2602,Caruaru,260012,Belo Jardim ¿ Pesqueira,12406,2612406,Sanharó,
26,Pernambuco,2604,Petrolina,260016,Araripina,12455,2612455,Santa Cruz,
26,Pernambuco,2603,Serra Talhada,260013,Serra Talhada,12471,2612471,Santa Cruz da Baixa Verde,
26,Pernambuco,2602,Caruaru,260009,Caruaru,12505,2612505,Santa Cruz do Capibaribe,
26,Pernambuco,2604,Petrolina,260016,Araripina,12554,2612554,Santa Filomena,
26,Pernambuco,2604,Petrolina,260015,Petrolina,12604,2612604,Santa Maria da Boa Vista,
26,Pernambuco,2601,Recife,260008,Surubim,12703,2612703,Santa Maria do Cambucá,
26,Pernambuco,2603,Serra Talhada,260014,Afogados da Ingazeira,12802,2612802,Santa Terezinha,
26,Pernambuco,2601,Recife,260003,Palmares,12901,2612901,São Benedito do Sul,
26,Pernambuco,2602,Caruaru,260012,Belo Jardim ¿ Pesqueira,13008,2613008,São Bento do Una,
26,Pernambuco,2602,Caruaru,260009,Caruaru,13107,2613107,São Caitano,
26,Pernambuco,2602,Caruaru,260010,Garanhuns,13206,2613206,São João,
26,Pernambuco,2602,Caruaru,260009,Caruaru,13305,2613305,São Joaquim do Monte,
26,Pernambuco,2601,Recife,260007,Barreiros - Sirinhaém,13404,2613404,São José da Coroa Grande,
26,Pernambuco,2603,Serra Talhada,260013,Serra Talhada,13503,2613503,São José do Belmonte,
26,Pernambuco,2603,Serra Talhada,260014,Afogados da Ingazeira,13602,2613602,São José do Egito,
26,Pernambuco,2601,Recife,260001,Recife,13701,2613701,São Lourenço da Mata,
26,Pernambuco,2601,Recife,260002,Goiana ¿ Timbaúba,13800,2613800,São Vicente Férrer,
26,Pernambuco,2603,Serra Talhada,260013,Serra Talhada,13909,2613909,Serra Talhada,
26,Pernambuco,2604,Petrolina,260017,Salgueiro,14006,2614006,Serrita,
26,Pernambuco,2602,Caruaru,260011,Arcoverde,14105,2614105,Sertânia,
26,Pernambuco,2601,Recife,260007,Barreiros - Sirinhaém,14204,2614204,Sirinhaém,
26,Pernambuco,2603,Serra Talhada,260014,Afogados da Ingazeira,14402,2614402,Solidão,
26,Pernambuco,2601,Recife,260008,Surubim,14501,2614501,Surubim,
26,Pernambuco,2603,Serra Talhada,260014,Afogados da Ingazeira,14600,2614600,Tabira,
26,Pernambuco,2602,Caruaru,260012,Belo Jardim ¿ Pesqueira,14709,2614709,Tacaimbó,
26,Pernambuco,2603,Serra Talhada,260013,Serra Talhada,14808,2614808,Tacaratu,
26,Pernambuco,2601,Recife,260007,Barreiros - Sirinhaém,14857,2614857,Tamandaré,
26,Pernambuco,2602,Caruaru,260009,Caruaru,15003,2615003,Taquaritinga do Norte,
26,Pernambuco,2602,Caruaru,260010,Garanhuns,15102,2615102,Terezinha,
26,Pernambuco,2604,Petrolina,260017,Salgueiro,15201,2615201,Terra Nova,
26,Pernambuco,2601,Recife,260002,Goiana ¿ Timbaúba,15300,2615300,Timbaúba,
26,Pernambuco,2602,Caruaru,260009,Caruaru,15409,2615409,Toritama,
26,Pernambuco,2601,Recife,260006,Carpina,15508,2615508,Tracunhaém,
26,Pernambuco,2604,Petrolina,260016,Araripina,15607,2615607,Trindade,
26,Pernambuco,2603,Serra Talhada,260013,Serra Talhada,15706,2615706,Triunfo,
26,Pernambuco,2602,Caruaru,260011,Arcoverde,15805,2615805,Tupanatinga,
26,Pernambuco,2603,Serra Talhada,260014,Afogados da Ingazeira,15904,2615904,Tuparetama,
26,Pernambuco,2602,Caruaru,260011,Arcoverde,16001,2616001,Venturosa,
26,Pernambuco,2604,Petrolina,260017,Salgueiro,16100,2616100,Verdejante,
26,Pernambuco,2601,Recife,260008,Surubim,16183,2616183,Vertente do Lério,
26,Pernambuco,2601,Recife,260008,Surubim,16209,2616209,Vertentes,
26,Pernambuco,2601,Recife,260002,Goiana ¿ Timbaúba,16308,2616308,Vicência,
26,Pernambuco,2601,Recife,260005,Vitória de Santo Antão,16407,2616407,Vitória de Santo Antão,
26,Pernambuco,2601,Recife,260003,Palmares,16506,2616506,Xexéu,
27,Alagoas,2702,Arapiraca,270009,Delmiro Gouveia,00102,2700102,Água Branca,
27,Alagoas,2701,Maceió,270004,São Miguel dos Campos,00201,2700201,Anadia,
27,Alagoas,2702,Arapiraca,270007,Arapiraca,00300,2700300,Arapiraca,
27,Alagoas,2701,Maceió,270006,Atalaia,00409,2700409,Atalaia,
27,Alagoas,2701,Maceió,270001,Maceió,00508,2700508,Barra de Santo Antônio,
27,Alagoas,2701,Maceió,270001,Maceió,00607,2700607,Barra de São Miguel,
27,Alagoas,2702,Arapiraca,270011,Pão de Açúcar - Olho d'Água das Flores ¿ Batalha,00706,2700706,Batalha,
27,Alagoas,2702,Arapiraca,270008,Palmeira dos Índios,00805,2700805,Belém,
27,Alagoas,2702,Arapiraca,270011,Pão de Açúcar - Olho d'Água das Flores ¿ Batalha,00904,2700904,Belo Monte,
27,Alagoas,2701,Maceió,270004,São Miguel dos Campos,01001,2701001,Boca da Mata,
27,Alagoas,2701,Maceió,270005,União dos Palmares,01100,2701100,Branquinha,
27,Alagoas,2702,Arapiraca,270008,Palmeira dos Índios,01209,2701209,Cacimbinhas,
27,Alagoas,2701,Maceió,270006,Atalaia,01308,2701308,Cajueiro,
27,Alagoas,2701,Maceió,270002,Porto Calvo - São Luís do Quitunde,01357,2701357,Campestre,
27,Alagoas,2701,Maceió,270004,São Miguel dos Campos,01407,2701407,Campo Alegre,
27,Alagoas,2702,Arapiraca,270007,Arapiraca,01506,2701506,Campo Grande,
27,Alagoas,2702,Arapiraca,270010,Santana do Ipanema,01605,2701605,Canapi,
27,Alagoas,2701,Maceió,270006,Atalaia,01704,2701704,Capela,
27,Alagoas,2702,Arapiraca,270010,Santana do Ipanema,01803,2701803,Carneiros,
27,Alagoas,2701,Maceió,270006,Atalaia,01902,2701902,Chã Preta,
27,Alagoas,2702,Arapiraca,270007,Arapiraca,02009,2702009,Coité do Nóia,
27,Alagoas,2701,Maceió,270002,Porto Calvo - São Luís do Quitunde,02108,2702108,Colônia Leopoldina,
27,Alagoas,2701,Maceió,270001,Maceió,02207,2702207,Coqueiro Seco,
27,Alagoas,2701,Maceió,270003,Penedo,02306,2702306,Coruripe,
27,Alagoas,2702,Arapiraca,270007,Arapiraca,02355,2702355,Craíbas,
27,Alagoas,2702,Arapiraca,270009,Delmiro Gouveia,02405,2702405,Delmiro Gouveia,
27,Alagoas,2702,Arapiraca,270010,Santana do Ipanema,02504,2702504,Dois Riachos,
27,Alagoas,2702,Arapiraca,270008,Palmeira dos Índios,02553,2702553,Estrela de Alagoas,
27,Alagoas,2702,Arapiraca,270007,Arapiraca,02603,2702603,Feira Grande,
27,Alagoas,2701,Maceió,270003,Penedo,02702,2702702,Feliz Deserto,
27,Alagoas,2701,Maceió,270001,Maceió,02801,2702801,Flexeiras,
27,Alagoas,2702,Arapiraca,270007,Arapiraca,02900,2702900,Girau do Ponciano,
27,Alagoas,2701,Maceió,270005,União dos Palmares,03007,2703007,Ibateguara,
27,Alagoas,2702,Arapiraca,270008,Palmeira dos Índios,03106,2703106,Igaci,
27,Alagoas,2701,Maceió,270003,Penedo,03205,2703205,Igreja Nova,
27,Alagoas,2702,Arapiraca,270009,Delmiro Gouveia,03304,2703304,Inhapi,
27,Alagoas,2702,Arapiraca,270011,Pão de Açúcar - Olho d'Água das Flores ¿ Batalha,03403,2703403,Jacaré dos Homens,
27,Alagoas,2701,Maceió,270002,Porto Calvo - São Luís do Quitunde,03502,2703502,Jacuípe,
27,Alagoas,2701,Maceió,270002,Porto Calvo - São Luís do Quitunde,03601,2703601,Japaratinga,
27,Alagoas,2702,Arapiraca,270007,Arapiraca,03700,2703700,Jaramataia,
27,Alagoas,2701,Maceió,270004,São Miguel dos Campos,03759,2703759,Jequiá da Praia,
27,Alagoas,2701,Maceió,270001,Maceió,03809,2703809,Joaquim Gomes,
27,Alagoas,2701,Maceió,270002,Porto Calvo - São Luís do Quitunde,03908,2703908,Jundiá,
27,Alagoas,2702,Arapiraca,270007,Arapiraca,04005,2704005,Junqueiro,
27,Alagoas,2702,Arapiraca,270007,Arapiraca,04104,2704104,Lagoa da Canoa,
27,Alagoas,2702,Arapiraca,270007,Arapiraca,04203,2704203,Limoeiro de Anadia,
27,Alagoas,2701,Maceió,270001,Maceió,04302,2704302,Maceió,
27,Alagoas,2702,Arapiraca,270008,Palmeira dos Índios,04401,2704401,Major Isidoro,
27,Alagoas,2701,Maceió,270006,Atalaia,04906,2704906,Mar Vermelho,
27,Alagoas,2701,Maceió,270002,Porto Calvo - São Luís do Quitunde,04500,2704500,Maragogi,
27,Alagoas,2702,Arapiraca,270010,Santana do Ipanema,04609,2704609,Maravilha,
27,Alagoas,2701,Maceió,270001,Maceió,04708,2704708,Marechal Deodoro,
27,Alagoas,2702,Arapiraca,270007,Arapiraca,04807,2704807,Maribondo,
27,Alagoas,2702,Arapiraca,270009,Delmiro Gouveia,05002,2705002,Mata Grande,
27,Alagoas,2701,Maceió,270002,Porto Calvo - São Luís do Quitunde,05101,2705101,Matriz de Camaragibe,
27,Alagoas,2701,Maceió,270001,Maceió,05200,2705200,Messias,
27,Alagoas,2702,Arapiraca,270008,Palmeira dos Índios,05309,2705309,Minador do Negrão,
27,Alagoas,2702,Arapiraca,270011,Pão de Açúcar - Olho d'Água das Flores ¿ Batalha,05408,2705408,Monteirópolis,
27,Alagoas,2701,Maceió,270005,União dos Palmares,05507,2705507,Murici,
27,Alagoas,2701,Maceió,270002,Porto Calvo - São Luís do Quitunde,05606,2705606,Novo Lino,
27,Alagoas,2702,Arapiraca,270011,Pão de Açúcar - Olho d'Água das Flores ¿ Batalha,05705,2705705,Olho d'Água das Flores,
27,Alagoas,2702,Arapiraca,270009,Delmiro Gouveia,05804,2705804,Olho d'Água do Casado,
27,Alagoas,2702,Arapiraca,270007,Arapiraca,05903,2705903,Olho d'Água Grande,
27,Alagoas,2702,Arapiraca,270010,Santana do Ipanema,06000,2706000,Olivença,
27,Alagoas,2702,Arapiraca,270010,Santana do Ipanema,06109,2706109,Ouro Branco,
27,Alagoas,2702,Arapiraca,270011,Pão de Açúcar - Olho d'Água das Flores ¿ Batalha,06208,2706208,Palestina,
27,Alagoas,2702,Arapiraca,270008,Palmeira dos Índios,06307,2706307,Palmeira dos Índios,
27,Alagoas,2702,Arapiraca,270011,Pão de Açúcar - Olho d'Água das Flores ¿ Batalha,06406,2706406,Pão de Açúcar,
27,Alagoas,2702,Arapiraca,270009,Delmiro Gouveia,06422,2706422,Pariconha,
27,Alagoas,2701,Maceió,270001,Maceió,06448,2706448,Paripueira,
27,Alagoas,2701,Maceió,270002,Porto Calvo - São Luís do Quitunde,06505,2706505,Passo de Camaragibe,
27,Alagoas,2702,Arapiraca,270008,Palmeira dos Índios,06604,2706604,Paulo Jacinto,
27,Alagoas,2701,Maceió,270003,Penedo,06703,2706703,Penedo,
27,Alagoas,2701,Maceió,270003,Penedo,06802,2706802,Piaçabuçu,
27,Alagoas,2701,Maceió,270001,Maceió,06901,2706901,Pilar,
27,Alagoas,2701,Maceió,270006,Atalaia,07008,2707008,Pindoba,
27,Alagoas,2702,Arapiraca,270009,Delmiro Gouveia,07107,2707107,Piranhas,
27,Alagoas,2702,Arapiraca,270010,Santana do Ipanema,07206,2707206,Poço das Trincheiras,
27,Alagoas,2701,Maceió,270002,Porto Calvo - São Luís do Quitunde,07305,2707305,Porto Calvo,
27,Alagoas,2701,Maceió,270002,Porto Calvo - São Luís do Quitunde,07404,2707404,Porto de Pedras,
27,Alagoas,2701,Maceió,270003,Penedo,07503,2707503,Porto Real do Colégio,
27,Alagoas,2702,Arapiraca,270008,Palmeira dos Índios,07602,2707602,Quebrangulo,
27,Alagoas,2701,Maceió,270001,Maceió,07701,2707701,Rio Largo,
27,Alagoas,2701,Maceió,270004,São Miguel dos Campos,07800,2707800,Roteiro,
27,Alagoas,2701,Maceió,270001,Maceió,07909,2707909,Santa Luzia do Norte,
27,Alagoas,2702,Arapiraca,270010,Santana do Ipanema,08006,2708006,Santana do Ipanema,
27,Alagoas,2701,Maceió,270005,União dos Palmares,08105,2708105,Santana do Mundaú,
27,Alagoas,2701,Maceió,270003,Penedo,08204,2708204,São Brás,
27,Alagoas,2701,Maceió,270005,União dos Palmares,08303,2708303,São José da Laje,
27,Alagoas,2702,Arapiraca,270011,Pão de Açúcar - Olho d'Água das Flores ¿ Batalha,08402,2708402,São José da Tapera,
27,Alagoas,2701,Maceió,270002,Porto Calvo - São Luís do Quitunde,08501,2708501,São Luís do Quitunde,
27,Alagoas,2701,Maceió,270004,São Miguel dos Campos,08600,2708600,São Miguel dos Campos,
27,Alagoas,2701,Maceió,270002,Porto Calvo - São Luís do Quitunde,08709,2708709,São Miguel dos Milagres,
27,Alagoas,2702,Arapiraca,270007,Arapiraca,08808,2708808,São Sebastião,
27,Alagoas,2701,Maceió,270001,Maceió,08907,2708907,Satuba,
27,Alagoas,2702,Arapiraca,270010,Santana do Ipanema,08956,2708956,Senador Rui Palmeira,
27,Alagoas,2702,Arapiraca,270007,Arapiraca,09004,2709004,Tanque d'Arca,
27,Alagoas,2702,Arapiraca,270007,Arapiraca,09103,2709103,Taquarana,
27,Alagoas,2702,Arapiraca,270007,Arapiraca,09152,2709152,Teotônio Vilela,
27,Alagoas,2702,Arapiraca,270007,Arapiraca,09202,2709202,Traipu,
27,Alagoas,2701,Maceió,270005,União dos Palmares,09301,2709301,União dos Palmares,
27,Alagoas,2701,Maceió,270006,Atalaia,09400,2709400,Viçosa,
28,Sergipe,2801,Aracaju,280003,Propriá,00100,2800100,Amparo do São Francisco,
28,Sergipe,2801,Aracaju,280003,Propriá,00209,2800209,Aquidabã,
28,Sergipe,2801,Aracaju,280001,Aracaju,00308,2800308,Aracaju,
28,Sergipe,2801,Aracaju,280002,Estância,00407,2800407,Arauá,
28,Sergipe,2802,Itabaiana,280004,Itabaiana,00506,2800506,Areia Branca,
28,Sergipe,2801,Aracaju,280001,Aracaju,00605,2800605,Barra dos Coqueiros,
28,Sergipe,2801,Aracaju,280002,Estância,00670,2800670,Boquim,
28,Sergipe,2801,Aracaju,280003,Propriá,00704,2800704,Brejo Grande,
28,Sergipe,2802,Itabaiana,280004,Itabaiana,01009,2801009,Campo do Brito,
28,Sergipe,2801,Aracaju,280003,Propriá,01108,2801108,Canhoba,
28,Sergipe,2802,Itabaiana,280006,Nossa Senhora da Glória,01207,2801207,Canindé de São Francisco,
28,Sergipe,2801,Aracaju,280001,Aracaju,01306,2801306,Capela,
28,Sergipe,2802,Itabaiana,280004,Itabaiana,01405,2801405,Carira,
28,Sergipe,2801,Aracaju,280001,Aracaju,01504,2801504,Carmópolis,
28,Sergipe,2801,Aracaju,280003,Propriá,01603,2801603,Cedro de São João,
28,Sergipe,2801,Aracaju,280002,Estância,01702,2801702,Cristinápolis,
28,Sergipe,2801,Aracaju,280001,Aracaju,01900,2801900,Cumbe,
28,Sergipe,2801,Aracaju,280001,Aracaju,02007,2802007,Divina Pastora,
28,Sergipe,2801,Aracaju,280002,Estância,02106,2802106,Estância,
28,Sergipe,2802,Itabaiana,280006,Nossa Senhora da Glória,02205,2802205,Feira Nova,
28,Sergipe,2802,Itabaiana,280004,Itabaiana,02304,2802304,Frei Paulo,
28,Sergipe,2802,Itabaiana,280006,Nossa Senhora da Glória,02403,2802403,Gararu,
28,Sergipe,2801,Aracaju,280001,Aracaju,02502,2802502,General Maynard,
28,Sergipe,2802,Itabaiana,280006,Nossa Senhora da Glória,02601,2802601,Graccho Cardoso,
28,Sergipe,2801,Aracaju,280003,Propriá,02700,2802700,Ilha das Flores,
28,Sergipe,2801,Aracaju,280002,Estância,02809,2802809,Indiaroba,
28,Sergipe,2802,Itabaiana,280004,Itabaiana,02908,2802908,Itabaiana,
28,Sergipe,2801,Aracaju,280002,Estância,03005,2803005,Itabaianinha,
28,Sergipe,2802,Itabaiana,280006,Nossa Senhora da Glória,03104,2803104,Itabi,
28,Sergipe,2801,Aracaju,280001,Aracaju,03203,2803203,Itaporanga d'Ajuda,
28,Sergipe,2801,Aracaju,280001,Aracaju,03302,2803302,Japaratuba,
28,Sergipe,2801,Aracaju,280003,Propriá,03401,2803401,Japoatã,
28,Sergipe,2802,Itabaiana,280005,Lagarto,03500,2803500,Lagarto,
28,Sergipe,2801,Aracaju,280001,Aracaju,03609,2803609,Laranjeiras,
28,Sergipe,2802,Itabaiana,280004,Itabaiana,03708,2803708,Macambira,
28,Sergipe,2801,Aracaju,280003,Propriá,03807,2803807,Malhada dos Bois,
28,Sergipe,2802,Itabaiana,280004,Itabaiana,03906,2803906,Malhador,
28,Sergipe,2801,Aracaju,280001,Aracaju,04003,2804003,Maruim,
28,Sergipe,2802,Itabaiana,280004,Itabaiana,04102,2804102,Moita Bonita,
28,Sergipe,2802,Itabaiana,280006,Nossa Senhora da Glória,04201,2804201,Monte Alegre de Sergipe,
28,Sergipe,2801,Aracaju,280003,Propriá,04300,2804300,Muribeca,
28,Sergipe,2801,Aracaju,280003,Propriá,04409,2804409,Neópolis,
28,Sergipe,2802,Itabaiana,280004,Itabaiana,04458,2804458,Nossa Senhora Aparecida,
28,Sergipe,2802,Itabaiana,280006,Nossa Senhora da Glória,04508,2804508,Nossa Senhora da Glória,
28,Sergipe,2801,Aracaju,280001,Aracaju,04607,2804607,Nossa Senhora das Dores,
28,Sergipe,2801,Aracaju,280003,Propriá,04706,2804706,Nossa Senhora de Lourdes,
28,Sergipe,2801,Aracaju,280001,Aracaju,04805,2804805,Nossa Senhora do Socorro,
28,Sergipe,2801,Aracaju,280003,Propriá,04904,2804904,Pacatuba,
28,Sergipe,2802,Itabaiana,280004,Itabaiana,05000,2805000,Pedra Mole,
28,Sergipe,2801,Aracaju,280002,Estância,05109,2805109,Pedrinhas,
28,Sergipe,2802,Itabaiana,280004,Itabaiana,05208,2805208,Pinhão,
28,Sergipe,2801,Aracaju,280001,Aracaju,05307,2805307,Pirambu,
28,Sergipe,2802,Itabaiana,280006,Nossa Senhora da Glória,05406,2805406,Poço Redondo,
28,Sergipe,2802,Itabaiana,280005,Lagarto,05505,2805505,Poço Verde,
28,Sergipe,2802,Itabaiana,280006,Nossa Senhora da Glória,05604,2805604,Porto da Folha,
28,Sergipe,2801,Aracaju,280003,Propriá,05703,2805703,Propriá,
28,Sergipe,2802,Itabaiana,280005,Lagarto,05802,2805802,Riachão do Dantas,
28,Sergipe,2801,Aracaju,280001,Aracaju,05901,2805901,Riachuelo,
28,Sergipe,2802,Itabaiana,280004,Itabaiana,06008,2806008,Ribeirópolis,
28,Sergipe,2801,Aracaju,280001,Aracaju,06107,2806107,Rosário do Catete,
28,Sergipe,2802,Itabaiana,280005,Lagarto,06206,2806206,Salgado,
28,Sergipe,2801,Aracaju,280002,Estância,06305,2806305,Santa Luzia do Itanhy,
28,Sergipe,2801,Aracaju,280001,Aracaju,06503,2806503,Santa Rosa de Lima,
28,Sergipe,2801,Aracaju,280003,Propriá,06404,2806404,Santana do São Francisco,
28,Sergipe,2801,Aracaju,280001,Aracaju,06602,2806602,Santo Amaro das Brotas,
28,Sergipe,2801,Aracaju,280001,Aracaju,06701,2806701,São Cristóvão,
28,Sergipe,2802,Itabaiana,280004,Itabaiana,06800,2806800,São Domingos,
28,Sergipe,2801,Aracaju,280003,Propriá,06909,2806909,São Francisco,
28,Sergipe,2802,Itabaiana,280004,Itabaiana,07006,2807006,São Miguel do Aleixo,
28,Sergipe,2802,Itabaiana,280005,Lagarto,07105,2807105,Simão Dias,
28,Sergipe,2801,Aracaju,280001,Aracaju,07204,2807204,Siriri,
28,Sergipe,2801,Aracaju,280003,Propriá,07303,2807303,Telha,
28,Sergipe,2802,Itabaiana,280005,Lagarto,07402,2807402,Tobias Barreto,
28,Sergipe,2801,Aracaju,280002,Estância,07501,2807501,Tomar do Geru,
28,Sergipe,2801,Aracaju,280002,Estância,07600,2807600,Umbaúba,
29,Bahia,2904,Vitória da Conquista,290013,Brumado,00108,2900108,Abaíra,
29,Bahia,2909,Paulo Afonso,290024,Paulo Afonso,00207,2900207,Abaré,
29,Bahia,2901,Salvador,290002,Alagoinhas,00306,2900306,Acajutiba,
29,Bahia,2909,Paulo Afonso,290027,Cícero Dantas,00355,2900355,Adustina,
29,Bahia,2910,Feira de Santana,290029,Feira de Santana,00405,2900405,Água Fria,
29,Bahia,2904,Vitória da Conquista,290012,Jequié,00603,2900603,Aiquara,
29,Bahia,2901,Salvador,290002,Alagoinhas,00702,2900702,Alagoinhas,
29,Bahia,2903,Ilhéus ¿ Itabuna,290008,Teixeira de Freitas,00801,2900801,Alcobaça,
29,Bahia,2903,Ilhéus ¿ Itabuna,290007,Ilhéus ¿ Itabuna,00900,2900900,Almadina,
29,Bahia,2902,Santo Antônio de Jesus,290003,Santo Antônio de Jesus,01007,2901007,Amargosa,
29,Bahia,2910,Feira de Santana,290029,Feira de Santana,01106,2901106,Amélia Rodrigues,
29,Bahia,2907,Irecê,290020,Irecê,01155,2901155,América Dourada,
29,Bahia,2904,Vitória da Conquista,290011,Vitória da Conquista,01205,2901205,Anagé,
29,Bahia,2910,Feira de Santana,290031,Itaberaba,01304,2901304,Andaraí,
29,Bahia,2908,Juazeiro,290023,Senhor do Bonfim,01353,2901353,Andorinha,
29,Bahia,2906,Barreiras,290018,Barreiras,01403,2901403,Angical,
29,Bahia,2910,Feira de Santana,290029,Feira de Santana,01502,2901502,Anguera,
29,Bahia,2909,Paulo Afonso,290027,Cícero Dantas,01601,2901601,Antas,
29,Bahia,2910,Feira de Santana,290029,Feira de Santana,01700,2901700,Antônio Cardoso,
29,Bahia,2908,Juazeiro,290023,Senhor do Bonfim,01809,2901809,Antônio Gonçalves,
29,Bahia,2901,Salvador,290002,Alagoinhas,01908,2901908,Aporá,
29,Bahia,2904,Vitória da Conquista,290012,Jequié,01957,2901957,Apuarema,
29,Bahia,2901,Salvador,290002,Alagoinhas,02054,2902054,Araçás,
29,Bahia,2904,Vitória da Conquista,290013,Brumado,02005,2902005,Aracatu,
29,Bahia,2910,Feira de Santana,290033,Serrinha,02104,2902104,Araci,
29,Bahia,2901,Salvador,290002,Alagoinhas,02203,2902203,Aramari,
29,Bahia,2903,Ilhéus ¿ Itabuna,290010,Camacan,02252,2902252,Arataca,
29,Bahia,2902,Santo Antônio de Jesus,290006,Nazaré ¿ Maragogipe,02302,2902302,Aratuípe,
29,Bahia,2903,Ilhéus ¿ Itabuna,290007,Ilhéus ¿ Itabuna,02401,2902401,Aurelino Leal,
29,Bahia,2906,Barreiras,290018,Barreiras,02500,2902500,Baianópolis,
29,Bahia,2910,Feira de Santana,290029,Feira de Santana,02609,2902609,Baixa Grande,
29,Bahia,2909,Paulo Afonso,290025,Ribeira do Pombal,02658,2902658,Banzaê,
29,Bahia,2907,Irecê,290021,Xique-Xique ¿ Barra,02708,2902708,Barra,
29,Bahia,2904,Vitória da Conquista,290011,Vitória da Conquista,02807,2902807,Barra da Estiva,
29,Bahia,2904,Vitória da Conquista,290011,Vitória da Conquista,02906,2902906,Barra do Choça,
29,Bahia,2907,Irecê,290020,Irecê,03003,2903003,Barra do Mendes,
29,Bahia,2904,Vitória da Conquista,290014,Ipiaú,03102,2903102,Barra do Rocha,
29,Bahia,2906,Barreiras,290018,Barreiras,03201,2903201,Barreiras,
29,Bahia,2907,Irecê,290020,Irecê,03235,2903235,Barro Alto,
29,Bahia,2903,Ilhéus ¿ Itabuna,290007,Ilhéus ¿ Itabuna,03300,2903300,Barro Preto,
29,Bahia,2910,Feira de Santana,290033,Serrinha,03276,2903276,Barrocas,
29,Bahia,2903,Ilhéus ¿ Itabuna,290009,Eunápolis - Porto Seguro,03409,2903409,Belmonte,
29,Bahia,2904,Vitória da Conquista,290011,Vitória da Conquista,03508,2903508,Belo Campo,
29,Bahia,2910,Feira de Santana,290033,Serrinha,03607,2903607,Biritinga,
29,Bahia,2904,Vitória da Conquista,290011,Vitória da Conquista,03706,2903706,Boa Nova,
29,Bahia,2910,Feira de Santana,290031,Itaberaba,03805,2903805,Boa Vista do Tupim,
29,Bahia,2905,Guanambi,290017,Bom Jesus da Lapa,03904,2903904,Bom Jesus da Lapa,
29,Bahia,2904,Vitória da Conquista,290011,Vitória da Conquista,03953,2903953,Bom Jesus da Serra,
29,Bahia,2910,Feira de Santana,290034,Seabra,04001,2904001,Boninal,
29,Bahia,2907,Irecê,290020,Irecê,04050,2904050,Bonito,
29,Bahia,2905,Guanambi,290017,Bom Jesus da Lapa,04100,2904100,Boquira,
29,Bahia,2905,Guanambi,290016,Guanambi,04209,2904209,Botuporã,
29,Bahia,2902,Santo Antônio de Jesus,290003,Santo Antônio de Jesus,04308,2904308,Brejões,
29,Bahia,2906,Barreiras,290018,Barreiras,04407,2904407,Brejolândia,
29,Bahia,2907,Irecê,290021,Xique-Xique ¿ Barra,04506,2904506,Brotas de Macaúbas,
29,Bahia,2904,Vitória da Conquista,290013,Brumado,04605,2904605,Brumado,
29,Bahia,2903,Ilhéus ¿ Itabuna,290007,Ilhéus ¿ Itabuna,04704,2904704,Buerarema,
29,Bahia,2907,Irecê,290021,Xique-Xique ¿ Barra,04753,2904753,Buritirama,
29,Bahia,2904,Vitória da Conquista,290011,Vitória da Conquista,04803,2904803,Caatiba,
29,Bahia,2902,Santo Antônio de Jesus,290004,Cruz das Almas,04852,2904852,Cabaceiras do Paraguaçu,
29,Bahia,2902,Santo Antônio de Jesus,290004,Cruz das Almas,04902,2904902,Cachoeira,
29,Bahia,2905,Guanambi,290016,Guanambi,05008,2905008,Caculé,
29,Bahia,2910,Feira de Santana,290030,Jacobina,05107,2905107,Caém,
29,Bahia,2904,Vitória da Conquista,290011,Vitória da Conquista,05156,2905156,Caetanos,
29,Bahia,2905,Guanambi,290016,Guanambi,05206,2905206,Caetité,
29,Bahia,2907,Irecê,290020,Irecê,05305,2905305,Cafarnaum,
29,Bahia,2902,Santo Antônio de Jesus,290005,Valença,05404,2905404,Cairu,
29,Bahia,2910,Feira de Santana,290030,Jacobina,05503,2905503,Caldeirão Grande,
29,Bahia,2903,Ilhéus ¿ Itabuna,290010,Camacan,05602,2905602,Camacan,
29,Bahia,2901,Salvador,290001,Salvador,05701,2905701,Camaçari,
29,Bahia,2902,Santo Antônio de Jesus,290005,Valença,05800,2905800,Camamu,
29,Bahia,2908,Juazeiro,290022,Juazeiro,05909,2905909,Campo Alegre de Lourdes,
29,Bahia,2908,Juazeiro,290023,Senhor do Bonfim,06006,2906006,Campo Formoso,
29,Bahia,2906,Barreiras,290019,Santa Maria da Vitoria,06105,2906105,Canápolis,
29,Bahia,2907,Irecê,290020,Irecê,06204,2906204,Canarana,
29,Bahia,2903,Ilhéus ¿ Itabuna,290010,Camacan,06303,2906303,Canavieiras,
29,Bahia,2910,Feira de Santana,290029,Feira de Santana,06402,2906402,Candeal,
29,Bahia,2901,Salvador,290001,Salvador,06501,2906501,Candeias,
29,Bahia,2905,Guanambi,290016,Guanambi,06600,2906600,Candiba,
29,Bahia,2904,Vitória da Conquista,290011,Vitória da Conquista,06709,2906709,Cândido Sales,
29,Bahia,2909,Paulo Afonso,290026,Euclides da Cunha,06808,2906808,Cansanção,
29,Bahia,2909,Paulo Afonso,290026,Euclides da Cunha,06824,2906824,Canudos,
29,Bahia,2910,Feira de Santana,290029,Feira de Santana,06857,2906857,Capela do Alto Alegre,
29,Bahia,2910,Feira de Santana,290030,Jacobina,06873,2906873,Capim Grosso,
29,Bahia,2904,Vitória da Conquista,290011,Vitória da Conquista,06899,2906899,Caraíbas,
29,Bahia,2903,Ilhéus ¿ Itabuna,290008,Teixeira de Freitas,06907,2906907,Caravelas,
29,Bahia,2901,Salvador,290002,Alagoinhas,07004,2907004,Cardeal da Silva,
29,Bahia,2905,Guanambi,290016,Guanambi,07103,2907103,Carinhanha,
29,Bahia,2908,Juazeiro,290022,Juazeiro,07202,2907202,Casa Nova,
29,Bahia,2902,Santo Antônio de Jesus,290004,Cruz das Almas,07301,2907301,Castro Alves,
29,Bahia,2906,Barreiras,290018,Barreiras,07400,2907400,Catolândia,
29,Bahia,2901,Salvador,290001,Salvador,07509,2907509,Catu,
29,Bahia,2904,Vitória da Conquista,290013,Brumado,07558,2907558,Caturama,
29,Bahia,2907,Irecê,290020,Irecê,07608,2907608,Central,
29,Bahia,2909,Paulo Afonso,290024,Paulo Afonso,07707,2907707,Chorrochó,
29,Bahia,2909,Paulo Afonso,290027,Cícero Dantas,07806,2907806,Cícero Dantas,
29,Bahia,2909,Paulo Afonso,290025,Ribeira do Pombal,07905,2907905,Cipó,
29,Bahia,2903,Ilhéus ¿ Itabuna,290007,Ilhéus ¿ Itabuna,08002,2908002,Coaraci,
29,Bahia,2906,Barreiras,290019,Santa Maria da Vitoria,08101,2908101,Cocos,
29,Bahia,2910,Feira de Santana,290029,Feira de Santana,08200,2908200,Conceição da Feira,
29,Bahia,2902,Santo Antônio de Jesus,290004,Cruz das Almas,08309,2908309,Conceição do Almeida,
29,Bahia,2910,Feira de Santana,290032,Conceição do Coité,08408,2908408,Conceição do Coité,
29,Bahia,2910,Feira de Santana,290029,Feira de Santana,08507,2908507,Conceição do Jacuípe,
29,Bahia,2901,Salvador,290002,Alagoinhas,08606,2908606,Conde,
29,Bahia,2904,Vitória da Conquista,290011,Vitória da Conquista,08705,2908705,Condeúba,
29,Bahia,2904,Vitória da Conquista,290011,Vitória da Conquista,08804,2908804,Contendas do Sincorá,
29,Bahia,2910,Feira de Santana,290029,Feira de Santana,08903,2908903,Coração de Maria,
29,Bahia,2904,Vitória da Conquista,290011,Vitória da Conquista,09000,2909000,Cordeiros,
29,Bahia,2906,Barreiras,290019,Santa Maria da Vitoria,09109,2909109,Coribe,
29,Bahia,2909,Paulo Afonso,290028,Jeremoabo,09208,2909208,Coronel João Sá,
29,Bahia,2906,Barreiras,290019,Santa Maria da Vitoria,09307,2909307,Correntina,
29,Bahia,2906,Barreiras,290018,Barreiras,09406,2909406,Cotegipe,
29,Bahia,2904,Vitória da Conquista,290012,Jequié,09505,2909505,Cravolândia,
29,Bahia,2901,Salvador,290002,Alagoinhas,09604,2909604,Crisópolis,
29,Bahia,2906,Barreiras,290018,Barreiras,09703,2909703,Cristópolis,
29,Bahia,2902,Santo Antônio de Jesus,290004,Cruz das Almas,09802,2909802,Cruz das Almas,
29,Bahia,2908,Juazeiro,290022,Juazeiro,09901,2909901,Curaçá,
29,Bahia,2904,Vitória da Conquista,290014,Ipiaú,10008,2910008,Dário Meira,
29,Bahia,2901,Salvador,290001,Salvador,10057,2910057,Dias d'Ávila,
29,Bahia,2904,Vitória da Conquista,290013,Brumado,10107,2910107,Dom Basílio,
29,Bahia,2902,Santo Antônio de Jesus,290003,Santo Antônio de Jesus,10206,2910206,Dom Macedo Costa,
29,Bahia,2902,Santo Antônio de Jesus,290003,Santo Antônio de Jesus,10305,2910305,Elísio Medrado,
29,Bahia,2904,Vitória da Conquista,290011,Vitória da Conquista,10404,2910404,Encruzilhada,
29,Bahia,2901,Salvador,290002,Alagoinhas,10503,2910503,Entre Rios,
29,Bahia,2904,Vitória da Conquista,290013,Brumado,00504,2900504,Érico Cardoso,
29,Bahia,2901,Salvador,290002,Alagoinhas,10602,2910602,Esplanada,
29,Bahia,2909,Paulo Afonso,290026,Euclides da Cunha,10701,2910701,Euclides da Cunha,
29,Bahia,2903,Ilhéus ¿ Itabuna,290009,Eunápolis - Porto Seguro,10727,2910727,Eunápolis,
29,Bahia,2909,Paulo Afonso,290027,Cícero Dantas,10750,2910750,Fátima,
29,Bahia,2905,Guanambi,290016,Guanambi,10776,2910776,Feira da Mata,
29,Bahia,2910,Feira de Santana,290029,Feira de Santana,10800,2910800,Feira de Santana,
29,Bahia,2908,Juazeiro,290023,Senhor do Bonfim,10859,2910859,Filadélfia,
29,Bahia,2903,Ilhéus ¿ Itabuna,290007,Ilhéus ¿ Itabuna,10909,2910909,Firmino Alves,
29,Bahia,2903,Ilhéus ¿ Itabuna,290007,Ilhéus ¿ Itabuna,11006,2911006,Floresta Azul,
29,Bahia,2906,Barreiras,290018,Barreiras,11105,2911105,Formosa do Rio Preto,
29,Bahia,2904,Vitória da Conquista,290014,Ipiaú,11204,2911204,Gandu,
29,Bahia,2910,Feira de Santana,290029,Feira de Santana,11253,2911253,Gavião,
29,Bahia,2907,Irecê,290021,Xique-Xique ¿ Barra,11303,2911303,Gentio do Ouro,
29,Bahia,2909,Paulo Afonso,290024,Paulo Afonso,11402,2911402,Glória,
29,Bahia,2904,Vitória da Conquista,290014,Ipiaú,11501,2911501,Gongogi,
29,Bahia,2902,Santo Antônio de Jesus,290004,Cruz das Almas,11600,2911600,Governador Mangabeira,
29,Bahia,2905,Guanambi,290016,Guanambi,11659,2911659,Guajeru,
29,Bahia,2905,Guanambi,290016,Guanambi,11709,2911709,Guanambi,
29,Bahia,2903,Ilhéus ¿ Itabuna,290009,Eunápolis - Porto Seguro,11808,2911808,Guaratinga,
29,Bahia,2909,Paulo Afonso,290027,Cícero Dantas,11857,2911857,Heliópolis,
29,Bahia,2910,Feira de Santana,290031,Itaberaba,11907,2911907,Iaçu,
29,Bahia,2905,Guanambi,290016,Guanambi,12004,2912004,Ibiassucê,
29,Bahia,2903,Ilhéus ¿ Itabuna,290007,Ilhéus ¿ Itabuna,12103,2912103,Ibicaraí,
29,Bahia,2904,Vitória da Conquista,290011,Vitória da Conquista,12202,2912202,Ibicoara,
29,Bahia,2903,Ilhéus ¿ Itabuna,290007,Ilhéus ¿ Itabuna,12301,2912301,Ibicuí,
29,Bahia,2907,Irecê,290020,Irecê,12400,2912400,Ibipeba,
29,Bahia,2905,Guanambi,290017,Bom Jesus da Lapa,12509,2912509,Ibipitanga,
29,Bahia,2910,Feira de Santana,290031,Itaberaba,12608,2912608,Ibiquera,
29,Bahia,2903,Ilhéus ¿ Itabuna,290007,Ilhéus ¿ Itabuna,12707,2912707,Ibirapitanga,
29,Bahia,2903,Ilhéus ¿ Itabuna,290008,Teixeira de Freitas,12806,2912806,Ibirapuã,
29,Bahia,2904,Vitória da Conquista,290014,Ipiaú,12905,2912905,Ibirataia,
29,Bahia,2910,Feira de Santana,290034,Seabra,13002,2913002,Ibitiara,
29,Bahia,2907,Irecê,290020,Irecê,13101,2913101,Ibititá,
29,Bahia,2907,Irecê,290021,Xique-Xique ¿ Barra,13200,2913200,Ibotirama,
29,Bahia,2910,Feira de Santana,290029,Feira de Santana,13309,2913309,Ichu,
29,Bahia,2905,Guanambi,290016,Guanambi,13408,2913408,Igaporã,
29,Bahia,2902,Santo Antônio de Jesus,290005,Valença,13457,2913457,Igrapiúna,
29,Bahia,2904,Vitória da Conquista,290011,Vitória da Conquista,13507,2913507,Iguaí,
29,Bahia,2903,Ilhéus ¿ Itabuna,290007,Ilhéus ¿ Itabuna,13606,2913606,Ilhéus,
29,Bahia,2901,Salvador,290002,Alagoinhas,13705,2913705,Inhambupe,
29,Bahia,2910,Feira de Santana,290029,Feira de Santana,13804,2913804,Ipecaetá,
29,Bahia,2904,Vitória da Conquista,290014,Ipiaú,13903,2913903,Ipiaú,
29,Bahia,2910,Feira de Santana,290029,Feira de Santana,14000,2914000,Ipirá,
29,Bahia,2907,Irecê,290021,Xique-Xique ¿ Barra,14109,2914109,Ipupiara,
29,Bahia,2904,Vitória da Conquista,290012,Jequié,14208,2914208,Irajuba,
29,Bahia,2904,Vitória da Conquista,290011,Vitória da Conquista,14307,2914307,Iramaia,
29,Bahia,2910,Feira de Santana,290034,Seabra,14406,2914406,Iraquara,
29,Bahia,2910,Feira de Santana,290029,Feira de Santana,14505,2914505,Irará,
29,Bahia,2907,Irecê,290020,Irecê,14604,2914604,Irecê,
29,Bahia,2903,Ilhéus ¿ Itabuna,290009,Eunápolis - Porto Seguro,14653,2914653,Itabela,
29,Bahia,2910,Feira de Santana,290031,Itaberaba,14703,2914703,Itaberaba,
29,Bahia,2903,Ilhéus ¿ Itabuna,290007,Ilhéus ¿ Itabuna,14802,2914802,Itabuna,
29,Bahia,2903,Ilhéus ¿ Itabuna,290007,Ilhéus ¿ Itabuna,14901,2914901,Itacaré,
29,Bahia,2910,Feira de Santana,290031,Itaberaba,15007,2915007,Itaeté,
29,Bahia,2904,Vitória da Conquista,290012,Jequié,15106,2915106,Itagi,
29,Bahia,2904,Vitória da Conquista,290014,Ipiaú,15205,2915205,Itagibá,
29,Bahia,2903,Ilhéus ¿ Itabuna,290009,Eunápolis - Porto Seguro,15304,2915304,Itagimirim,
29,Bahia,2907,Irecê,290020,Irecê,15353,2915353,Itaguaçu da Bahia,
29,Bahia,2903,Ilhéus ¿ Itabuna,290007,Ilhéus ¿ Itabuna,15403,2915403,Itaju do Colônia,
29,Bahia,2903,Ilhéus ¿ Itabuna,290007,Ilhéus ¿ Itabuna,15502,2915502,Itajuípe,
29,Bahia,2903,Ilhéus ¿ Itabuna,290008,Teixeira de Freitas,15601,2915601,Itamaraju,
29,Bahia,2904,Vitória da Conquista,290014,Ipiaú,15700,2915700,Itamari,
29,Bahia,2904,Vitória da Conquista,290011,Vitória da Conquista,15809,2915809,Itambé,
29,Bahia,2901,Salvador,290001,Salvador,15908,2915908,Itanagra,
29,Bahia,2903,Ilhéus ¿ Itabuna,290008,Teixeira de Freitas,16005,2916005,Itanhém,
29,Bahia,2902,Santo Antônio de Jesus,290006,Nazaré ¿ Maragogipe,16104,2916104,Itaparica,
29,Bahia,2903,Ilhéus ¿ Itabuna,290007,Ilhéus ¿ Itabuna,16203,2916203,Itapé,
29,Bahia,2903,Ilhéus ¿ Itabuna,290009,Eunápolis - Porto Seguro,16302,2916302,Itapebi,
29,Bahia,2904,Vitória da Conquista,290015,Itapetinga,16401,2916401,Itapetinga,
29,Bahia,2901,Salvador,290002,Alagoinhas,16500,2916500,Itapicuru,
29,Bahia,2903,Ilhéus ¿ Itabuna,290007,Ilhéus ¿ Itabuna,16609,2916609,Itapitanga,
29,Bahia,2904,Vitória da Conquista,290012,Jequié,16708,2916708,Itaquara,
29,Bahia,2904,Vitória da Conquista,290015,Itapetinga,16807,2916807,Itarantim,
29,Bahia,2902,Santo Antônio de Jesus,290004,Cruz das Almas,16856,2916856,Itatim,
29,Bahia,2904,Vitória da Conquista,290012,Jequié,16906,2916906,Itiruçu,
29,Bahia,2908,Juazeiro,290023,Senhor do Bonfim,17003,2917003,Itiúba,
29,Bahia,2904,Vitória da Conquista,290015,Itapetinga,17102,2917102,Itororó,
29,Bahia,2904,Vitória da Conquista,290011,Vitória da Conquista,17201,2917201,Ituaçu,
29,Bahia,2902,Santo Antônio de Jesus,290005,Valença,17300,2917300,Ituberá,
29,Bahia,2905,Guanambi,290016,Guanambi,17334,2917334,Iuiu,
29,Bahia,2906,Barreiras,290019,Santa Maria da Vitoria,17359,2917359,Jaborandi,
29,Bahia,2905,Guanambi,290016,Guanambi,17409,2917409,Jacaraci,
29,Bahia,2910,Feira de Santana,290030,Jacobina,17508,2917508,Jacobina,
29,Bahia,2904,Vitória da Conquista,290012,Jequié,17607,2917607,Jaguaquara,
29,Bahia,2908,Juazeiro,290023,Senhor do Bonfim,17706,2917706,Jaguarari,
29,Bahia,2902,Santo Antônio de Jesus,290006,Nazaré ¿ Maragogipe,17805,2917805,Jaguaripe,
29,Bahia,2901,Salvador,290002,Alagoinhas,17904,2917904,Jandaíra,
29,Bahia,2904,Vitória da Conquista,290012,Jequié,18001,2918001,Jequié,
29,Bahia,2909,Paulo Afonso,290028,Jeremoabo,18100,2918100,Jeremoabo,
29,Bahia,2902,Santo Antônio de Jesus,290003,Santo Antônio de Jesus,18209,2918209,Jiquiriçá,
29,Bahia,2904,Vitória da Conquista,290012,Jequié,18308,2918308,Jitaúna,
29,Bahia,2907,Irecê,290020,Irecê,18357,2918357,João Dourado,
29,Bahia,2908,Juazeiro,290022,Juazeiro,18407,2918407,Juazeiro,
29,Bahia,2903,Ilhéus ¿ Itabuna,290008,Teixeira de Freitas,18456,2918456,Jucuruçu,
29,Bahia,2907,Irecê,290020,Irecê,18506,2918506,Jussara,
29,Bahia,2903,Ilhéus ¿ Itabuna,290010,Camacan,18555,2918555,Jussari,
29,Bahia,2904,Vitória da Conquista,290013,Brumado,18605,2918605,Jussiape,
29,Bahia,2904,Vitória da Conquista,290012,Jequié,18704,2918704,Lafaiete Coutinho,
29,Bahia,2905,Guanambi,290016,Guanambi,18753,2918753,Lagoa Real,
29,Bahia,2902,Santo Antônio de Jesus,290003,Santo Antônio de Jesus,18803,2918803,Laje,
29,Bahia,2903,Ilhéus ¿ Itabuna,290008,Teixeira de Freitas,18902,2918902,Lajedão,
29,Bahia,2910,Feira de Santana,290031,Itaberaba,19009,2919009,Lajedinho,
29,Bahia,2904,Vitória da Conquista,290012,Jequié,19058,2919058,Lajedo do Tabocal,
29,Bahia,2910,Feira de Santana,290029,Feira de Santana,19108,2919108,Lamarão,
29,Bahia,2907,Irecê,290020,Irecê,19157,2919157,Lapão,
29,Bahia,2901,Salvador,290001,Salvador,19207,2919207,Lauro de Freitas,
29,Bahia,2910,Feira de Santana,290034,Seabra,19306,2919306,Lençóis,
29,Bahia,2905,Guanambi,290016,Guanambi,19405,2919405,Licínio de Almeida,
29,Bahia,2904,Vitória da Conquista,290013,Brumado,19504,2919504,Livramento de Nossa Senhora,
29,Bahia,2906,Barreiras,290018,Barreiras,19553,2919553,Luís Eduardo Magalhães,
29,Bahia,2910,Feira de Santana,290029,Feira de Santana,19603,2919603,Macajuba,
29,Bahia,2904,Vitória da Conquista,290015,Itapetinga,19702,2919702,Macarani,
29,Bahia,2905,Guanambi,290017,Bom Jesus da Lapa,19801,2919801,Macaúbas,
29,Bahia,2909,Paulo Afonso,290024,Paulo Afonso,19900,2919900,Macururé,
29,Bahia,2901,Salvador,290001,Salvador,19926,2919926,Madre de Deus,
29,Bahia,2904,Vitória da Conquista,290011,Vitória da Conquista,19959,2919959,Maetinga,
29,Bahia,2904,Vitória da Conquista,290015,Itapetinga,20007,2920007,Maiquinique,
29,Bahia,2910,Feira de Santana,290029,Feira de Santana,20106,2920106,Mairi,
29,Bahia,2905,Guanambi,290016,Guanambi,20205,2920205,Malhada,
29,Bahia,2904,Vitória da Conquista,290013,Brumado,20304,2920304,Malhada de Pedras,
29,Bahia,2904,Vitória da Conquista,290012,Jequié,20403,2920403,Manoel Vitorino,
29,Bahia,2906,Barreiras,290018,Barreiras,20452,2920452,Mansidão,
29,Bahia,2904,Vitória da Conquista,290012,Jequié,20502,2920502,Maracás,
29,Bahia,2902,Santo Antônio de Jesus,290006,Nazaré ¿ Maragogipe,20601,2920601,Maragogipe,
29,Bahia,2903,Ilhéus ¿ Itabuna,290007,Ilhéus ¿ Itabuna,20700,2920700,Maraú,
29,Bahia,2910,Feira de Santana,290031,Itaberaba,20809,2920809,Marcionílio Souza,
29,Bahia,2903,Ilhéus ¿ Itabuna,290010,Camacan,20908,2920908,Mascote,
29,Bahia,2901,Salvador,290001,Salvador,21005,2921005,Mata de São João,
29,Bahia,2905,Guanambi,290016,Guanambi,21054,2921054,Matina,
29,Bahia,2903,Ilhéus ¿ Itabuna,290008,Teixeira de Freitas,21104,2921104,Medeiros Neto,
29,Bahia,2910,Feira de Santana,290030,Jacobina,21203,2921203,Miguel Calmon,
29,Bahia,2902,Santo Antônio de Jesus,290003,Santo Antônio de Jesus,21302,2921302,Milagres,
29,Bahia,2910,Feira de Santana,290030,Jacobina,21401,2921401,Mirangaba,
29,Bahia,2904,Vitória da Conquista,290011,Vitória da Conquista,21450,2921450,Mirante,
29,Bahia,2909,Paulo Afonso,290026,Euclides da Cunha,21500,2921500,Monte Santo,
29,Bahia,2907,Irecê,290021,Xique-Xique ¿ Barra,21609,2921609,Morpará,
29,Bahia,2907,Irecê,290020,Irecê,21708,2921708,Morro do Chapéu,
29,Bahia,2905,Guanambi,290016,Guanambi,21807,2921807,Mortugaba,
29,Bahia,2910,Feira de Santana,290034,Seabra,21906,2921906,Mucugê,
29,Bahia,2903,Ilhéus ¿ Itabuna,290008,Teixeira de Freitas,22003,2922003,Mucuri,
29,Bahia,2907,Irecê,290020,Irecê,22052,2922052,Mulungu do Morro,
29,Bahia,2910,Feira de Santana,290029,Feira de Santana,22102,2922102,Mundo Novo,
29,Bahia,2902,Santo Antônio de Jesus,290003,Santo Antônio de Jesus,22201,2922201,Muniz Ferreira,
29,Bahia,2907,Irecê,290021,Xique-Xique ¿ Barra,22250,2922250,Muquém do São Francisco,
29,Bahia,2902,Santo Antônio de Jesus,290004,Cruz das Almas,22300,2922300,Muritiba,
29,Bahia,2902,Santo Antônio de Jesus,290003,Santo Antônio de Jesus,22409,2922409,Mutuípe,
29,Bahia,2902,Santo Antônio de Jesus,290006,Nazaré ¿ Maragogipe,22508,2922508,Nazaré,
29,Bahia,2902,Santo Antônio de Jesus,290005,Valença,22607,2922607,Nilo Peçanha,
29,Bahia,2910,Feira de Santana,290032,Conceição do Coité,22656,2922656,Nordestina,
29,Bahia,2904,Vitória da Conquista,290011,Vitória da Conquista,22706,2922706,Nova Canaã,
29,Bahia,2910,Feira de Santana,290029,Feira de Santana,22730,2922730,Nova Fátima,
29,Bahia,2904,Vitória da Conquista,290014,Ipiaú,22755,2922755,Nova Ibiá,
29,Bahia,2902,Santo Antônio de Jesus,290003,Santo Antônio de Jesus,22805,2922805,Nova Itarana,
29,Bahia,2910,Feira de Santana,290031,Itaberaba,22854,2922854,Nova Redenção,
29,Bahia,2909,Paulo Afonso,290025,Ribeira do Pombal,22904,2922904,Nova Soure,
29,Bahia,2903,Ilhéus ¿ Itabuna,290008,Teixeira de Freitas,23001,2923001,Nova Viçosa,
29,Bahia,2910,Feira de Santana,290034,Seabra,23035,2923035,Novo Horizonte,
29,Bahia,2909,Paulo Afonso,290028,Jeremoabo,23050,2923050,Novo Triunfo,
29,Bahia,2909,Paulo Afonso,290025,Ribeira do Pombal,23100,2923100,Olindina,
29,Bahia,2907,Irecê,290021,Xique-Xique ¿ Barra,23209,2923209,Oliveira dos Brejinhos,
29,Bahia,2910,Feira de Santana,290029,Feira de Santana,23308,2923308,Ouriçangas,
29,Bahia,2910,Feira de Santana,290030,Jacobina,23357,2923357,Ourolândia,
29,Bahia,2905,Guanambi,290016,Guanambi,23407,2923407,Palmas de Monte Alto,
29,Bahia,2910,Feira de Santana,290034,Seabra,23506,2923506,Palmeiras,
29,Bahia,2904,Vitória da Conquista,290013,Brumado,23605,2923605,Paramirim,
29,Bahia,2905,Guanambi,290017,Bom Jesus da Lapa,23704,2923704,Paratinga,
29,Bahia,2909,Paulo Afonso,290027,Cícero Dantas,23803,2923803,Paripiranga,
29,Bahia,2903,Ilhéus ¿ Itabuna,290010,Camacan,23902,2923902,Pau Brasil,
29,Bahia,2909,Paulo Afonso,290024,Paulo Afonso,24009,2924009,Paulo Afonso,
29,Bahia,2910,Feira de Santana,290029,Feira de Santana,24058,2924058,Pé de Serra,
29,Bahia,2901,Salvador,290002,Alagoinhas,24108,2924108,Pedrão,
29,Bahia,2909,Paulo Afonso,290028,Jeremoabo,24207,2924207,Pedro Alexandre,
29,Bahia,2910,Feira de Santana,290034,Seabra,24306,2924306,Piatã,
29,Bahia,2908,Juazeiro,290022,Juazeiro,24405,2924405,Pilão Arcado,
29,Bahia,2905,Guanambi,290016,Guanambi,24504,2924504,Pindaí,
29,Bahia,2908,Juazeiro,290023,Senhor do Bonfim,24603,2924603,Pindobaçu,
29,Bahia,2910,Feira de Santana,290029,Feira de Santana,24652,2924652,Pintadas,
29,Bahia,2904,Vitória da Conquista,290014,Ipiaú,24678,2924678,Piraí do Norte,
29,Bahia,2904,Vitória da Conquista,290011,Vitória da Conquista,24702,2924702,Piripá,
29,Bahia,2910,Feira de Santana,290030,Jacobina,24801,2924801,Piritiba,
29,Bahia,2904,Vitória da Conquista,290012,Jequié,24900,2924900,Planaltino,
29,Bahia,2904,Vitória da Conquista,290011,Vitória da Conquista,25006,2925006,Planalto,
29,Bahia,2904,Vitória da Conquista,290011,Vitória da Conquista,25105,2925105,Poções,
29,Bahia,2901,Salvador,290001,Salvador,25204,2925204,Pojuca,
29,Bahia,2908,Juazeiro,290023,Senhor do Bonfim,25253,2925253,Ponto Novo,
29,Bahia,2903,Ilhéus ¿ Itabuna,290009,Eunápolis - Porto Seguro,25303,2925303,Porto Seguro,
29,Bahia,2904,Vitória da Conquista,290015,Itapetinga,25402,2925402,Potiraguá,
29,Bahia,2903,Ilhéus ¿ Itabuna,290008,Teixeira de Freitas,25501,2925501,Prado,
29,Bahia,2907,Irecê,290020,Irecê,25600,2925600,Presidente Dutra,
29,Bahia,2904,Vitória da Conquista,290011,Vitória da Conquista,25709,2925709,Presidente Jânio Quadros,
29,Bahia,2902,Santo Antônio de Jesus,290005,Valença,25758,2925758,Presidente Tancredo Neves,
29,Bahia,2910,Feira de Santana,290032,Conceição do Coité,25808,2925808,Queimadas,
29,Bahia,2909,Paulo Afonso,290026,Euclides da Cunha,25907,2925907,Quijingue,
29,Bahia,2910,Feira de Santana,290030,Jacobina,25931,2925931,Quixabeira,
29,Bahia,2910,Feira de Santana,290029,Feira de Santana,25956,2925956,Rafael Jambeiro,
29,Bahia,2908,Juazeiro,290022,Juazeiro,26004,2926004,Remanso,
29,Bahia,2910,Feira de Santana,290032,Conceição do Coité,26103,2926103,Retirolândia,
29,Bahia,2906,Barreiras,290018,Barreiras,26202,2926202,Riachão das Neves,
29,Bahia,2910,Feira de Santana,290029,Feira de Santana,26301,2926301,Riachão do Jacuípe,
29,Bahia,2905,Guanambi,290016,Guanambi,26400,2926400,Riacho de Santana,
29,Bahia,2909,Paulo Afonso,290025,Ribeira do Pombal,26509,2926509,Ribeira do Amparo,
29,Bahia,2909,Paulo Afonso,290025,Ribeira do Pombal,26608,2926608,Ribeira do Pombal,
29,Bahia,2904,Vitória da Conquista,290011,Vitória da Conquista,26657,2926657,Ribeirão do Largo,
29,Bahia,2904,Vitória da Conquista,290013,Brumado,26707,2926707,Rio de Contas,
29,Bahia,2905,Guanambi,290016,Guanambi,26806,2926806,Rio do Antônio,
29,Bahia,2904,Vitória da Conquista,290013,Brumado,26905,2926905,Rio do Pires,
29,Bahia,2901,Salvador,290002,Alagoinhas,27002,2927002,Rio Real,
29,Bahia,2909,Paulo Afonso,290024,Paulo Afonso,27101,2927101,Rodelas,
29,Bahia,2910,Feira de Santana,290031,Itaberaba,27200,2927200,Ruy Barbosa,
29,Bahia,2902,Santo Antônio de Jesus,290006,Nazaré ¿ Maragogipe,27309,2927309,Salinas da Margarida,
29,Bahia,2901,Salvador,290001,Salvador,27408,2927408,Salvador,
29,Bahia,2910,Feira de Santana,290029,Feira de Santana,27507,2927507,Santa Bárbara,
29,Bahia,2909,Paulo Afonso,290024,Paulo Afonso,27606,2927606,Santa Brígida,
29,Bahia,2903,Ilhéus ¿ Itabuna,290009,Eunápolis - Porto Seguro,27705,2927705,Santa Cruz Cabrália,
29,Bahia,2903,Ilhéus ¿ Itabuna,290007,Ilhéus ¿ Itabuna,27804,2927804,Santa Cruz da Vitória,
29,Bahia,2904,Vitória da Conquista,290012,Jequié,27903,2927903,Santa Inês,
29,Bahia,2903,Ilhéus ¿ Itabuna,290010,Camacan,28059,2928059,Santa Luzia,
29,Bahia,2906,Barreiras,290019,Santa Maria da Vitoria,28109,2928109,Santa Maria da Vitória,
29,Bahia,2906,Barreiras,290018,Barreiras,28406,2928406,Santa Rita de Cássia,
29,Bahia,2902,Santo Antônio de Jesus,290004,Cruz das Almas,28505,2928505,Santa Terezinha,
29,Bahia,2910,Feira de Santana,290032,Conceição do Coité,28000,2928000,Santaluz,
29,Bahia,2906,Barreiras,290018,Barreiras,28208,2928208,Santana,
29,Bahia,2910,Feira de Santana,290029,Feira de Santana,28307,2928307,Santanópolis,
29,Bahia,2901,Salvador,290001,Salvador,28604,2928604,Santo Amaro,
29,Bahia,2902,Santo Antônio de Jesus,290003,Santo Antônio de Jesus,28703,2928703,Santo Antônio de Jesus,
29,Bahia,2910,Feira de Santana,290029,Feira de Santana,28802,2928802,Santo Estêvão,
29,Bahia,2906,Barreiras,290018,Barreiras,28901,2928901,São Desidério,
29,Bahia,2910,Feira de Santana,290032,Conceição do Coité,28950,2928950,São Domingos,
29,Bahia,2902,Santo Antônio de Jesus,290004,Cruz das Almas,29107,2929107,São Felipe,
29,Bahia,2902,Santo Antônio de Jesus,290004,Cruz das Almas,29008,2929008,São Félix,
29,Bahia,2906,Barreiras,290019,Santa Maria da Vitoria,29057,2929057,São Félix do Coribe,
29,Bahia,2901,Salvador,290001,Salvador,29206,2929206,São Francisco do Conde,
29,Bahia,2907,Irecê,290020,Irecê,29255,2929255,São Gabriel,
29,Bahia,2910,Feira de Santana,290029,Feira de Santana,29305,2929305,São Gonçalo dos Campos,
29,Bahia,2903,Ilhéus ¿ Itabuna,290007,Ilhéus ¿ Itabuna,29354,2929354,São José da Vitória,
29,Bahia,2910,Feira de Santana,290030,Jacobina,29370,2929370,São José do Jacuípe,
29,Bahia,2902,Santo Antônio de Jesus,290003,Santo Antônio de Jesus,29404,2929404,São Miguel das Matas,
29,Bahia,2901,Salvador,290001,Salvador,29503,2929503,São Sebastião do Passé,
29,Bahia,2902,Santo Antônio de Jesus,290004,Cruz das Almas,29602,2929602,Sapeaçu,
29,Bahia,2901,Salvador,290002,Alagoinhas,29701,2929701,Sátiro Dias,
29,Bahia,2901,Salvador,290001,Salvador,29750,2929750,Saubara,
29,Bahia,2910,Feira de Santana,290030,Jacobina,29800,2929800,Saúde,
29,Bahia,2910,Feira de Santana,290034,Seabra,29909,2929909,Seabra,
29,Bahia,2905,Guanambi,290016,Guanambi,30006,2930006,Sebastião Laranjeiras,
29,Bahia,2908,Juazeiro,290023,Senhor do Bonfim,30105,2930105,Senhor do Bonfim,
29,Bahia,2908,Juazeiro,290022,Juazeiro,30204,2930204,Sento Sé,
29,Bahia,2905,Guanambi,290017,Bom Jesus da Lapa,30154,2930154,Serra do Ramalho,
29,Bahia,2906,Barreiras,290018,Barreiras,30303,2930303,Serra Dourada,
29,Bahia,2910,Feira de Santana,290029,Feira de Santana,30402,2930402,Serra Preta,
29,Bahia,2910,Feira de Santana,290033,Serrinha,30501,2930501,Serrinha,
29,Bahia,2910,Feira de Santana,290030,Jacobina,30600,2930600,Serrolândia,
29,Bahia,2901,Salvador,290001,Salvador,30709,2930709,Simões Filho,
29,Bahia,2905,Guanambi,290017,Bom Jesus da Lapa,30758,2930758,Sítio do Mato,
29,Bahia,2909,Paulo Afonso,290028,Jeremoabo,30766,2930766,Sítio do Quinto,
29,Bahia,2908,Juazeiro,290022,Juazeiro,30774,2930774,Sobradinho,
29,Bahia,2910,Feira de Santana,290034,Seabra,30808,2930808,Souto Soares,
29,Bahia,2906,Barreiras,290018,Barreiras,30907,2930907,Tabocas do Brejo Velho,
29,Bahia,2904,Vitória da Conquista,290011,Vitória da Conquista,31004,2931004,Tanhaçu,
29,Bahia,2905,Guanambi,290016,Guanambi,31053,2931053,Tanque Novo,
29,Bahia,2910,Feira de Santana,290029,Feira de Santana,31103,2931103,Tanquinho,
29,Bahia,2902,Santo Antônio de Jesus,290005,Valença,31202,2931202,Taperoá,
29,Bahia,2910,Feira de Santana,290030,Jacobina,31301,2931301,Tapiramutá,
29,Bahia,2903,Ilhéus ¿ Itabuna,290008,Teixeira de Freitas,31350,2931350,Teixeira de Freitas,
29,Bahia,2901,Salvador,290002,Alagoinhas,31400,2931400,Teodoro Sampaio,
29,Bahia,2910,Feira de Santana,290033,Serrinha,31509,2931509,Teofilândia,
29,Bahia,2904,Vitória da Conquista,290014,Ipiaú,31608,2931608,Teolândia,
29,Bahia,2901,Salvador,290001,Salvador,31707,2931707,Terra Nova,
29,Bahia,2904,Vitória da Conquista,290011,Vitória da Conquista,31806,2931806,Tremedal,
29,Bahia,2909,Paulo Afonso,290025,Ribeira do Pombal,31905,2931905,Tucano,
29,Bahia,2908,Juazeiro,290022,Juazeiro,32002,2932002,Uauá,
29,Bahia,2902,Santo Antônio de Jesus,290003,Santo Antônio de Jesus,32101,2932101,Ubaíra,
29,Bahia,2903,Ilhéus ¿ Itabuna,290007,Ilhéus ¿ Itabuna,32200,2932200,Ubaitaba,
29,Bahia,2904,Vitória da Conquista,290014,Ipiaú,32309,2932309,Ubatã,
29,Bahia,2907,Irecê,290020,Irecê,32408,2932408,Uibaí,
29,Bahia,2910,Feira de Santana,290030,Jacobina,32457,2932457,Umburanas,
29,Bahia,2903,Ilhéus ¿ Itabuna,290010,Camacan,32507,2932507,Una,
29,Bahia,2905,Guanambi,290016,Guanambi,32606,2932606,Urandi,
29,Bahia,2903,Ilhéus ¿ Itabuna,290007,Ilhéus ¿ Itabuna,32705,2932705,Uruçuca,
29,Bahia,2910,Feira de Santana,290031,Itaberaba,32804,2932804,Utinga,
29,Bahia,2902,Santo Antônio de Jesus,290005,Valença,32903,2932903,Valença,
29,Bahia,2910,Feira de Santana,290032,Conceição do Coité,33000,2933000,Valente,
29,Bahia,2910,Feira de Santana,290029,Feira de Santana,33059,2933059,Várzea da Roça,
29,Bahia,2910,Feira de Santana,290030,Jacobina,33109,2933109,Várzea do Poço,
29,Bahia,2910,Feira de Santana,290030,Jacobina,33158,2933158,Várzea Nova,
29,Bahia,2902,Santo Antônio de Jesus,290003,Santo Antônio de Jesus,33174,2933174,Varzedo,
29,Bahia,2902,Santo Antônio de Jesus,290006,Nazaré ¿ Maragogipe,33208,2933208,Vera Cruz,
29,Bahia,2903,Ilhéus ¿ Itabuna,290008,Teixeira de Freitas,33257,2933257,Vereda,
29,Bahia,2904,Vitória da Conquista,290011,Vitória da Conquista,33307,2933307,Vitória da Conquista,
29,Bahia,2910,Feira de Santana,290031,Itaberaba,33406,2933406,Wagner,
29,Bahia,2906,Barreiras,290018,Barreiras,33455,2933455,Wanderley,
29,Bahia,2904,Vitória da Conquista,290014,Ipiaú,33505,2933505,Wenceslau Guimarães,
29,Bahia,2907,Irecê,290021,Xique-Xique ¿ Barra,33604,2933604,Xique-Xique,
31,Minas Gerais,3111,Uberlândia,310061,Monte Carmelo,00104,3100104,Abadia dos Dourados,
31,Minas Gerais,3113,Divinópolis,310070,Abaeté,00203,3100203,Abaeté,
31,Minas Gerais,3106,Juíz de Fora,310028,Manhuaçu,00302,3100302,Abre Campo,
31,Minas Gerais,3106,Juíz de Fora,310030,Ponte Nova,00401,3100401,Acaiaca,
31,Minas Gerais,3105,Ipatinga,310024,Ipatinga,00500,3100500,Açucena,
31,Minas Gerais,3103,Teófilo Otoni,310014,Capelinha,00609,3100609,Água Boa,
31,Minas Gerais,3110,Uberaba,310055,Uberaba,00708,3100708,Água Comprida,
31,Minas Gerais,3108,Varginha,310048,Campo Belo,00807,3100807,Aguanil,
31,Minas Gerais,3103,Teófilo Otoni,310019,Águas Formosas,00906,3100906,Águas Formosas,
31,Minas Gerais,3103,Teófilo Otoni,310018,Pedra Azul,01003,3101003,Águas Vermelhas,
31,Minas Gerais,3104,Governador Valadares,310023,Aimorés - Resplendor,01102,3101102,Aimorés,
31,Minas Gerais,3109,Pouso Alegre,310054,Caxambu - Baependi,01201,3101201,Aiuruoca,
31,Minas Gerais,3109,Pouso Alegre,310053,São Lourenço,01300,3101300,Alagoa,
31,Minas Gerais,3109,Pouso Alegre,310050,Pouso Alegre,01409,3101409,Albertina,
31,Minas Gerais,3106,Juíz de Fora,310036,Além Paraíba,01508,3101508,Além Paraíba,
31,Minas Gerais,3108,Varginha,310042,Alfenas,01607,3101607,Alfenas,
31,Minas Gerais,3107,Barbacena,310037,Barbacena,01631,3101631,Alfredo Vasconcelos,
31,Minas Gerais,3103,Teófilo Otoni,310015,Almenara,01706,3101706,Almenara,
31,Minas Gerais,3104,Governador Valadares,310020,Governador Valadares,01805,3101805,Alpercata,
31,Minas Gerais,3108,Varginha,310041,Passos,01904,3101904,Alpinópolis,
31,Minas Gerais,3108,Varginha,310042,Alfenas,02001,3102001,Alterosa,
31,Minas Gerais,3106,Juíz de Fora,310028,Manhuaçu,02050,3102050,Alto Caparaó,
31,Minas Gerais,3106,Juíz de Fora,310028,Manhuaçu,53509,3153509,Alto Jequitibá,
31,Minas Gerais,3107,Barbacena,310037,Barbacena,02100,3102100,Alto Rio Doce,
31,Minas Gerais,3105,Ipatinga,310025,Caratinga,02209,3102209,Alvarenga,
31,Minas Gerais,3106,Juíz de Fora,310030,Ponte Nova,02308,3102308,Alvinópolis,
31,Minas Gerais,3103,Teófilo Otoni,310016,Diamantina,02407,3102407,Alvorada de Minas,
31,Minas Gerais,3106,Juíz de Fora,310030,Ponte Nova,02506,3102506,Amparo do Serra,
31,Minas Gerais,3109,Pouso Alegre,310051,Poços de Caldas,02605,3102605,Andradas,
31,Minas Gerais,3106,Juíz de Fora,310027,Juiz de Fora,02803,3102803,Andrelândia,
31,Minas Gerais,3103,Teófilo Otoni,310014,Capelinha,02852,3102852,Angelândia,
31,Minas Gerais,3107,Barbacena,310037,Barbacena,02902,3102902,Antônio Carlos,
31,Minas Gerais,3105,Ipatinga,310024,Ipatinga,03009,3103009,Antônio Dias,
31,Minas Gerais,3106,Juíz de Fora,310031,Muriaé,03108,3103108,Antônio Prado de Minas,
31,Minas Gerais,3101,Belo Horizonte,310002,Sete Lagoas,03207,3103207,Araçaí,
31,Minas Gerais,3106,Juíz de Fora,310027,Juiz de Fora,03306,3103306,Aracitaba,
31,Minas Gerais,3103,Teófilo Otoni,310017,Araçuaí,03405,3103405,Araçuaí,
31,Minas Gerais,3111,Uberlândia,310059,Uberlândia,03504,3103504,Araguari,
31,Minas Gerais,3106,Juíz de Fora,310027,Juiz de Fora,03603,3103603,Arantina,
31,Minas Gerais,3106,Juíz de Fora,310033,Viçosa,03702,3103702,Araponga,
31,Minas Gerais,3111,Uberlândia,310059,Uberlândia,03751,3103751,Araporã,
31,Minas Gerais,3112,Patos de Minas,310062,Patos de Minas,03801,3103801,Arapuá,
31,Minas Gerais,3113,Divinópolis,310065,Divinópolis,03900,3103900,Araújos,
31,Minas Gerais,3110,Uberaba,310056,Araxá,04007,3104007,Araxá,
31,Minas Gerais,3108,Varginha,310044,Guaxupé,04106,3104106,Arceburgo,
31,Minas Gerais,3113,Divinópolis,310066,Formiga,04205,3104205,Arcos,
31,Minas Gerais,3108,Varginha,310042,Alfenas,04304,3104304,Areado,
31,Minas Gerais,3106,Juíz de Fora,310032,Cataguases,04403,3104403,Argirita,
31,Minas Gerais,3103,Teófilo Otoni,310014,Capelinha,04452,3104452,Aricanduva,
31,Minas Gerais,3112,Patos de Minas,310063,Unaí,04502,3104502,Arinos,
31,Minas Gerais,3106,Juíz de Fora,310032,Cataguases,04601,3104601,Astolfo Dutra,
31,Minas Gerais,3103,Teófilo Otoni,310013,Teófilo Otoni,04700,3104700,Ataléia,
31,Minas Gerais,3101,Belo Horizonte,310004,Curvelo,04809,3104809,Augusto de Lima,
31,Minas Gerais,3109,Pouso Alegre,310054,Caxambu - Baependi,04908,3104908,Baependi,
31,Minas Gerais,3101,Belo Horizonte,310002,Sete Lagoas,05004,3105004,Baldim,
31,Minas Gerais,3113,Divinópolis,310066,Formiga,05103,3105103,Bambuí,
31,Minas Gerais,3103,Teófilo Otoni,310015,Almenara,05202,3105202,Bandeira,
31,Minas Gerais,3109,Pouso Alegre,310051,Poços de Caldas,05301,3105301,Bandeira do Sul,
31,Minas Gerais,3101,Belo Horizonte,310003,Santa Bárbara - Ouro Preto,05400,3105400,Barão de Cocais,
31,Minas Gerais,3106,Juíz de Fora,310031,Muriaé,05509,3105509,Barão do Monte Alto,
31,Minas Gerais,3107,Barbacena,310037,Barbacena,05608,3105608,Barbacena,
31,Minas Gerais,3106,Juíz de Fora,310030,Ponte Nova,05707,3105707,Barra Longa,
31,Minas Gerais,3107,Barbacena,310037,Barbacena,05905,3105905,Barroso,
31,Minas Gerais,3105,Ipatinga,310026,João Monlevade,06002,3106002,Bela Vista de Minas,
31,Minas Gerais,3106,Juíz de Fora,310027,Juiz de Fora,06101,3106101,Belmiro Braga,
31,Minas Gerais,3101,Belo Horizonte,310001,Belo Horizonte,06200,3106200,Belo Horizonte,
31,Minas Gerais,3105,Ipatinga,310024,Ipatinga,06309,3106309,Belo Oriente,
31,Minas Gerais,3107,Barbacena,310038,Conselheiro Lafaiete,06408,3106408,Belo Vale,
31,Minas Gerais,3103,Teófilo Otoni,310017,Araçuaí,06507,3106507,Berilo,
31,Minas Gerais,3102,Montes Claros,310008,Salinas,06655,3106655,Berizal,
31,Minas Gerais,3103,Teófilo Otoni,310019,Águas Formosas,06606,3106606,Bertópolis,
31,Minas Gerais,3101,Belo Horizonte,310001,Belo Horizonte,06705,3106705,Betim,
31,Minas Gerais,3106,Juíz de Fora,310027,Juiz de Fora,06804,3106804,Bias Fortes,
31,Minas Gerais,3106,Juíz de Fora,310035,São João Nepomuceno - Bicas,06903,3106903,Bicas,
31,Minas Gerais,3113,Divinópolis,310070,Abaeté,07000,3107000,Biquinhas,
31,Minas Gerais,3108,Varginha,310046,Três Pontas - Boa Esperança,07109,3107109,Boa Esperança,
31,Minas Gerais,3106,Juíz de Fora,310027,Juiz de Fora,07208,3107208,Bocaina de Minas,
31,Minas Gerais,3102,Montes Claros,310006,Montes Claros,07307,3107307,Bocaiúva,
31,Minas Gerais,3113,Divinópolis,310067,Dores do Indaiá,07406,3107406,Bom Despacho,
31,Minas Gerais,3106,Juíz de Fora,310027,Juiz de Fora,07505,3107505,Bom Jardim de Minas,
31,Minas Gerais,3108,Varginha,310041,Passos,07604,3107604,Bom Jesus da Penha,
31,Minas Gerais,3101,Belo Horizonte,310005,Itabira,07703,3107703,Bom Jesus do Amparo,
31,Minas Gerais,3105,Ipatinga,310025,Caratinga,07802,3107802,Bom Jesus do Galho,
31,Minas Gerais,3109,Pouso Alegre,310050,Pouso Alegre,07901,3107901,Bom Repouso,
31,Minas Gerais,3108,Varginha,310043,Lavras,08008,3108008,Bom Sucesso,
31,Minas Gerais,3113,Divinópolis,310069,Oliveira,08107,3108107,Bonfim,
31,Minas Gerais,3112,Patos de Minas,310063,Unaí,08206,3108206,Bonfinópolis de Minas,
31,Minas Gerais,3102,Montes Claros,310009,Januária,08255,3108255,Bonito de Minas,
31,Minas Gerais,3109,Pouso Alegre,310050,Pouso Alegre,08305,3108305,Borda da Mata,
31,Minas Gerais,3109,Pouso Alegre,310051,Poços de Caldas,08404,3108404,Botelhos,
31,Minas Gerais,3102,Montes Claros,310006,Montes Claros,08503,3108503,Botumirim,
31,Minas Gerais,3106,Juíz de Fora,310029,Ubá,08701,3108701,Brás Pires,
31,Minas Gerais,3112,Patos de Minas,310062,Patos de Minas,08552,3108552,Brasilândia de Minas,
31,Minas Gerais,3102,Montes Claros,310006,Montes Claros,08602,3108602,Brasília de Minas,
31,Minas Gerais,3105,Ipatinga,310024,Ipatinga,08800,3108800,Braúnas,
31,Minas Gerais,3109,Pouso Alegre,310052,Itajubá,08909,3108909,Brazópolis,
31,Minas Gerais,3101,Belo Horizonte,310001,Belo Horizonte,09006,3109006,Brumadinho,
31,Minas Gerais,3109,Pouso Alegre,310050,Pouso Alegre,09105,3109105,Bueno Brandão,
31,Minas Gerais,3101,Belo Horizonte,310004,Curvelo,09204,3109204,Buenópolis,
31,Minas Gerais,3105,Ipatinga,310024,Ipatinga,09253,3109253,Bugre,
31,Minas Gerais,3112,Patos de Minas,310063,Unaí,09303,3109303,Buritis,
31,Minas Gerais,3102,Montes Claros,310010,Pirapora,09402,3109402,Buritizeiro,
31,Minas Gerais,3112,Patos de Minas,310063,Unaí,09451,3109451,Cabeceira Grande,
31,Minas Gerais,3108,Varginha,310044,Guaxupé,09501,3109501,Cabo Verde,
31,Minas Gerais,3101,Belo Horizonte,310002,Sete Lagoas,09600,3109600,Cachoeira da Prata,
31,Minas Gerais,3109,Pouso Alegre,310050,Pouso Alegre,09709,3109709,Cachoeira de Minas,
31,Minas Gerais,3103,Teófilo Otoni,310018,Pedra Azul,02704,3102704,Cachoeira de Pajeú,
31,Minas Gerais,3111,Uberlândia,310060,Ituiutaba,09808,3109808,Cachoeira Dourada,
31,Minas Gerais,3101,Belo Horizonte,310002,Sete Lagoas,09907,3109907,Caetanópolis,
31,Minas Gerais,3101,Belo Horizonte,310001,Belo Horizonte,10004,3110004,Caeté,
31,Minas Gerais,3106,Juíz de Fora,310034,Carangola,10103,3110103,Caiana,
31,Minas Gerais,3106,Juíz de Fora,310033,Viçosa,10202,3110202,Cajuri,
31,Minas Gerais,3109,Pouso Alegre,310051,Poços de Caldas,10301,3110301,Caldas,
31,Minas Gerais,3113,Divinópolis,310065,Divinópolis,10400,3110400,Camacho,
31,Minas Gerais,3109,Pouso Alegre,310050,Pouso Alegre,10509,3110509,Camanducaia,
31,Minas Gerais,3109,Pouso Alegre,310050,Pouso Alegre,10608,3110608,Cambuí,
31,Minas Gerais,3108,Varginha,310045,Três Corações,10707,3110707,Cambuquira,
31,Minas Gerais,3103,Teófilo Otoni,310013,Teófilo Otoni,10806,3110806,Campanário,
31,Minas Gerais,3108,Varginha,310045,Três Corações,10905,3110905,Campanha,
31,Minas Gerais,3109,Pouso Alegre,310051,Poços de Caldas,11002,3111002,Campestre,
31,Minas Gerais,3111,Uberlândia,310059,Uberlândia,11101,3111101,Campina Verde,
31,Minas Gerais,3102,Montes Claros,310006,Montes Claros,11150,3111150,Campo Azul,
31,Minas Gerais,3108,Varginha,310048,Campo Belo,11200,3111200,Campo Belo,
31,Minas Gerais,3108,Varginha,310042,Alfenas,11309,3111309,Campo do Meio,
31,Minas Gerais,3110,Uberaba,310055,Uberaba,11408,3111408,Campo Florido,
31,Minas Gerais,3110,Uberaba,310056,Araxá,11507,3111507,Campos Altos,
31,Minas Gerais,3108,Varginha,310042,Alfenas,11606,3111606,Campos Gerais,
31,Minas Gerais,3108,Varginha,310043,Lavras,11903,3111903,Cana Verde,
31,Minas Gerais,3106,Juíz de Fora,310033,Viçosa,11705,3111705,Canaã,
31,Minas Gerais,3111,Uberlândia,310059,Uberlândia,11804,3111804,Canápolis,
31,Minas Gerais,3108,Varginha,310048,Campo Belo,12000,3112000,Candeias,
31,Minas Gerais,3104,Governador Valadares,310021,Guanhães,12059,3112059,Cantagalo,
31,Minas Gerais,3106,Juíz de Fora,310028,Manhuaçu,12109,3112109,Caparaó,
31,Minas Gerais,3107,Barbacena,310038,Conselheiro Lafaiete,12208,3112208,Capela Nova,
31,Minas Gerais,3103,Teófilo Otoni,310014,Capelinha,12307,3112307,Capelinha,
31,Minas Gerais,3108,Varginha,310041,Passos,12406,3112406,Capetinga,
31,Minas Gerais,3101,Belo Horizonte,310002,Sete Lagoas,12505,3112505,Capim Branco,
31,Minas Gerais,3111,Uberlândia,310060,Ituiutaba,12604,3112604,Capinópolis,
31,Minas Gerais,3104,Governador Valadares,310020,Governador Valadares,12653,3112653,Capitão Andrade,
31,Minas Gerais,3102,Montes Claros,310006,Montes Claros,12703,3112703,Capitão Enéas,
31,Minas Gerais,3108,Varginha,310049,Piumhi,12802,3112802,Capitólio,
31,Minas Gerais,3106,Juíz de Fora,310028,Manhuaçu,12901,3112901,Caputira,
31,Minas Gerais,3103,Teófilo Otoni,310013,Teófilo Otoni,13008,3113008,Caraí,
31,Minas Gerais,3107,Barbacena,310038,Conselheiro Lafaiete,13107,3113107,Caranaíba,
31,Minas Gerais,3107,Barbacena,310038,Conselheiro Lafaiete,13206,3113206,Carandaí,
31,Minas Gerais,3106,Juíz de Fora,310034,Carangola,13305,3113305,Carangola,
31,Minas Gerais,3105,Ipatinga,310025,Caratinga,13404,3113404,Caratinga,
31,Minas Gerais,3103,Teófilo Otoni,310016,Diamantina,13503,3113503,Carbonita,
31,Minas Gerais,3109,Pouso Alegre,310050,Pouso Alegre,13602,3113602,Careaçu,
31,Minas Gerais,3103,Teófilo Otoni,310013,Teófilo Otoni,13701,3113701,Carlos Chagas,
31,Minas Gerais,3101,Belo Horizonte,310005,Itabira,13800,3113800,Carmésia,
31,Minas Gerais,3108,Varginha,310045,Três Corações,13909,3113909,Carmo da Cachoeira,
31,Minas Gerais,3113,Divinópolis,310065,Divinópolis,14006,3114006,Carmo da Mata,
31,Minas Gerais,3109,Pouso Alegre,310053,São Lourenço,14105,3114105,Carmo de Minas,
31,Minas Gerais,3113,Divinópolis,310065,Divinópolis,14204,3114204,Carmo do Cajuru,
31,Minas Gerais,3112,Patos de Minas,310062,Patos de Minas,14303,3114303,Carmo do Paranaíba,
31,Minas Gerais,3108,Varginha,310041,Passos,14402,3114402,Carmo do Rio Claro,
31,Minas Gerais,3113,Divinópolis,310069,Oliveira,14501,3114501,Carmópolis de Minas,
31,Minas Gerais,3110,Uberaba,310058,Iturama,14550,3114550,Carneirinho,
31,Minas Gerais,3108,Varginha,310043,Lavras,14600,3114600,Carrancas,
31,Minas Gerais,3108,Varginha,310042,Alfenas,14709,3114709,Carvalhópolis,
31,Minas Gerais,3109,Pouso Alegre,310054,Caxambu - Baependi,14808,3114808,Carvalhos,
31,Minas Gerais,3107,Barbacena,310038,Conselheiro Lafaiete,14907,3114907,Casa Grande,
31,Minas Gerais,3111,Uberlândia,310059,Uberlândia,15003,3115003,Cascalho Rico,
31,Minas Gerais,3108,Varginha,310041,Passos,15102,3115102,Cássia,
31,Minas Gerais,3106,Juíz de Fora,310032,Cataguases,15300,3115300,Cataguases,
31,Minas Gerais,3101,Belo Horizonte,310003,Santa Bárbara - Ouro Preto,15359,3115359,Catas Altas,
31,Minas Gerais,3107,Barbacena,310038,Conselheiro Lafaiete,15409,3115409,Catas Altas da Noruega,
31,Minas Gerais,3103,Teófilo Otoni,310013,Teófilo Otoni,15458,3115458,Catuji,
31,Minas Gerais,3102,Montes Claros,310012,Espinosa,15474,3115474,Catuti,
31,Minas Gerais,3109,Pouso Alegre,310054,Caxambu - Baependi,15508,3115508,Caxambu,
31,Minas Gerais,3113,Divinópolis,310070,Abaeté,15607,3115607,Cedro do Abaeté,
31,Minas Gerais,3104,Governador Valadares,310022,Mantena,15706,3115706,Central de Minas,
31,Minas Gerais,3111,Uberlândia,310059,Uberlândia,15805,3115805,Centralina,
31,Minas Gerais,3106,Juíz de Fora,310027,Juiz de Fora,15904,3115904,Chácara,
31,Minas Gerais,3106,Juíz de Fora,310028,Manhuaçu,16001,3116001,Chalé,
31,Minas Gerais,3103,Teófilo Otoni,310014,Capelinha,16100,3116100,Chapada do Norte,
31,Minas Gerais,3102,Montes Claros,310011,São Francisco,16159,3116159,Chapada Gaúcha,
31,Minas Gerais,3106,Juíz de Fora,310027,Juiz de Fora,16209,3116209,Chiador,
31,Minas Gerais,3107,Barbacena,310037,Barbacena,16308,3116308,Cipotânea,
31,Minas Gerais,3108,Varginha,310041,Passos,16407,3116407,Claraval,
31,Minas Gerais,3102,Montes Claros,310006,Montes Claros,16506,3116506,Claro dos Poções,
31,Minas Gerais,3113,Divinópolis,310065,Divinópolis,16605,3116605,Cláudio,
31,Minas Gerais,3106,Juíz de Fora,310033,Viçosa,16704,3116704,Coimbra,
31,Minas Gerais,3104,Governador Valadares,310021,Guanhães,16803,3116803,Coluna,
31,Minas Gerais,3110,Uberaba,310057,Frutal,16902,3116902,Comendador Gomes,
31,Minas Gerais,3103,Teófilo Otoni,310018,Pedra Azul,17009,3117009,Comercinho,
31,Minas Gerais,3108,Varginha,310042,Alfenas,17108,3117108,Conceição da Aparecida,
31,Minas Gerais,3107,Barbacena,310039,São João del Rei,15201,3115201,Conceição da Barra de Minas,
31,Minas Gerais,3110,Uberaba,310055,Uberaba,17306,3117306,Conceição das Alagoas,
31,Minas Gerais,3109,Pouso Alegre,310052,Itajubá,17207,3117207,Conceição das Pedras,
31,Minas Gerais,3106,Juíz de Fora,310028,Manhuaçu,17405,3117405,Conceição de Ipanema,
31,Minas Gerais,3101,Belo Horizonte,310002,Sete Lagoas,17504,3117504,Conceição do Mato Dentro,
31,Minas Gerais,3113,Divinópolis,310065,Divinópolis,17603,3117603,Conceição do Pará,
31,Minas Gerais,3109,Pouso Alegre,310053,São Lourenço,17702,3117702,Conceição do Rio Verde,
31,Minas Gerais,3109,Pouso Alegre,310050,Pouso Alegre,17801,3117801,Conceição dos Ouros,
31,Minas Gerais,3102,Montes Claros,310009,Januária,17836,3117836,Cônego Marinho,
31,Minas Gerais,3101,Belo Horizonte,310001,Belo Horizonte,17876,3117876,Confins,
31,Minas Gerais,3109,Pouso Alegre,310050,Pouso Alegre,17900,3117900,Congonhal,
31,Minas Gerais,3107,Barbacena,310038,Conselheiro Lafaiete,18007,3118007,Congonhas,
31,Minas Gerais,3101,Belo Horizonte,310002,Sete Lagoas,18106,3118106,Congonhas do Norte,
31,Minas Gerais,3110,Uberaba,310055,Uberaba,18205,3118205,Conquista,
31,Minas Gerais,3107,Barbacena,310038,Conselheiro Lafaiete,18304,3118304,Conselheiro Lafaiete,
31,Minas Gerais,3104,Governador Valadares,310020,Governador Valadares,18403,3118403,Conselheiro Pena,
31,Minas Gerais,3109,Pouso Alegre,310050,Pouso Alegre,18502,3118502,Consolação,
31,Minas Gerais,3101,Belo Horizonte,310001,Belo Horizonte,18601,3118601,Contagem,
31,Minas Gerais,3108,Varginha,310046,Três Pontas - Boa Esperança,18700,3118700,Coqueiral,
31,Minas Gerais,3102,Montes Claros,310006,Montes Claros,18809,3118809,Coração de Jesus,
31,Minas Gerais,3101,Belo Horizonte,310002,Sete Lagoas,18908,3118908,Cordisburgo,
31,Minas Gerais,3108,Varginha,310040,Varginha,19005,3119005,Cordislândia,
31,Minas Gerais,3101,Belo Horizonte,310004,Curvelo,19104,3119104,Corinto,
31,Minas Gerais,3104,Governador Valadares,310020,Governador Valadares,19203,3119203,Coroaci,
31,Minas Gerais,3112,Patos de Minas,310064,Patrocínio,19302,3119302,Coromandel,
31,Minas Gerais,3105,Ipatinga,310024,Ipatinga,19401,3119401,Coronel Fabriciano,
31,Minas Gerais,3103,Teófilo Otoni,310017,Araçuaí,19500,3119500,Coronel Murta,
31,Minas Gerais,3106,Juíz de Fora,310027,Juiz de Fora,19609,3119609,Coronel Pacheco,
31,Minas Gerais,3107,Barbacena,310039,São João del Rei,19708,3119708,Coronel Xavier Chaves,
31,Minas Gerais,3113,Divinópolis,310066,Formiga,19807,3119807,Córrego Danta,
31,Minas Gerais,3109,Pouso Alegre,310050,Pouso Alegre,19906,3119906,Córrego do Bom Jesus,
31,Minas Gerais,3113,Divinópolis,310066,Formiga,19955,3119955,Córrego Fundo,
31,Minas Gerais,3105,Ipatinga,310025,Caratinga,20003,3120003,Córrego Novo,
31,Minas Gerais,3103,Teófilo Otoni,310016,Diamantina,20102,3120102,Couto de Magalhães de Minas,
31,Minas Gerais,3103,Teófilo Otoni,310019,Águas Formosas,20151,3120151,Crisólita,
31,Minas Gerais,3108,Varginha,310048,Campo Belo,20201,3120201,Cristais,
31,Minas Gerais,3102,Montes Claros,310006,Montes Claros,20300,3120300,Cristália,
31,Minas Gerais,3107,Barbacena,310038,Conselheiro Lafaiete,20409,3120409,Cristiano Otoni,
31,Minas Gerais,3109,Pouso Alegre,310053,São Lourenço,20508,3120508,Cristina,
31,Minas Gerais,3113,Divinópolis,310069,Oliveira,20607,3120607,Crucilândia,
31,Minas Gerais,3112,Patos de Minas,310064,Patrocínio,20706,3120706,Cruzeiro da Fortaleza,
31,Minas Gerais,3109,Pouso Alegre,310054,Caxambu - Baependi,20805,3120805,Cruzília,
31,Minas Gerais,3104,Governador Valadares,310023,Aimorés - Resplendor,20839,3120839,Cuparaque,
31,Minas Gerais,3102,Montes Claros,310008,Salinas,20870,3120870,Curral de Dentro,
31,Minas Gerais,3101,Belo Horizonte,310004,Curvelo,20904,3120904,Curvelo,
31,Minas Gerais,3103,Teófilo Otoni,310016,Diamantina,21001,3121001,Datas,
31,Minas Gerais,3109,Pouso Alegre,310052,Itajubá,21100,3121100,Delfim Moreira,
31,Minas Gerais,3108,Varginha,310041,Passos,21209,3121209,Delfinópolis,
31,Minas Gerais,3110,Uberaba,310055,Uberaba,21258,3121258,Delta,
31,Minas Gerais,3106,Juíz de Fora,310035,São João Nepomuceno - Bicas,21308,3121308,Descoberto,
31,Minas Gerais,3107,Barbacena,310038,Conselheiro Lafaiete,21407,3121407,Desterro de Entre Rios,
31,Minas Gerais,3107,Barbacena,310037,Barbacena,21506,3121506,Desterro do Melo,
31,Minas Gerais,3103,Teófilo Otoni,310016,Diamantina,21605,3121605,Diamantina,
31,Minas Gerais,3106,Juíz de Fora,310030,Ponte Nova,21704,3121704,Diogo de Vasconcelos,
31,Minas Gerais,3105,Ipatinga,310024,Ipatinga,21803,3121803,Dionísio,
31,Minas Gerais,3106,Juíz de Fora,310029,Ubá,21902,3121902,Divinésia,
31,Minas Gerais,3106,Juíz de Fora,310034,Carangola,22009,3122009,Divino,
31,Minas Gerais,3104,Governador Valadares,310020,Governador Valadares,22108,3122108,Divino das Laranjeiras,
31,Minas Gerais,3104,Governador Valadares,310021,Guanhães,22207,3122207,Divinolândia de Minas,
31,Minas Gerais,3113,Divinópolis,310065,Divinópolis,22306,3122306,Divinópolis,
31,Minas Gerais,3103,Teófilo Otoni,310018,Pedra Azul,22355,3122355,Divisa Alegre,
31,Minas Gerais,3108,Varginha,310042,Alfenas,22405,3122405,Divisa Nova,
31,Minas Gerais,3103,Teófilo Otoni,310018,Pedra Azul,22454,3122454,Divisópolis,
31,Minas Gerais,3112,Patos de Minas,310063,Unaí,22470,3122470,Dom Bosco,
31,Minas Gerais,3105,Ipatinga,310024,Ipatinga,22504,3122504,Dom Cavati,
31,Minas Gerais,3104,Governador Valadares,310021,Guanhães,22603,3122603,Dom Joaquim,
31,Minas Gerais,3106,Juíz de Fora,310030,Ponte Nova,22702,3122702,Dom Silvério,
31,Minas Gerais,3109,Pouso Alegre,310053,São Lourenço,22801,3122801,Dom Viçoso,
31,Minas Gerais,3106,Juíz de Fora,310032,Cataguases,22900,3122900,Dona Euzébia,
31,Minas Gerais,3107,Barbacena,310037,Barbacena,23007,3123007,Dores de Campos,
31,Minas Gerais,3104,Governador Valadares,310021,Guanhães,23106,3123106,Dores de Guanhães,
31,Minas Gerais,3113,Divinópolis,310067,Dores do Indaiá,23205,3123205,Dores do Indaiá,
31,Minas Gerais,3106,Juíz de Fora,310029,Ubá,23304,3123304,Dores do Turvo,
31,Minas Gerais,3108,Varginha,310049,Piumhi,23403,3123403,Doresópolis,
31,Minas Gerais,3111,Uberlândia,310061,Monte Carmelo,23502,3123502,Douradoquara,
31,Minas Gerais,3106,Juíz de Fora,310028,Manhuaçu,23528,3123528,Durandé,
31,Minas Gerais,3108,Varginha,310040,Varginha,23601,3123601,Elói Mendes,
31,Minas Gerais,3104,Governador Valadares,310020,Governador Valadares,23700,3123700,Engenheiro Caldas,
31,Minas Gerais,3102,Montes Claros,310006,Montes Claros,23809,3123809,Engenheiro Navarro,
31,Minas Gerais,3105,Ipatinga,310025,Caratinga,23858,3123858,Entre Folhas,
31,Minas Gerais,3107,Barbacena,310038,Conselheiro Lafaiete,23908,3123908,Entre Rios de Minas,
31,Minas Gerais,3106,Juíz de Fora,310033,Viçosa,24005,3124005,Ervália,
31,Minas Gerais,3101,Belo Horizonte,310001,Belo Horizonte,24104,3124104,Esmeraldas,
31,Minas Gerais,3106,Juíz de Fora,310034,Carangola,24203,3124203,Espera Feliz,
31,Minas Gerais,3102,Montes Claros,310012,Espinosa,24302,3124302,Espinosa,
31,Minas Gerais,3109,Pouso Alegre,310050,Pouso Alegre,24401,3124401,Espírito Santo do Dourado,
31,Minas Gerais,3109,Pouso Alegre,310050,Pouso Alegre,24500,3124500,Estiva,
31,Minas Gerais,3106,Juíz de Fora,310036,Além Paraíba,24609,3124609,Estrela Dalva,
31,Minas Gerais,3113,Divinópolis,310067,Dores do Indaiá,24708,3124708,Estrela do Indaiá,
31,Minas Gerais,3111,Uberlândia,310061,Monte Carmelo,24807,3124807,Estrela do Sul,
31,Minas Gerais,3106,Juíz de Fora,310031,Muriaé,24906,3124906,Eugenópolis,
31,Minas Gerais,3106,Juíz de Fora,310027,Juiz de Fora,25002,3125002,Ewbank da Câmara,
31,Minas Gerais,3109,Pouso Alegre,310050,Pouso Alegre,25101,3125101,Extrema,
31,Minas Gerais,3108,Varginha,310042,Alfenas,25200,3125200,Fama,
31,Minas Gerais,3106,Juíz de Fora,310034,Carangola,25309,3125309,Faria Lemos,
31,Minas Gerais,3103,Teófilo Otoni,310016,Diamantina,25408,3125408,Felício dos Santos,
31,Minas Gerais,3103,Teófilo Otoni,310015,Almenara,25606,3125606,Felisburgo,
31,Minas Gerais,3101,Belo Horizonte,310004,Curvelo,25705,3125705,Felixlândia,
31,Minas Gerais,3104,Governador Valadares,310020,Governador Valadares,25804,3125804,Fernandes Tourinho,
31,Minas Gerais,3101,Belo Horizonte,310005,Itabira,25903,3125903,Ferros,
31,Minas Gerais,3106,Juíz de Fora,310031,Muriaé,25952,3125952,Fervedouro,
31,Minas Gerais,3101,Belo Horizonte,310001,Belo Horizonte,26000,3126000,Florestal,
31,Minas Gerais,3113,Divinópolis,310066,Formiga,26109,3126109,Formiga,
31,Minas Gerais,3112,Patos de Minas,310063,Unaí,26208,3126208,Formoso,
31,Minas Gerais,3108,Varginha,310041,Passos,26307,3126307,Fortaleza de Minas,
31,Minas Gerais,3101,Belo Horizonte,310002,Sete Lagoas,26406,3126406,Fortuna de Minas,
31,Minas Gerais,3103,Teófilo Otoni,310017,Araçuaí,26505,3126505,Francisco Badaró,
31,Minas Gerais,3102,Montes Claros,310006,Montes Claros,26604,3126604,Francisco Dumont,
31,Minas Gerais,3102,Montes Claros,310006,Montes Claros,26703,3126703,Francisco Sá,
31,Minas Gerais,3103,Teófilo Otoni,310013,Teófilo Otoni,26752,3126752,Franciscópolis,
31,Minas Gerais,3103,Teófilo Otoni,310013,Teófilo Otoni,26802,3126802,Frei Gaspar,
31,Minas Gerais,3104,Governador Valadares,310020,Governador Valadares,26901,3126901,Frei Inocêncio,
31,Minas Gerais,3104,Governador Valadares,310021,Guanhães,26950,3126950,Frei Lagonegro,
31,Minas Gerais,3110,Uberaba,310057,Frutal,27008,3127008,Fronteira,
31,Minas Gerais,3103,Teófilo Otoni,310019,Águas Formosas,27057,3127057,Fronteira dos Vales,
31,Minas Gerais,3102,Montes Claros,310008,Salinas,27073,3127073,Fruta de Leite,
31,Minas Gerais,3110,Uberaba,310057,Frutal,27107,3127107,Frutal,
31,Minas Gerais,3101,Belo Horizonte,310002,Sete Lagoas,27206,3127206,Funilândia,
31,Minas Gerais,3104,Governador Valadares,310020,Governador Valadares,27305,3127305,Galiléia,
31,Minas Gerais,3102,Montes Claros,310012,Espinosa,27339,3127339,Gameleiras,
31,Minas Gerais,3102,Montes Claros,310006,Montes Claros,27354,3127354,Glaucilândia,
31,Minas Gerais,3104,Governador Valadares,310020,Governador Valadares,27370,3127370,Goiabeira,
31,Minas Gerais,3106,Juíz de Fora,310027,Juiz de Fora,27388,3127388,Goianá,
31,Minas Gerais,3109,Pouso Alegre,310052,Itajubá,27404,3127404,Gonçalves,
31,Minas Gerais,3104,Governador Valadares,310020,Governador Valadares,27503,3127503,Gonzaga,
31,Minas Gerais,3103,Teófilo Otoni,310016,Diamantina,27602,3127602,Gouveia,
31,Minas Gerais,3104,Governador Valadares,310020,Governador Valadares,27701,3127701,Governador Valadares,
31,Minas Gerais,3102,Montes Claros,310006,Montes Claros,27800,3127800,Grão Mogol,
31,Minas Gerais,3111,Uberlândia,310061,Monte Carmelo,27909,3127909,Grupiara,
31,Minas Gerais,3104,Governador Valadares,310021,Guanhães,28006,3128006,Guanhães,
31,Minas Gerais,3108,Varginha,310041,Passos,28105,3128105,Guapé,
31,Minas Gerais,3106,Juíz de Fora,310030,Ponte Nova,28204,3128204,Guaraciaba,
31,Minas Gerais,3102,Montes Claros,310006,Montes Claros,28253,3128253,Guaraciama,
31,Minas Gerais,3108,Varginha,310044,Guaxupé,28303,3128303,Guaranésia,
31,Minas Gerais,3106,Juíz de Fora,310029,Ubá,28402,3128402,Guarani,
31,Minas Gerais,3106,Juíz de Fora,310035,São João Nepomuceno - Bicas,28501,3128501,Guarará,
31,Minas Gerais,3112,Patos de Minas,310062,Patos de Minas,28600,3128600,Guarda-Mor,
31,Minas Gerais,3108,Varginha,310044,Guaxupé,28709,3128709,Guaxupé,
31,Minas Gerais,3106,Juíz de Fora,310029,Ubá,28808,3128808,Guidoval,
31,Minas Gerais,3112,Patos de Minas,310064,Patrocínio,28907,3128907,Guimarânia,
31,Minas Gerais,3106,Juíz de Fora,310029,Ubá,29004,3129004,Guiricema,
31,Minas Gerais,3111,Uberlândia,310060,Ituiutaba,29103,3129103,Gurinhatã,
31,Minas Gerais,3109,Pouso Alegre,310050,Pouso Alegre,29202,3129202,Heliodora,
31,Minas Gerais,3105,Ipatinga,310024,Ipatinga,29301,3129301,Iapu,
31,Minas Gerais,3107,Barbacena,310037,Barbacena,29400,3129400,Ibertioga,
31,Minas Gerais,3110,Uberaba,310056,Araxá,29509,3129509,Ibiá,
31,Minas Gerais,3102,Montes Claros,310010,Pirapora,29608,3129608,Ibiaí,
31,Minas Gerais,3102,Montes Claros,310006,Montes Claros,29657,3129657,Ibiracatu,
31,Minas Gerais,3108,Varginha,310041,Passos,29707,3129707,Ibiraci,
31,Minas Gerais,3101,Belo Horizonte,310001,Belo Horizonte,29806,3129806,Ibirité,
31,Minas Gerais,3109,Pouso Alegre,310051,Poços de Caldas,29905,3129905,Ibitiúra de Minas,
31,Minas Gerais,3108,Varginha,310043,Lavras,30002,3130002,Ibituruna,
31,Minas Gerais,3102,Montes Claros,310011,São Francisco,30051,3130051,Icaraí de Minas,
31,Minas Gerais,3101,Belo Horizonte,310001,Belo Horizonte,30101,3130101,Igarapé,
31,Minas Gerais,3113,Divinópolis,310068,Pará de Minas,30200,3130200,Igaratinga,
31,Minas Gerais,3113,Divinópolis,310066,Formiga,30309,3130309,Iguatama,
31,Minas Gerais,3108,Varginha,310043,Lavras,30408,3130408,Ijaci,
31,Minas Gerais,3108,Varginha,310046,Três Pontas - Boa Esperança,30507,3130507,Ilicínea,
31,Minas Gerais,3105,Ipatinga,310025,Caratinga,30556,3130556,Imbé de Minas,
31,Minas Gerais,3109,Pouso Alegre,310050,Pouso Alegre,30606,3130606,Inconfidentes,
31,Minas Gerais,3102,Montes Claros,310008,Salinas,30655,3130655,Indaiabira,
31,Minas Gerais,3111,Uberlândia,310059,Uberlândia,30705,3130705,Indianópolis,
31,Minas Gerais,3108,Varginha,310043,Lavras,30804,3130804,Ingaí,
31,Minas Gerais,3105,Ipatinga,310025,Caratinga,30903,3130903,Inhapim,
31,Minas Gerais,3101,Belo Horizonte,310002,Sete Lagoas,31000,3131000,Inhaúma,
31,Minas Gerais,3101,Belo Horizonte,310004,Curvelo,31109,3131109,Inimutaba,
31,Minas Gerais,3105,Ipatinga,310024,Ipatinga,31158,3131158,Ipaba,
31,Minas Gerais,3106,Juíz de Fora,310028,Manhuaçu,31208,3131208,Ipanema,
31,Minas Gerais,3105,Ipatinga,310024,Ipatinga,31307,3131307,Ipatinga,
31,Minas Gerais,3111,Uberlândia,310060,Ituiutaba,31406,3131406,Ipiaçu,
31,Minas Gerais,3109,Pouso Alegre,310050,Pouso Alegre,31505,3131505,Ipuiúna,
31,Minas Gerais,3111,Uberlândia,310061,Monte Carmelo,31604,3131604,Iraí de Minas,
31,Minas Gerais,3101,Belo Horizonte,310005,Itabira,31703,3131703,Itabira,
31,Minas Gerais,3104,Governador Valadares,310022,Mantena,31802,3131802,Itabirinha,
31,Minas Gerais,3101,Belo Horizonte,310003,Santa Bárbara - Ouro Preto,31901,3131901,Itabirito,
31,Minas Gerais,3102,Montes Claros,310006,Montes Claros,32008,3132008,Itacambira,
31,Minas Gerais,3102,Montes Claros,310009,Januária,32107,3132107,Itacarambi,
31,Minas Gerais,3113,Divinópolis,310069,Oliveira,32206,3132206,Itaguara,
31,Minas Gerais,3103,Teófilo Otoni,310013,Teófilo Otoni,32305,3132305,Itaipé,
31,Minas Gerais,3109,Pouso Alegre,310052,Itajubá,32404,3132404,Itajubá,
31,Minas Gerais,3103,Teófilo Otoni,310014,Capelinha,32503,3132503,Itamarandiba,
31,Minas Gerais,3106,Juíz de Fora,310032,Cataguases,32602,3132602,Itamarati de Minas,
31,Minas Gerais,3103,Teófilo Otoni,310013,Teófilo Otoni,32701,3132701,Itambacuri,
31,Minas Gerais,3101,Belo Horizonte,310005,Itabira,32800,3132800,Itambé do Mato Dentro,
31,Minas Gerais,3108,Varginha,310047,São Sebastião do Paraíso,32909,3132909,Itamogi,
31,Minas Gerais,3109,Pouso Alegre,310053,São Lourenço,33006,3133006,Itamonte,
31,Minas Gerais,3109,Pouso Alegre,310053,São Lourenço,33105,3133105,Itanhandu,
31,Minas Gerais,3104,Governador Valadares,310020,Governador Valadares,33204,3133204,Itanhomi,
31,Minas Gerais,3103,Teófilo Otoni,310013,Teófilo Otoni,33303,3133303,Itaobim,
31,Minas Gerais,3110,Uberaba,310057,Frutal,33402,3133402,Itapagipe,
31,Minas Gerais,3113,Divinópolis,310065,Divinópolis,33501,3133501,Itapecerica,
31,Minas Gerais,3109,Pouso Alegre,310050,Pouso Alegre,33600,3133600,Itapeva,
31,Minas Gerais,3113,Divinópolis,310065,Divinópolis,33709,3133709,Itatiaiuçu,
31,Minas Gerais,3108,Varginha,310041,Passos,33758,3133758,Itaú de Minas,
31,Minas Gerais,3113,Divinópolis,310065,Divinópolis,33808,3133808,Itaúna,
31,Minas Gerais,3107,Barbacena,310038,Conselheiro Lafaiete,33907,3133907,Itaverava,
31,Minas Gerais,3103,Teófilo Otoni,310017,Araçuaí,34004,3134004,Itinga,
31,Minas Gerais,3104,Governador Valadares,310023,Aimorés - Resplendor,34103,3134103,Itueta,
31,Minas Gerais,3111,Uberlândia,310060,Ituiutaba,34202,3134202,Ituiutaba,
31,Minas Gerais,3108,Varginha,310043,Lavras,34301,3134301,Itumirim,
31,Minas Gerais,3110,Uberaba,310058,Iturama,34400,3134400,Iturama,
31,Minas Gerais,3108,Varginha,310043,Lavras,34509,3134509,Itutinga,
31,Minas Gerais,3101,Belo Horizonte,310001,Belo Horizonte,34608,3134608,Jaboticatubas,
31,Minas Gerais,3103,Teófilo Otoni,310015,Almenara,34707,3134707,Jacinto,
31,Minas Gerais,3108,Varginha,310047,São Sebastião do Paraíso,34806,3134806,Jacuí,
31,Minas Gerais,3109,Pouso Alegre,310050,Pouso Alegre,34905,3134905,Jacutinga,
31,Minas Gerais,3105,Ipatinga,310024,Ipatinga,35001,3135001,Jaguaraçu,
31,Minas Gerais,3102,Montes Claros,310007,Janaúba,35050,3135050,Jaíba,
31,Minas Gerais,3104,Governador Valadares,310020,Governador Valadares,35076,3135076,Jampruca,
31,Minas Gerais,3102,Montes Claros,310007,Janaúba,35100,3135100,Janaúba,
31,Minas Gerais,3102,Montes Claros,310009,Januária,35209,3135209,Januária,
31,Minas Gerais,3113,Divinópolis,310065,Divinópolis,35308,3135308,Japaraíba,
31,Minas Gerais,3102,Montes Claros,310006,Montes Claros,35357,3135357,Japonvar,
31,Minas Gerais,3107,Barbacena,310038,Conselheiro Lafaiete,35407,3135407,Jeceaba,
31,Minas Gerais,3103,Teófilo Otoni,310017,Araçuaí,35456,3135456,Jenipapo de Minas,
31,Minas Gerais,3106,Juíz de Fora,310030,Ponte Nova,35506,3135506,Jequeri,
31,Minas Gerais,3102,Montes Claros,310006,Montes Claros,35605,3135605,Jequitaí,
31,Minas Gerais,3101,Belo Horizonte,310002,Sete Lagoas,35704,3135704,Jequitibá,
31,Minas Gerais,3103,Teófilo Otoni,310015,Almenara,35803,3135803,Jequitinhonha,
31,Minas Gerais,3109,Pouso Alegre,310053,São Lourenço,35902,3135902,Jesuânia,
31,Minas Gerais,3103,Teófilo Otoni,310015,Almenara,36009,3136009,Joaíma,
31,Minas Gerais,3105,Ipatinga,310024,Ipatinga,36108,3136108,Joanésia,
31,Minas Gerais,3105,Ipatinga,310026,João Monlevade,36207,3136207,João Monlevade,
31,Minas Gerais,3112,Patos de Minas,310062,Patos de Minas,36306,3136306,João Pinheiro,
31,Minas Gerais,3102,Montes Claros,310006,Montes Claros,36405,3136405,Joaquim Felício,
31,Minas Gerais,3103,Teófilo Otoni,310015,Almenara,36504,3136504,Jordânia,
31,Minas Gerais,3103,Teófilo Otoni,310017,Araçuaí,36520,3136520,José Gonçalves de Minas,
31,Minas Gerais,3104,Governador Valadares,310021,Guanhães,36553,3136553,José Raydan,
31,Minas Gerais,3102,Montes Claros,310006,Montes Claros,36579,3136579,Josenópolis,
31,Minas Gerais,3101,Belo Horizonte,310001,Belo Horizonte,36652,3136652,Juatuba,
31,Minas Gerais,3106,Juíz de Fora,310027,Juiz de Fora,36702,3136702,Juiz de Fora,
31,Minas Gerais,3102,Montes Claros,310006,Montes Claros,36801,3136801,Juramento,
31,Minas Gerais,3108,Varginha,310044,Guaxupé,36900,3136900,Juruaia,
31,Minas Gerais,3102,Montes Claros,310009,Januária,36959,3136959,Juvenília,
31,Minas Gerais,3103,Teófilo Otoni,310013,Teófilo Otoni,37007,3137007,Ladainha,
31,Minas Gerais,3112,Patos de Minas,310062,Patos de Minas,37106,3137106,Lagamar,
31,Minas Gerais,3113,Divinópolis,310065,Divinópolis,37205,3137205,Lagoa da Prata,
31,Minas Gerais,3102,Montes Claros,310006,Montes Claros,37304,3137304,Lagoa dos Patos,
31,Minas Gerais,3107,Barbacena,310039,São João del Rei,37403,3137403,Lagoa Dourada,
31,Minas Gerais,3112,Patos de Minas,310062,Patos de Minas,37502,3137502,Lagoa Formosa,
31,Minas Gerais,3112,Patos de Minas,310062,Patos de Minas,37536,3137536,Lagoa Grande,
31,Minas Gerais,3101,Belo Horizonte,310001,Belo Horizonte,37601,3137601,Lagoa Santa,
31,Minas Gerais,3106,Juíz de Fora,310028,Manhuaçu,37700,3137700,Lajinha,
31,Minas Gerais,3109,Pouso Alegre,310053,São Lourenço,37809,3137809,Lambari,
31,Minas Gerais,3107,Barbacena,310038,Conselheiro Lafaiete,37908,3137908,Lamim,
31,Minas Gerais,3106,Juíz de Fora,310032,Cataguases,38005,3138005,Laranjal,
31,Minas Gerais,3102,Montes Claros,310010,Pirapora,38104,3138104,Lassance,
31,Minas Gerais,3108,Varginha,310043,Lavras,38203,3138203,Lavras,
31,Minas Gerais,3113,Divinópolis,310065,Divinópolis,38302,3138302,Leandro Ferreira,
31,Minas Gerais,3103,Teófilo Otoni,310014,Capelinha,38351,3138351,Leme do Prado,
31,Minas Gerais,3106,Juíz de Fora,310032,Cataguases,38401,3138401,Leopoldina,
31,Minas Gerais,3106,Juíz de Fora,310027,Juiz de Fora,38500,3138500,Liberdade,
31,Minas Gerais,3106,Juíz de Fora,310027,Juiz de Fora,38609,3138609,Lima Duarte,
31,Minas Gerais,3110,Uberaba,310058,Iturama,38625,3138625,Limeira do Oeste,
31,Minas Gerais,3102,Montes Claros,310006,Montes Claros,38658,3138658,Lontra,
31,Minas Gerais,3106,Juíz de Fora,310028,Manhuaçu,38674,3138674,Luisburgo,
31,Minas Gerais,3102,Montes Claros,310006,Montes Claros,38682,3138682,Luislândia,
31,Minas Gerais,3108,Varginha,310043,Lavras,38708,3138708,Luminárias,
31,Minas Gerais,3113,Divinópolis,310067,Dores do Indaiá,38807,3138807,Luz,
31,Minas Gerais,3103,Teófilo Otoni,310019,Águas Formosas,38906,3138906,Machacalis,
31,Minas Gerais,3108,Varginha,310042,Alfenas,39003,3139003,Machado,
31,Minas Gerais,3107,Barbacena,310039,São João del Rei,39102,3139102,Madre de Deus de Minas,
31,Minas Gerais,3103,Teófilo Otoni,310013,Teófilo Otoni,39201,3139201,Malacacheta,
31,Minas Gerais,3102,Montes Claros,310012,Espinosa,39250,3139250,Mamonas,
31,Minas Gerais,3102,Montes Claros,310007,Janaúba,39300,3139300,Manga,
31,Minas Gerais,3106,Juíz de Fora,310028,Manhuaçu,39409,3139409,Manhuaçu,
31,Minas Gerais,3106,Juíz de Fora,310028,Manhuaçu,39508,3139508,Manhumirim,
31,Minas Gerais,3104,Governador Valadares,310022,Mantena,39607,3139607,Mantena,
31,Minas Gerais,3106,Juíz de Fora,310035,São João Nepomuceno - Bicas,39805,3139805,Mar de Espanha,
31,Minas Gerais,3113,Divinópolis,310068,Pará de Minas,39706,3139706,Maravilhas,
31,Minas Gerais,3109,Pouso Alegre,310052,Itajubá,39904,3139904,Maria da Fé,
31,Minas Gerais,3101,Belo Horizonte,310003,Santa Bárbara - Ouro Preto,40001,3140001,Mariana,
31,Minas Gerais,3104,Governador Valadares,310020,Governador Valadares,40100,3140100,Marilac,
31,Minas Gerais,3101,Belo Horizonte,310001,Belo Horizonte,40159,3140159,Mário Campos,
31,Minas Gerais,3106,Juíz de Fora,310035,São João Nepomuceno - Bicas,40209,3140209,Maripá de Minas,
31,Minas Gerais,3105,Ipatinga,310024,Ipatinga,40308,3140308,Marliéria,
31,Minas Gerais,3109,Pouso Alegre,310052,Itajubá,40407,3140407,Marmelópolis,
31,Minas Gerais,3113,Divinópolis,310067,Dores do Indaiá,40506,3140506,Martinho Campos,
31,Minas Gerais,3106,Juíz de Fora,310028,Manhuaçu,40530,3140530,Martins Soares,
31,Minas Gerais,3103,Teófilo Otoni,310015,Almenara,40555,3140555,Mata Verde,
31,Minas Gerais,3104,Governador Valadares,310021,Guanhães,40605,3140605,Materlândia,
31,Minas Gerais,3101,Belo Horizonte,310001,Belo Horizonte,40704,3140704,Mateus Leme,
31,Minas Gerais,3104,Governador Valadares,310020,Governador Valadares,71501,3171501,Mathias Lobato,
31,Minas Gerais,3106,Juíz de Fora,310027,Juiz de Fora,40803,3140803,Matias Barbosa,
31,Minas Gerais,3102,Montes Claros,310007,Janaúba,40852,3140852,Matias Cardoso,
31,Minas Gerais,3106,Juíz de Fora,310028,Manhuaçu,40902,3140902,Matipó,
31,Minas Gerais,3102,Montes Claros,310012,Espinosa,41009,3141009,Mato Verde,
31,Minas Gerais,3101,Belo Horizonte,310002,Sete Lagoas,41108,3141108,Matozinhos,
31,Minas Gerais,3112,Patos de Minas,310062,Patos de Minas,41207,3141207,Matutina,
31,Minas Gerais,3113,Divinópolis,310066,Formiga,41306,3141306,Medeiros,
31,Minas Gerais,3103,Teófilo Otoni,310018,Pedra Azul,41405,3141405,Medina,
31,Minas Gerais,3104,Governador Valadares,310022,Mantena,41504,3141504,Mendes Pimentel,
31,Minas Gerais,3106,Juíz de Fora,310029,Ubá,41603,3141603,Mercês,
31,Minas Gerais,3105,Ipatinga,310024,Ipatinga,41702,3141702,Mesquita,
31,Minas Gerais,3103,Teófilo Otoni,310014,Capelinha,41801,3141801,Minas Novas,
31,Minas Gerais,3109,Pouso Alegre,310054,Caxambu - Baependi,41900,3141900,Minduri,
31,Minas Gerais,3102,Montes Claros,310006,Montes Claros,42007,3142007,Mirabela,
31,Minas Gerais,3106,Juíz de Fora,310031,Muriaé,42106,3142106,Miradouro,
31,Minas Gerais,3106,Juíz de Fora,310031,Muriaé,42205,3142205,Miraí,
31,Minas Gerais,3102,Montes Claros,310007,Janaúba,42254,3142254,Miravânia,
31,Minas Gerais,3101,Belo Horizonte,310001,Belo Horizonte,42304,3142304,Moeda,
31,Minas Gerais,3113,Divinópolis,310067,Dores do Indaiá,42403,3142403,Moema,
31,Minas Gerais,3101,Belo Horizonte,310004,Curvelo,42502,3142502,Monjolos,
31,Minas Gerais,3108,Varginha,310040,Varginha,42601,3142601,Monsenhor Paulo,
31,Minas Gerais,3102,Montes Claros,310009,Januária,42700,3142700,Montalvânia,
31,Minas Gerais,3111,Uberlândia,310059,Uberlândia,42809,3142809,Monte Alegre de Minas,
31,Minas Gerais,3102,Montes Claros,310012,Espinosa,42908,3142908,Monte Azul,
31,Minas Gerais,3108,Varginha,310044,Guaxupé,43005,3143005,Monte Belo,
31,Minas Gerais,3111,Uberlândia,310061,Monte Carmelo,43104,3143104,Monte Carmelo,
31,Minas Gerais,3103,Teófilo Otoni,310013,Teófilo Otoni,43153,3143153,Monte Formoso,
31,Minas Gerais,3108,Varginha,310047,São Sebastião do Paraíso,43203,3143203,Monte Santo de Minas,
31,Minas Gerais,3109,Pouso Alegre,310050,Pouso Alegre,43401,3143401,Monte Sião,
31,Minas Gerais,3102,Montes Claros,310006,Montes Claros,43302,3143302,Montes Claros,
31,Minas Gerais,3102,Montes Claros,310012,Espinosa,43450,3143450,Montezuma,
31,Minas Gerais,3113,Divinópolis,310070,Abaeté,43500,3143500,Morada Nova de Minas,
31,Minas Gerais,3101,Belo Horizonte,310004,Curvelo,43609,3143609,Morro da Garça,
31,Minas Gerais,3101,Belo Horizonte,310002,Sete Lagoas,43708,3143708,Morro do Pilar,
31,Minas Gerais,3109,Pouso Alegre,310050,Pouso Alegre,43807,3143807,Munhoz,
31,Minas Gerais,3106,Juíz de Fora,310031,Muriaé,43906,3143906,Muriaé,
31,Minas Gerais,3106,Juíz de Fora,310028,Manhuaçu,44003,3144003,Mutum,
31,Minas Gerais,3108,Varginha,310044,Guaxupé,44102,3144102,Muzambinho,
31,Minas Gerais,3104,Governador Valadares,310020,Governador Valadares,44201,3144201,Nacip Raydan,
31,Minas Gerais,3103,Teófilo Otoni,310013,Teófilo Otoni,44300,3144300,Nanuque,
31,Minas Gerais,3105,Ipatinga,310024,Ipatinga,44359,3144359,Naque,
31,Minas Gerais,3112,Patos de Minas,310063,Unaí,44375,3144375,Natalândia,
31,Minas Gerais,3109,Pouso Alegre,310050,Pouso Alegre,44409,3144409,Natércia,
31,Minas Gerais,3107,Barbacena,310039,São João del Rei,44508,3144508,Nazareno,
31,Minas Gerais,3108,Varginha,310043,Lavras,44607,3144607,Nepomuceno,
31,Minas Gerais,3102,Montes Claros,310008,Salinas,44656,3144656,Ninheira,
31,Minas Gerais,3104,Governador Valadares,310022,Mantena,44672,3144672,Nova Belém,
31,Minas Gerais,3105,Ipatinga,310026,João Monlevade,44706,3144706,Nova Era,
31,Minas Gerais,3101,Belo Horizonte,310001,Belo Horizonte,44805,3144805,Nova Lima,
31,Minas Gerais,3103,Teófilo Otoni,310013,Teófilo Otoni,44904,3144904,Nova Módica,
31,Minas Gerais,3110,Uberaba,310055,Uberaba,45000,3145000,Nova Ponte,
31,Minas Gerais,3102,Montes Claros,310007,Janaúba,45059,3145059,Nova Porteirinha,
31,Minas Gerais,3108,Varginha,310044,Guaxupé,45109,3145109,Nova Resende,
31,Minas Gerais,3113,Divinópolis,310065,Divinópolis,45208,3145208,Nova Serrana,
31,Minas Gerais,3101,Belo Horizonte,310001,Belo Horizonte,36603,3136603,Nova União,
31,Minas Gerais,3103,Teófilo Otoni,310013,Teófilo Otoni,45307,3145307,Novo Cruzeiro,
31,Minas Gerais,3103,Teófilo Otoni,310013,Teófilo Otoni,45356,3145356,Novo Oriente de Minas,
31,Minas Gerais,3102,Montes Claros,310008,Salinas,45372,3145372,Novorizonte,
31,Minas Gerais,3106,Juíz de Fora,310027,Juiz de Fora,45406,3145406,Olaria,
31,Minas Gerais,3102,Montes Claros,310006,Montes Claros,45455,3145455,Olhos-d'Água,
31,Minas Gerais,3109,Pouso Alegre,310053,São Lourenço,45505,3145505,Olímpio Noronha,
31,Minas Gerais,3113,Divinópolis,310069,Oliveira,45604,3145604,Oliveira,
31,Minas Gerais,3106,Juíz de Fora,310027,Juiz de Fora,45703,3145703,Oliveira Fortes,
31,Minas Gerais,3113,Divinópolis,310068,Pará de Minas,45802,3145802,Onça de Pitangui,
31,Minas Gerais,3106,Juíz de Fora,310030,Ponte Nova,45851,3145851,Oratórios,
31,Minas Gerais,3106,Juíz de Fora,310034,Carangola,45877,3145877,Orizânia,
31,Minas Gerais,3107,Barbacena,310038,Conselheiro Lafaiete,45901,3145901,Ouro Branco,
31,Minas Gerais,3109,Pouso Alegre,310050,Pouso Alegre,46008,3146008,Ouro Fino,
31,Minas Gerais,3101,Belo Horizonte,310003,Santa Bárbara - Ouro Preto,46107,3146107,Ouro Preto,
31,Minas Gerais,3103,Teófilo Otoni,310013,Teófilo Otoni,46206,3146206,Ouro Verde de Minas,
31,Minas Gerais,3102,Montes Claros,310008,Salinas,46255,3146255,Padre Carvalho,
31,Minas Gerais,3103,Teófilo Otoni,310013,Teófilo Otoni,46305,3146305,Padre Paraíso,
31,Minas Gerais,3102,Montes Claros,310007,Janaúba,46552,3146552,Pai Pedro,
31,Minas Gerais,3113,Divinópolis,310070,Abaeté,46404,3146404,Paineiras,
31,Minas Gerais,3113,Divinópolis,310066,Formiga,46503,3146503,Pains,
31,Minas Gerais,3106,Juíz de Fora,310027,Juiz de Fora,46602,3146602,Paiva,
31,Minas Gerais,3106,Juíz de Fora,310032,Cataguases,46701,3146701,Palma,
31,Minas Gerais,3103,Teófilo Otoni,310015,Almenara,46750,3146750,Palmópolis,
31,Minas Gerais,3113,Divinópolis,310068,Pará de Minas,46909,3146909,Papagaios,
31,Minas Gerais,3113,Divinópolis,310068,Pará de Minas,47105,3147105,Pará de Minas,
31,Minas Gerais,3112,Patos de Minas,310062,Patos de Minas,47006,3147006,Paracatu,
31,Minas Gerais,3108,Varginha,310042,Alfenas,47204,3147204,Paraguaçu,
31,Minas Gerais,3109,Pouso Alegre,310052,Itajubá,47303,3147303,Paraisópolis,
31,Minas Gerais,3101,Belo Horizonte,310002,Sete Lagoas,47402,3147402,Paraopeba,
31,Minas Gerais,3109,Pouso Alegre,310053,São Lourenço,47600,3147600,Passa Quatro,
31,Minas Gerais,3113,Divinópolis,310069,Oliveira,47709,3147709,Passa Tempo,
31,Minas Gerais,3106,Juíz de Fora,310027,Juiz de Fora,47808,3147808,Passa Vinte,
31,Minas Gerais,3101,Belo Horizonte,310005,Itabira,47501,3147501,Passabém,
31,Minas Gerais,3108,Varginha,310041,Passos,47907,3147907,Passos,
31,Minas Gerais,3102,Montes Claros,310006,Montes Claros,47956,3147956,Patis,
31,Minas Gerais,3112,Patos de Minas,310062,Patos de Minas,48004,3148004,Patos de Minas,
31,Minas Gerais,3112,Patos de Minas,310064,Patrocínio,48103,3148103,Patrocínio,
31,Minas Gerais,3106,Juíz de Fora,310031,Muriaé,48202,3148202,Patrocínio do Muriaé,
31,Minas Gerais,3106,Juíz de Fora,310033,Viçosa,48301,3148301,Paula Cândido,
31,Minas Gerais,3104,Governador Valadares,310021,Guanhães,48400,3148400,Paulistas,
31,Minas Gerais,3103,Teófilo Otoni,310013,Teófilo Otoni,48509,3148509,Pavão,
31,Minas Gerais,3104,Governador Valadares,310021,Guanhães,48608,3148608,Peçanha,
31,Minas Gerais,3103,Teófilo Otoni,310018,Pedra Azul,48707,3148707,Pedra Azul,
31,Minas Gerais,3106,Juíz de Fora,310034,Carangola,48756,3148756,Pedra Bonita,
31,Minas Gerais,3106,Juíz de Fora,310033,Viçosa,48806,3148806,Pedra do Anta,
31,Minas Gerais,3113,Divinópolis,310065,Divinópolis,48905,3148905,Pedra do Indaiá,
31,Minas Gerais,3106,Juíz de Fora,310034,Carangola,49002,3149002,Pedra Dourada,
31,Minas Gerais,3109,Pouso Alegre,310052,Itajubá,49101,3149101,Pedralva,
31,Minas Gerais,3102,Montes Claros,310009,Januária,49150,3149150,Pedras de Maria da Cruz,
31,Minas Gerais,3110,Uberaba,310056,Araxá,49200,3149200,Pedrinópolis,
31,Minas Gerais,3101,Belo Horizonte,310001,Belo Horizonte,49309,3149309,Pedro Leopoldo,
31,Minas Gerais,3106,Juíz de Fora,310027,Juiz de Fora,49408,3149408,Pedro Teixeira,
31,Minas Gerais,3106,Juíz de Fora,310035,São João Nepomuceno - Bicas,49507,3149507,Pequeri,
31,Minas Gerais,3113,Divinópolis,310068,Pará de Minas,49606,3149606,Pequi,
31,Minas Gerais,3113,Divinópolis,310065,Divinópolis,49705,3149705,Perdigão,
31,Minas Gerais,3110,Uberaba,310056,Araxá,49804,3149804,Perdizes,
31,Minas Gerais,3108,Varginha,310043,Lavras,49903,3149903,Perdões,
31,Minas Gerais,3105,Ipatinga,310024,Ipatinga,49952,3149952,Periquito,
31,Minas Gerais,3103,Teófilo Otoni,310013,Teófilo Otoni,50000,3150000,Pescador,
31,Minas Gerais,3106,Juíz de Fora,310027,Juiz de Fora,50109,3150109,Piau,
31,Minas Gerais,3105,Ipatinga,310025,Caratinga,50158,3150158,Piedade de Caratinga,
31,Minas Gerais,3106,Juíz de Fora,310030,Ponte Nova,50208,3150208,Piedade de Ponte Nova,
31,Minas Gerais,3107,Barbacena,310039,São João del Rei,50307,3150307,Piedade do Rio Grande,
31,Minas Gerais,3113,Divinópolis,310069,Oliveira,50406,3150406,Piedade dos Gerais,
31,Minas Gerais,3113,Divinópolis,310066,Formiga,50505,3150505,Pimenta,
31,Minas Gerais,3105,Ipatinga,310024,Ipatinga,50539,3150539,Pingo-d'Água,
31,Minas Gerais,3102,Montes Claros,310011,São Francisco,50570,3150570,Pintópolis,
31,Minas Gerais,3113,Divinópolis,310069,Oliveira,50604,3150604,Piracema,
31,Minas Gerais,3110,Uberaba,310057,Frutal,50703,3150703,Pirajuba,
31,Minas Gerais,3107,Barbacena,310038,Conselheiro Lafaiete,50802,3150802,Piranga,
31,Minas Gerais,3109,Pouso Alegre,310052,Itajubá,50901,3150901,Piranguçu,
31,Minas Gerais,3109,Pouso Alegre,310052,Itajubá,51008,3151008,Piranguinho,
31,Minas Gerais,3106,Juíz de Fora,310036,Além Paraíba,51107,3151107,Pirapetinga,
31,Minas Gerais,3102,Montes Claros,310010,Pirapora,51206,3151206,Pirapora,
31,Minas Gerais,3106,Juíz de Fora,310029,Ubá,51305,3151305,Piraúba,
31,Minas Gerais,3113,Divinópolis,310065,Divinópolis,51404,3151404,Pitangui,
31,Minas Gerais,3108,Varginha,310049,Piumhi,51503,3151503,Piumhi,
31,Minas Gerais,3110,Uberaba,310057,Frutal,51602,3151602,Planura,
31,Minas Gerais,3108,Varginha,310042,Alfenas,51701,3151701,Poço Fundo,
31,Minas Gerais,3109,Pouso Alegre,310051,Poços de Caldas,51800,3151800,Poços de Caldas,
31,Minas Gerais,3106,Juíz de Fora,310028,Manhuaçu,51909,3151909,Pocrane,
31,Minas Gerais,3113,Divinópolis,310067,Dores do Indaiá,52006,3152006,Pompéu,
31,Minas Gerais,3106,Juíz de Fora,310030,Ponte Nova,52105,3152105,Ponte Nova,
31,Minas Gerais,3102,Montes Claros,310010,Pirapora,52131,3152131,Ponto Chique,
31,Minas Gerais,3103,Teófilo Otoni,310013,Teófilo Otoni,52170,3152170,Ponto dos Volantes,
31,Minas Gerais,3102,Montes Claros,310007,Janaúba,52204,3152204,Porteirinha,
31,Minas Gerais,3106,Juíz de Fora,310033,Viçosa,52303,3152303,Porto Firme,
31,Minas Gerais,3103,Teófilo Otoni,310013,Teófilo Otoni,52402,3152402,Poté,
31,Minas Gerais,3109,Pouso Alegre,310050,Pouso Alegre,52501,3152501,Pouso Alegre,
31,Minas Gerais,3109,Pouso Alegre,310053,São Lourenço,52600,3152600,Pouso Alto,
31,Minas Gerais,3107,Barbacena,310039,São João del Rei,52709,3152709,Prados,
31,Minas Gerais,3111,Uberlândia,310059,Uberlândia,52808,3152808,Prata,
31,Minas Gerais,3108,Varginha,310041,Passos,52907,3152907,Pratápolis,
31,Minas Gerais,3110,Uberaba,310056,Araxá,53004,3153004,Pratinha,
31,Minas Gerais,3106,Juíz de Fora,310033,Viçosa,53103,3153103,Presidente Bernardes,
31,Minas Gerais,3101,Belo Horizonte,310004,Curvelo,53202,3153202,Presidente Juscelino,
31,Minas Gerais,3103,Teófilo Otoni,310016,Diamantina,53301,3153301,Presidente Kubitschek,
31,Minas Gerais,3112,Patos de Minas,310062,Patos de Minas,53400,3153400,Presidente Olegário,
31,Minas Gerais,3101,Belo Horizonte,310002,Sete Lagoas,53608,3153608,Prudente de Morais,
31,Minas Gerais,3113,Divinópolis,310067,Dores do Indaiá,53707,3153707,Quartel Geral,
31,Minas Gerais,3107,Barbacena,310038,Conselheiro Lafaiete,53806,3153806,Queluzito,
31,Minas Gerais,3101,Belo Horizonte,310001,Belo Horizonte,53905,3153905,Raposos,
31,Minas Gerais,3105,Ipatinga,310025,Caratinga,54002,3154002,Raul Soares,
31,Minas Gerais,3106,Juíz de Fora,310032,Cataguases,54101,3154101,Recreio,
31,Minas Gerais,3106,Juíz de Fora,310028,Manhuaçu,54150,3154150,Reduto,
31,Minas Gerais,3107,Barbacena,310039,São João del Rei,54200,3154200,Resende Costa,
31,Minas Gerais,3104,Governador Valadares,310023,Aimorés - Resplendor,54309,3154309,Resplendor,
31,Minas Gerais,3107,Barbacena,310037,Barbacena,54408,3154408,Ressaquinha,
31,Minas Gerais,3112,Patos de Minas,310063,Unaí,54457,3154457,Riachinho,
31,Minas Gerais,3102,Montes Claros,310007,Janaúba,54507,3154507,Riacho dos Machados,
31,Minas Gerais,3101,Belo Horizonte,310001,Belo Horizonte,54606,3154606,Ribeirão das Neves,
31,Minas Gerais,3108,Varginha,310043,Lavras,54705,3154705,Ribeirão Vermelho,
31,Minas Gerais,3101,Belo Horizonte,310001,Belo Horizonte,54804,3154804,Rio Acima,
31,Minas Gerais,3106,Juíz de Fora,310030,Ponte Nova,54903,3154903,Rio Casca,
31,Minas Gerais,3103,Teófilo Otoni,310015,Almenara,55108,3155108,Rio do Prado,
31,Minas Gerais,3106,Juíz de Fora,310030,Ponte Nova,55009,3155009,Rio Doce,
31,Minas Gerais,3107,Barbacena,310038,Conselheiro Lafaiete,55207,3155207,Rio Espera,
31,Minas Gerais,3113,Divinópolis,310069,Oliveira,55306,3155306,Rio Manso,
31,Minas Gerais,3106,Juíz de Fora,310027,Juiz de Fora,55405,3155405,Rio Novo,
31,Minas Gerais,3112,Patos de Minas,310062,Patos de Minas,55504,3155504,Rio Paranaíba,
31,Minas Gerais,3102,Montes Claros,310008,Salinas,55603,3155603,Rio Pardo de Minas,
31,Minas Gerais,3105,Ipatinga,310026,João Monlevade,55702,3155702,Rio Piracicaba,
31,Minas Gerais,3106,Juíz de Fora,310029,Ubá,55801,3155801,Rio Pomba,
31,Minas Gerais,3106,Juíz de Fora,310027,Juiz de Fora,55900,3155900,Rio Preto,
31,Minas Gerais,3104,Governador Valadares,310021,Guanhães,56007,3156007,Rio Vermelho,
31,Minas Gerais,3107,Barbacena,310039,São João del Rei,56106,3156106,Ritápolis,
31,Minas Gerais,3106,Juíz de Fora,310035,São João Nepomuceno - Bicas,56205,3156205,Rochedo de Minas,
31,Minas Gerais,3106,Juíz de Fora,310029,Ubá,56304,3156304,Rodeiro,
31,Minas Gerais,3111,Uberlândia,310061,Monte Carmelo,56403,3156403,Romaria,
31,Minas Gerais,3106,Juíz de Fora,310031,Muriaé,56452,3156452,Rosário da Limeira,
31,Minas Gerais,3102,Montes Claros,310008,Salinas,56502,3156502,Rubelita,
31,Minas Gerais,3103,Teófilo Otoni,310015,Almenara,56601,3156601,Rubim,
31,Minas Gerais,3101,Belo Horizonte,310001,Belo Horizonte,56700,3156700,Sabará,
31,Minas Gerais,3104,Governador Valadares,310021,Guanhães,56809,3156809,Sabinópolis,
31,Minas Gerais,3110,Uberaba,310055,Uberaba,56908,3156908,Sacramento,
31,Minas Gerais,3102,Montes Claros,310008,Salinas,57005,3157005,Salinas,
31,Minas Gerais,3103,Teófilo Otoni,310015,Almenara,57104,3157104,Salto da Divisa,
31,Minas Gerais,3101,Belo Horizonte,310003,Santa Bárbara - Ouro Preto,57203,3157203,Santa Bárbara,
31,Minas Gerais,3105,Ipatinga,310025,Caratinga,57252,3157252,Santa Bárbara do Leste,
31,Minas Gerais,3106,Juíz de Fora,310027,Juiz de Fora,57278,3157278,Santa Bárbara do Monte Verde,
31,Minas Gerais,3107,Barbacena,310037,Barbacena,57302,3157302,Santa Bárbara do Tugúrio,
31,Minas Gerais,3107,Barbacena,310039,São João del Rei,57336,3157336,Santa Cruz de Minas,
31,Minas Gerais,3102,Montes Claros,310008,Salinas,57377,3157377,Santa Cruz de Salinas,
31,Minas Gerais,3106,Juíz de Fora,310030,Ponte Nova,57401,3157401,Santa Cruz do Escalvado,
31,Minas Gerais,3104,Governador Valadares,310020,Governador Valadares,57500,3157500,Santa Efigênia de Minas,
31,Minas Gerais,3102,Montes Claros,310010,Pirapora,57609,3157609,Santa Fé de Minas,
31,Minas Gerais,3103,Teófilo Otoni,310019,Águas Formosas,57658,3157658,Santa Helena de Minas,
31,Minas Gerais,3110,Uberaba,310055,Uberaba,57708,3157708,Santa Juliana,
31,Minas Gerais,3101,Belo Horizonte,310001,Belo Horizonte,57807,3157807,Santa Luzia,
31,Minas Gerais,3106,Juíz de Fora,310028,Manhuaçu,57906,3157906,Santa Margarida,
31,Minas Gerais,3101,Belo Horizonte,310005,Itabira,58003,3158003,Santa Maria de Itabira,
31,Minas Gerais,3103,Teófilo Otoni,310015,Almenara,58102,3158102,Santa Maria do Salto,
31,Minas Gerais,3104,Governador Valadares,310021,Guanhães,58201,3158201,Santa Maria do Suaçuí,
31,Minas Gerais,3109,Pouso Alegre,310051,Poços de Caldas,59209,3159209,Santa Rita de Caldas,
31,Minas Gerais,3107,Barbacena,310037,Barbacena,59407,3159407,Santa Rita de Ibitipoca,
31,Minas Gerais,3106,Juíz de Fora,310027,Juiz de Fora,59308,3159308,Santa Rita de Jacutinga,
31,Minas Gerais,3105,Ipatinga,310025,Caratinga,59357,3159357,Santa Rita de Minas,
31,Minas Gerais,3104,Governador Valadares,310023,Aimorés - Resplendor,59506,3159506,Santa Rita do Itueto,
31,Minas Gerais,3109,Pouso Alegre,310050,Pouso Alegre,59605,3159605,Santa Rita do Sapucaí,
31,Minas Gerais,3110,Uberaba,310056,Araxá,59704,3159704,Santa Rosa da Serra,
31,Minas Gerais,3111,Uberlândia,310060,Ituiutaba,59803,3159803,Santa Vitória,
31,Minas Gerais,3108,Varginha,310046,Três Pontas - Boa Esperança,58300,3158300,Santana da Vargem,
31,Minas Gerais,3106,Juíz de Fora,310032,Cataguases,58409,3158409,Santana de Cataguases,
31,Minas Gerais,3101,Belo Horizonte,310002,Sete Lagoas,58508,3158508,Santana de Pirapama,
31,Minas Gerais,3106,Juíz de Fora,310027,Juiz de Fora,58607,3158607,Santana do Deserto,
31,Minas Gerais,3107,Barbacena,310037,Barbacena,58706,3158706,Santana do Garambéu,
31,Minas Gerais,3108,Varginha,310048,Campo Belo,58805,3158805,Santana do Jacaré,
31,Minas Gerais,3106,Juíz de Fora,310028,Manhuaçu,58904,3158904,Santana do Manhuaçu,
31,Minas Gerais,3105,Ipatinga,310024,Ipatinga,58953,3158953,Santana do Paraíso,
31,Minas Gerais,3101,Belo Horizonte,310002,Sete Lagoas,59001,3159001,Santana do Riacho,
31,Minas Gerais,3107,Barbacena,310038,Conselheiro Lafaiete,59100,3159100,Santana dos Montes,
31,Minas Gerais,3108,Varginha,310043,Lavras,59902,3159902,Santo Antônio do Amparo,
31,Minas Gerais,3106,Juíz de Fora,310036,Além Paraíba,60009,3160009,Santo Antônio do Aventureiro,
31,Minas Gerais,3106,Juíz de Fora,310030,Ponte Nova,60108,3160108,Santo Antônio do Grama,
31,Minas Gerais,3103,Teófilo Otoni,310016,Diamantina,60207,3160207,Santo Antônio do Itambé,
31,Minas Gerais,3103,Teófilo Otoni,310015,Almenara,60306,3160306,Santo Antônio do Jacinto,
31,Minas Gerais,3113,Divinópolis,310065,Divinópolis,60405,3160405,Santo Antônio do Monte,
31,Minas Gerais,3102,Montes Claros,310012,Espinosa,60454,3160454,Santo Antônio do Retiro,
31,Minas Gerais,3101,Belo Horizonte,310005,Itabira,60504,3160504,Santo Antônio do Rio Abaixo,
31,Minas Gerais,3101,Belo Horizonte,310004,Curvelo,60603,3160603,Santo Hipólito,
31,Minas Gerais,3106,Juíz de Fora,310027,Juiz de Fora,60702,3160702,Santos Dumont,
31,Minas Gerais,3108,Varginha,310045,Três Corações,60801,3160801,São Bento Abade,
31,Minas Gerais,3107,Barbacena,310038,Conselheiro Lafaiete,60900,3160900,São Brás do Suaçuí,
31,Minas Gerais,3105,Ipatinga,310025,Caratinga,60959,3160959,São Domingos das Dores,
31,Minas Gerais,3105,Ipatinga,310026,João Monlevade,61007,3161007,São Domingos do Prata,
31,Minas Gerais,3104,Governador Valadares,310022,Mantena,61056,3161056,São Félix de Minas,
31,Minas Gerais,3102,Montes Claros,310011,São Francisco,61106,3161106,São Francisco,
31,Minas Gerais,3113,Divinópolis,310069,Oliveira,61205,3161205,São Francisco de Paula,
31,Minas Gerais,3110,Uberaba,310058,Iturama,61304,3161304,São Francisco de Sales,
31,Minas Gerais,3106,Juíz de Fora,310031,Muriaé,61403,3161403,São Francisco do Glória,
31,Minas Gerais,3106,Juíz de Fora,310029,Ubá,61502,3161502,São Geraldo,
31,Minas Gerais,3104,Governador Valadares,310020,Governador Valadares,61601,3161601,São Geraldo da Piedade,
31,Minas Gerais,3104,Governador Valadares,310020,Governador Valadares,61650,3161650,São Geraldo do Baixio,
31,Minas Gerais,3112,Patos de Minas,310062,Patos de Minas,61700,3161700,São Gonçalo do Abaeté,
31,Minas Gerais,3113,Divinópolis,310065,Divinópolis,61809,3161809,São Gonçalo do Pará,
31,Minas Gerais,3105,Ipatinga,310026,João Monlevade,61908,3161908,São Gonçalo do Rio Abaixo,
31,Minas Gerais,3103,Teófilo Otoni,310016,Diamantina,25507,3125507,São Gonçalo do Rio Preto,
31,Minas Gerais,3108,Varginha,310040,Varginha,62005,3162005,São Gonçalo do Sapucaí,
31,Minas Gerais,3112,Patos de Minas,310062,Patos de Minas,62104,3162104,São Gotardo,
31,Minas Gerais,3108,Varginha,310041,Passos,62203,3162203,São João Batista do Glória,
31,Minas Gerais,3102,Montes Claros,310006,Montes Claros,62252,3162252,São João da Lagoa,
31,Minas Gerais,3109,Pouso Alegre,310050,Pouso Alegre,62302,3162302,São João da Mata,
31,Minas Gerais,3102,Montes Claros,310006,Montes Claros,62401,3162401,São João da Ponte,
31,Minas Gerais,3102,Montes Claros,310009,Januária,62450,3162450,São João das Missões,
31,Minas Gerais,3107,Barbacena,310039,São João del Rei,62500,3162500,São João del Rei,
31,Minas Gerais,3106,Juíz de Fora,310028,Manhuaçu,62559,3162559,São João do Manhuaçu,
31,Minas Gerais,3104,Governador Valadares,310022,Mantena,62575,3162575,São João do Manteninha,
31,Minas Gerais,3105,Ipatinga,310024,Ipatinga,62609,3162609,São João do Oriente,
31,Minas Gerais,3102,Montes Claros,310006,Montes Claros,62658,3162658,São João do Pacuí,
31,Minas Gerais,3102,Montes Claros,310008,Salinas,62708,3162708,São João do Paraíso,
31,Minas Gerais,3104,Governador Valadares,310021,Guanhães,62807,3162807,São João Evangelista,
31,Minas Gerais,3106,Juíz de Fora,310035,São João Nepomuceno - Bicas,62906,3162906,São João Nepomuceno,
31,Minas Gerais,3101,Belo Horizonte,310001,Belo Horizonte,62922,3162922,São Joaquim de Bicas,
31,Minas Gerais,3108,Varginha,310041,Passos,62948,3162948,São José da Barra,
31,Minas Gerais,3101,Belo Horizonte,310001,Belo Horizonte,62955,3162955,São José da Lapa,
31,Minas Gerais,3104,Governador Valadares,310020,Governador Valadares,63003,3163003,São José da Safira,
31,Minas Gerais,3113,Divinópolis,310068,Pará de Minas,63102,3163102,São José da Varginha,
31,Minas Gerais,3109,Pouso Alegre,310052,Itajubá,63201,3163201,São José do Alegre,
31,Minas Gerais,3103,Teófilo Otoni,310013,Teófilo Otoni,63300,3163300,São José do Divino,
31,Minas Gerais,3105,Ipatinga,310024,Ipatinga,63409,3163409,São José do Goiabal,
31,Minas Gerais,3104,Governador Valadares,310021,Guanhães,63508,3163508,São José do Jacuri,
31,Minas Gerais,3106,Juíz de Fora,310028,Manhuaçu,63607,3163607,São José do Mantimento,
31,Minas Gerais,3109,Pouso Alegre,310053,São Lourenço,63706,3163706,São Lourenço,
31,Minas Gerais,3106,Juíz de Fora,310033,Viçosa,63805,3163805,São Miguel do Anta,
31,Minas Gerais,3108,Varginha,310044,Guaxupé,63904,3163904,São Pedro da União,
31,Minas Gerais,3104,Governador Valadares,310021,Guanhães,64100,3164100,São Pedro do Suaçuí,
31,Minas Gerais,3106,Juíz de Fora,310030,Ponte Nova,64001,3164001,São Pedro dos Ferros,
31,Minas Gerais,3102,Montes Claros,310011,São Francisco,64209,3164209,São Romão,
31,Minas Gerais,3108,Varginha,310049,Piumhi,64308,3164308,São Roque de Minas,
31,Minas Gerais,3109,Pouso Alegre,310050,Pouso Alegre,64407,3164407,São Sebastião da Bela Vista,
31,Minas Gerais,3106,Juíz de Fora,310031,Muriaé,64431,3164431,São Sebastião da Vargem Alegre,
31,Minas Gerais,3105,Ipatinga,310025,Caratinga,64472,3164472,São Sebastião do Anta,
31,Minas Gerais,3104,Governador Valadares,310021,Guanhães,64506,3164506,São Sebastião do Maranhão,
31,Minas Gerais,3113,Divinópolis,310065,Divinópolis,64605,3164605,São Sebastião do Oeste,
31,Minas Gerais,3108,Varginha,310047,São Sebastião do Paraíso,64704,3164704,São Sebastião do Paraíso,
31,Minas Gerais,3101,Belo Horizonte,310005,Itabira,64803,3164803,São Sebastião do Rio Preto,
31,Minas Gerais,3109,Pouso Alegre,310053,São Lourenço,64902,3164902,São Sebastião do Rio Verde,
31,Minas Gerais,3107,Barbacena,310039,São João del Rei,65008,3165008,São Tiago,
31,Minas Gerais,3108,Varginha,310047,São Sebastião do Paraíso,65107,3165107,São Tomás de Aquino,
31,Minas Gerais,3108,Varginha,310045,Três Corações,65206,3165206,São Tomé das Letras,
31,Minas Gerais,3107,Barbacena,310039,São João del Rei,65305,3165305,São Vicente de Minas,
31,Minas Gerais,3109,Pouso Alegre,310052,Itajubá,65404,3165404,Sapucaí-Mirim,
31,Minas Gerais,3104,Governador Valadares,310020,Governador Valadares,65503,3165503,Sardoá,
31,Minas Gerais,3101,Belo Horizonte,310001,Belo Horizonte,65537,3165537,Sarzedo,
31,Minas Gerais,3106,Juíz de Fora,310030,Ponte Nova,65560,3165560,Sem-Peixe,
31,Minas Gerais,3109,Pouso Alegre,310050,Pouso Alegre,65578,3165578,Senador Amaral,
31,Minas Gerais,3106,Juíz de Fora,310035,São João Nepomuceno - Bicas,65602,3165602,Senador Cortes,
31,Minas Gerais,3106,Juíz de Fora,310029,Ubá,65701,3165701,Senador Firmino,
31,Minas Gerais,3109,Pouso Alegre,310050,Pouso Alegre,65800,3165800,Senador José Bento,
31,Minas Gerais,3103,Teófilo Otoni,310016,Diamantina,65909,3165909,Senador Modestino Gonçalves,
31,Minas Gerais,3107,Barbacena,310038,Conselheiro Lafaiete,66006,3166006,Senhora de Oliveira,
31,Minas Gerais,3104,Governador Valadares,310021,Guanhães,66105,3166105,Senhora do Porto,
31,Minas Gerais,3107,Barbacena,310037,Barbacena,66204,3166204,Senhora dos Remédios,
31,Minas Gerais,3106,Juíz de Fora,310030,Ponte Nova,66303,3166303,Sericita,
31,Minas Gerais,3109,Pouso Alegre,310054,Caxambu - Baependi,66402,3166402,Seritinga,
31,Minas Gerais,3103,Teófilo Otoni,310016,Diamantina,66501,3166501,Serra Azul de Minas,
31,Minas Gerais,3113,Divinópolis,310067,Dores do Indaiá,66600,3166600,Serra da Saudade,
31,Minas Gerais,3112,Patos de Minas,310064,Patrocínio,66808,3166808,Serra do Salitre,
31,Minas Gerais,3103,Teófilo Otoni,310013,Teófilo Otoni,66709,3166709,Serra dos Aimorés,
31,Minas Gerais,3108,Varginha,310042,Alfenas,66907,3166907,Serrania,
31,Minas Gerais,3102,Montes Claros,310007,Janaúba,66956,3166956,Serranópolis de Minas,
31,Minas Gerais,3109,Pouso Alegre,310054,Caxambu - Baependi,67004,3167004,Serranos,
31,Minas Gerais,3103,Teófilo Otoni,310016,Diamantina,67103,3167103,Serro,
31,Minas Gerais,3101,Belo Horizonte,310002,Sete Lagoas,67202,3167202,Sete Lagoas,
31,Minas Gerais,3103,Teófilo Otoni,310013,Teófilo Otoni,65552,3165552,Setubinha,
31,Minas Gerais,3106,Juíz de Fora,310029,Ubá,67301,3167301,Silveirânia,
31,Minas Gerais,3109,Pouso Alegre,310050,Pouso Alegre,67400,3167400,Silvianópolis,
31,Minas Gerais,3106,Juíz de Fora,310027,Juiz de Fora,67509,3167509,Simão Pereira,
31,Minas Gerais,3106,Juíz de Fora,310028,Manhuaçu,67608,3167608,Simonésia,
31,Minas Gerais,3104,Governador Valadares,310020,Governador Valadares,67707,3167707,Sobrália,
31,Minas Gerais,3109,Pouso Alegre,310053,São Lourenço,67806,3167806,Soledade de Minas,
31,Minas Gerais,3106,Juíz de Fora,310029,Ubá,67905,3167905,Tabuleiro,
31,Minas Gerais,3102,Montes Claros,310008,Salinas,68002,3168002,Taiobeiras,
31,Minas Gerais,3106,Juíz de Fora,310028,Manhuaçu,68051,3168051,Taparuba,
31,Minas Gerais,3110,Uberaba,310056,Araxá,68101,3168101,Tapira,
31,Minas Gerais,3113,Divinópolis,310066,Formiga,68200,3168200,Tapiraí,
31,Minas Gerais,3101,Belo Horizonte,310001,Belo Horizonte,68309,3168309,Taquaraçu de Minas,
31,Minas Gerais,3104,Governador Valadares,310020,Governador Valadares,68408,3168408,Tarumirim,
31,Minas Gerais,3106,Juíz de Fora,310033,Viçosa,68507,3168507,Teixeiras,
31,Minas Gerais,3103,Teófilo Otoni,310013,Teófilo Otoni,68606,3168606,Teófilo Otoni,
31,Minas Gerais,3105,Ipatinga,310024,Ipatinga,68705,3168705,Timóteo,
31,Minas Gerais,3107,Barbacena,310039,São João del Rei,68804,3168804,Tiradentes,
31,Minas Gerais,3112,Patos de Minas,310062,Patos de Minas,68903,3168903,Tiros,
31,Minas Gerais,3106,Juíz de Fora,310029,Ubá,69000,3169000,Tocantins,
31,Minas Gerais,3109,Pouso Alegre,310050,Pouso Alegre,69059,3169059,Tocos do Moji,
31,Minas Gerais,3109,Pouso Alegre,310050,Pouso Alegre,69109,3169109,Toledo,
31,Minas Gerais,3106,Juíz de Fora,310034,Carangola,69208,3169208,Tombos,
31,Minas Gerais,3108,Varginha,310045,Três Corações,69307,3169307,Três Corações,
31,Minas Gerais,3101,Belo Horizonte,310004,Curvelo,69356,3169356,Três Marias,
31,Minas Gerais,3108,Varginha,310046,Três Pontas - Boa Esperança,69406,3169406,Três Pontas,
31,Minas Gerais,3104,Governador Valadares,310020,Governador Valadares,69505,3169505,Tumiritinga,
31,Minas Gerais,3111,Uberlândia,310059,Uberlândia,69604,3169604,Tupaciguara,
31,Minas Gerais,3103,Teófilo Otoni,310014,Capelinha,69703,3169703,Turmalina,
31,Minas Gerais,3109,Pouso Alegre,310050,Pouso Alegre,69802,3169802,Turvolândia,
31,Minas Gerais,3106,Juíz de Fora,310029,Ubá,69901,3169901,Ubá,
31,Minas Gerais,3102,Montes Claros,310011,São Francisco,70008,3170008,Ubaí,
31,Minas Gerais,3105,Ipatinga,310025,Caratinga,70057,3170057,Ubaporanga,
31,Minas Gerais,3110,Uberaba,310055,Uberaba,70107,3170107,Uberaba,
31,Minas Gerais,3111,Uberlândia,310059,Uberlândia,70206,3170206,Uberlândia,
31,Minas Gerais,3103,Teófilo Otoni,310019,Águas Formosas,70305,3170305,Umburatiba,
31,Minas Gerais,3112,Patos de Minas,310063,Unaí,70404,3170404,Unaí,
31,Minas Gerais,3110,Uberaba,310058,Iturama,70438,3170438,União de Minas,
31,Minas Gerais,3112,Patos de Minas,310063,Unaí,70479,3170479,Uruana de Minas,
31,Minas Gerais,3106,Juíz de Fora,310030,Ponte Nova,70503,3170503,Urucânia,
31,Minas Gerais,3112,Patos de Minas,310063,Unaí,70529,3170529,Urucuia,
31,Minas Gerais,3105,Ipatinga,310025,Caratinga,70578,3170578,Vargem Alegre,
31,Minas Gerais,3108,Varginha,310049,Piumhi,70602,3170602,Vargem Bonita,
31,Minas Gerais,3102,Montes Claros,310008,Salinas,70651,3170651,Vargem Grande do Rio Pardo,
31,Minas Gerais,3108,Varginha,310040,Varginha,70701,3170701,Varginha,
31,Minas Gerais,3112,Patos de Minas,310062,Patos de Minas,70750,3170750,Varjão de Minas,
31,Minas Gerais,3102,Montes Claros,310010,Pirapora,70800,3170800,Várzea da Palma,
31,Minas Gerais,3102,Montes Claros,310006,Montes Claros,70909,3170909,Varzelândia,
31,Minas Gerais,3112,Patos de Minas,310062,Patos de Minas,71006,3171006,Vazante,
31,Minas Gerais,3102,Montes Claros,310007,Janaúba,71030,3171030,Verdelândia,
31,Minas Gerais,3103,Teófilo Otoni,310014,Capelinha,71071,3171071,Veredinha,
31,Minas Gerais,3110,Uberaba,310055,Uberaba,71105,3171105,Veríssimo,
31,Minas Gerais,3105,Ipatinga,310025,Caratinga,71154,3171154,Vermelho Novo,
31,Minas Gerais,3101,Belo Horizonte,310001,Belo Horizonte,71204,3171204,Vespasiano,
31,Minas Gerais,3106,Juíz de Fora,310033,Viçosa,71303,3171303,Viçosa,
31,Minas Gerais,3106,Juíz de Fora,310031,Muriaé,71402,3171402,Vieiras,
31,Minas Gerais,3103,Teófilo Otoni,310017,Araçuaí,71600,3171600,Virgem da Lapa,
31,Minas Gerais,3109,Pouso Alegre,310053,São Lourenço,71709,3171709,Virgínia,
31,Minas Gerais,3104,Governador Valadares,310021,Guanhães,71808,3171808,Virginópolis,
31,Minas Gerais,3104,Governador Valadares,310020,Governador Valadares,71907,3171907,Virgolândia,
31,Minas Gerais,3106,Juíz de Fora,310029,Ubá,72004,3172004,Visconde do Rio Branco,
31,Minas Gerais,3106,Juíz de Fora,310036,Além Paraíba,72103,3172103,Volta Grande,
31,Minas Gerais,3109,Pouso Alegre,310052,Itajubá,72202,3172202,Wenceslau Braz,
32,Espírito Santo,3201,Vitória,320002,Afonso Cláudio - Venda Nova do Imigrante - Santa Maria de Jetibá,00102,3200102,Afonso Cláudio,
32,Espírito Santo,3203,Colatina,320006,Nova Venécia,00169,3200169,Água Doce do Norte,
32,Espírito Santo,3203,Colatina,320005,Colatina,00136,3200136,Águia Branca,
32,Espírito Santo,3204,Cachoeiro do Itapemirim,320008,Alegre,00201,3200201,Alegre,
32,Espírito Santo,3201,Vitória,320001,Vitória,00300,3200300,Alfredo Chaves,
32,Espírito Santo,3203,Colatina,320005,Colatina,00359,3200359,Alto Rio Novo,
32,Espírito Santo,3201,Vitória,320001,Vitória,00409,3200409,Anchieta,
32,Espírito Santo,3204,Cachoeiro do Itapemirim,320008,Alegre,00508,3200508,Apiacá,
32,Espírito Santo,3202,São Mateus,320004,Linhares,00607,3200607,Aracruz,
32,Espírito Santo,3204,Cachoeiro do Itapemirim,320007,Cachoeiro de Itapemirim,00706,3200706,Atílio Vivácqua,
32,Espírito Santo,3203,Colatina,320005,Colatina,00805,3200805,Baixo Guandu,
32,Espírito Santo,3203,Colatina,320006,Nova Venécia,00904,3200904,Barra de São Francisco,
32,Espírito Santo,3202,São Mateus,320003,São Mateus,01001,3201001,Boa Esperança,
32,Espírito Santo,3204,Cachoeiro do Itapemirim,320008,Alegre,01100,3201100,Bom Jesus do Norte,
32,Espírito Santo,3201,Vitória,320002,Afonso Cláudio - Venda Nova do Imigrante - Santa Maria de Jetibá,01159,3201159,Brejetuba,
32,Espírito Santo,3204,Cachoeiro do Itapemirim,320007,Cachoeiro de Itapemirim,01209,3201209,Cachoeiro de Itapemirim,
32,Espírito Santo,3201,Vitória,320001,Vitória,01308,3201308,Cariacica,
32,Espírito Santo,3204,Cachoeiro do Itapemirim,320007,Cachoeiro de Itapemirim,01407,3201407,Castelo,
32,Espírito Santo,3203,Colatina,320005,Colatina,01506,3201506,Colatina,
32,Espírito Santo,3202,São Mateus,320003,São Mateus,01605,3201605,Conceição da Barra,
32,Espírito Santo,3201,Vitória,320002,Afonso Cláudio - Venda Nova do Imigrante - Santa Maria de Jetibá,01704,3201704,Conceição do Castelo,
32,Espírito Santo,3204,Cachoeiro do Itapemirim,320008,Alegre,01803,3201803,Divino de São Lourenço,
32,Espírito Santo,3201,Vitória,320002,Afonso Cláudio - Venda Nova do Imigrante - Santa Maria de Jetibá,01902,3201902,Domingos Martins,
32,Espírito Santo,3204,Cachoeiro do Itapemirim,320008,Alegre,02009,3202009,Dores do Rio Preto,
32,Espírito Santo,3203,Colatina,320006,Nova Venécia,02108,3202108,Ecoporanga,
32,Espírito Santo,3201,Vitória,320001,Vitória,02207,3202207,Fundão,
32,Espírito Santo,3203,Colatina,320005,Colatina,02256,3202256,Governador Lindenberg,
32,Espírito Santo,3204,Cachoeiro do Itapemirim,320008,Alegre,02306,3202306,Guaçuí,
32,Espírito Santo,3201,Vitória,320001,Vitória,02405,3202405,Guarapari,
32,Espírito Santo,3204,Cachoeiro do Itapemirim,320008,Alegre,02454,3202454,Ibatiba,
32,Espírito Santo,3202,São Mateus,320004,Linhares,02504,3202504,Ibiraçu,
32,Espírito Santo,3204,Cachoeiro do Itapemirim,320008,Alegre,02553,3202553,Ibitirama,
32,Espírito Santo,3204,Cachoeiro do Itapemirim,320007,Cachoeiro de Itapemirim,02603,3202603,Iconha,
32,Espírito Santo,3204,Cachoeiro do Itapemirim,320008,Alegre,02652,3202652,Irupi,
32,Espírito Santo,3203,Colatina,320005,Colatina,02702,3202702,Itaguaçu,
32,Espírito Santo,3204,Cachoeiro do Itapemirim,320007,Cachoeiro de Itapemirim,02801,3202801,Itapemirim,
32,Espírito Santo,3201,Vitória,320002,Afonso Cláudio - Venda Nova do Imigrante - Santa Maria de Jetibá,02900,3202900,Itarana,
32,Espírito Santo,3204,Cachoeiro do Itapemirim,320008,Alegre,03007,3203007,Iúna,
32,Espírito Santo,3202,São Mateus,320003,São Mateus,03056,3203056,Jaguaré,
32,Espírito Santo,3204,Cachoeiro do Itapemirim,320007,Cachoeiro de Itapemirim,03106,3203106,Jerônimo Monteiro,
32,Espírito Santo,3202,São Mateus,320004,Linhares,03130,3203130,João Neiva,
32,Espírito Santo,3201,Vitória,320002,Afonso Cláudio - Venda Nova do Imigrante - Santa Maria de Jetibá,03163,3203163,Laranja da Terra,
32,Espírito Santo,3202,São Mateus,320004,Linhares,03205,3203205,Linhares,
32,Espírito Santo,3203,Colatina,320005,Colatina,03304,3203304,Mantenópolis,
32,Espírito Santo,3204,Cachoeiro do Itapemirim,320007,Cachoeiro de Itapemirim,03320,3203320,Marataízes,
32,Espírito Santo,3201,Vitória,320002,Afonso Cláudio - Venda Nova do Imigrante - Santa Maria de Jetibá,03346,3203346,Marechal Floriano,
32,Espírito Santo,3203,Colatina,320005,Colatina,03353,3203353,Marilândia,
32,Espírito Santo,3204,Cachoeiro do Itapemirim,320007,Cachoeiro de Itapemirim,03403,3203403,Mimoso do Sul,
32,Espírito Santo,3202,São Mateus,320003,São Mateus,03502,3203502,Montanha,
32,Espírito Santo,3202,São Mateus,320003,São Mateus,03601,3203601,Mucurici,
32,Espírito Santo,3204,Cachoeiro do Itapemirim,320008,Alegre,03700,3203700,Muniz Freire,
32,Espírito Santo,3204,Cachoeiro do Itapemirim,320007,Cachoeiro de Itapemirim,03809,3203809,Muqui,
32,Espírito Santo,3203,Colatina,320006,Nova Venécia,03908,3203908,Nova Venécia,
32,Espírito Santo,3203,Colatina,320005,Colatina,04005,3204005,Pancas,
32,Espírito Santo,3202,São Mateus,320003,São Mateus,04054,3204054,Pedro Canário,
32,Espírito Santo,3202,São Mateus,320003,São Mateus,04104,3204104,Pinheiros,
32,Espírito Santo,3201,Vitória,320001,Vitória,04203,3204203,Piúma,
32,Espírito Santo,3202,São Mateus,320003,São Mateus,04252,3204252,Ponto Belo,
32,Espírito Santo,3204,Cachoeiro do Itapemirim,320007,Cachoeiro de Itapemirim,04302,3204302,Presidente Kennedy,
32,Espírito Santo,3202,São Mateus,320004,Linhares,04351,3204351,Rio Bananal,
32,Espírito Santo,3204,Cachoeiro do Itapemirim,320007,Cachoeiro de Itapemirim,04401,3204401,Rio Novo do Sul,
32,Espírito Santo,3201,Vitória,320002,Afonso Cláudio - Venda Nova do Imigrante - Santa Maria de Jetibá,04500,3204500,Santa Leopoldina,
32,Espírito Santo,3201,Vitória,320002,Afonso Cláudio - Venda Nova do Imigrante - Santa Maria de Jetibá,04559,3204559,Santa Maria de Jetibá,
32,Espírito Santo,3201,Vitória,320002,Afonso Cláudio - Venda Nova do Imigrante - Santa Maria de Jetibá,04609,3204609,Santa Teresa,
32,Espírito Santo,3203,Colatina,320005,Colatina,04658,3204658,São Domingos do Norte,
32,Espírito Santo,3203,Colatina,320005,Colatina,04708,3204708,São Gabriel da Palha,
32,Espírito Santo,3204,Cachoeiro do Itapemirim,320008,Alegre,04807,3204807,São José do Calçado,
32,Espírito Santo,3202,São Mateus,320003,São Mateus,04906,3204906,São Mateus,
32,Espírito Santo,3203,Colatina,320005,Colatina,04955,3204955,São Roque do Canaã,
32,Espírito Santo,3201,Vitória,320001,Vitória,05002,3205002,Serra,
32,Espírito Santo,3202,São Mateus,320004,Linhares,05010,3205010,Sooretama,
32,Espírito Santo,3204,Cachoeiro do Itapemirim,320007,Cachoeiro de Itapemirim,05036,3205036,Vargem Alta,
32,Espírito Santo,3201,Vitória,320002,Afonso Cláudio - Venda Nova do Imigrante - Santa Maria de Jetibá,05069,3205069,Venda Nova do Imigrante,
32,Espírito Santo,3201,Vitória,320001,Vitória,05101,3205101,Viana,
32,Espírito Santo,3203,Colatina,320006,Nova Venécia,05150,3205150,Vila Pavão,
32,Espírito Santo,3203,Colatina,320005,Colatina,05176,3205176,Vila Valério,
32,Espírito Santo,3201,Vitória,320001,Vitória,05200,3205200,Vila Velha,
32,Espírito Santo,3201,Vitória,320001,Vitória,05309,3205309,Vitória,
33,Rio de Janeiro,3301,Rio de Janeiro,330002,Angra dos Reis,00100,3300100,Angra dos Reis,
33,Rio de Janeiro,3304,Campos dos Goytacazes,330012,Santo Antônio de Pádua,00159,3300159,Aperibé,
33,Rio de Janeiro,3305,Macaé - Rio das Ostras - Cabo Frio,330013,Cabo Frio,00209,3300209,Araruama,
33,Rio de Janeiro,3303,Petrópolis,330007,Petrópolis,00225,3300225,Areal,
33,Rio de Janeiro,3305,Macaé - Rio das Ostras - Cabo Frio,330013,Cabo Frio,00233,3300233,Armação dos Búzios,
33,Rio de Janeiro,3305,Macaé - Rio das Ostras - Cabo Frio,330013,Cabo Frio,00258,3300258,Arraial do Cabo,
33,Rio de Janeiro,3302,Volta Redonda - Barra Mansa,330004,Volta Redonda - Barra Mansa,00308,3300308,Barra do Piraí,
33,Rio de Janeiro,3302,Volta Redonda - Barra Mansa,330004,Volta Redonda - Barra Mansa,00407,3300407,Barra Mansa,
33,Rio de Janeiro,3301,Rio de Janeiro,330001,Rio de Janeiro,00456,3300456,Belford Roxo,
33,Rio de Janeiro,3303,Petrópolis,330008,Nova Friburgo,00506,3300506,Bom Jardim,
33,Rio de Janeiro,3304,Campos dos Goytacazes,330011,Itaperuna,00605,3300605,Bom Jesus do Itabapoana,
33,Rio de Janeiro,3305,Macaé - Rio das Ostras - Cabo Frio,330013,Cabo Frio,00704,3300704,Cabo Frio,
33,Rio de Janeiro,3301,Rio de Janeiro,330003,Rio Bonito,00803,3300803,Cachoeiras de Macacu,
33,Rio de Janeiro,3304,Campos dos Goytacazes,330012,Santo Antônio de Pádua,00902,3300902,Cambuci,
33,Rio de Janeiro,3304,Campos dos Goytacazes,330010,Campos dos Goytacazes,01009,3301009,Campos dos Goytacazes,
33,Rio de Janeiro,3303,Petrópolis,330008,Nova Friburgo,01108,3301108,Cantagalo,
33,Rio de Janeiro,3305,Macaé - Rio das Ostras - Cabo Frio,330014,Macaé - Rio das Ostras,00936,3300936,Carapebus,
33,Rio de Janeiro,3304,Campos dos Goytacazes,330010,Campos dos Goytacazes,01157,3301157,Cardoso Moreira,
33,Rio de Janeiro,3303,Petrópolis,330008,Nova Friburgo,01207,3301207,Carmo,
33,Rio de Janeiro,3305,Macaé - Rio das Ostras - Cabo Frio,330014,Macaé - Rio das Ostras,01306,3301306,Casimiro de Abreu,
33,Rio de Janeiro,3303,Petrópolis,330009,Três Rios - Paraíba do Sul,00951,3300951,Comendador Levy Gasparian,
33,Rio de Janeiro,3305,Macaé - Rio das Ostras - Cabo Frio,330014,Macaé - Rio das Ostras,01405,3301405,Conceição de Macabu,
33,Rio de Janeiro,3303,Petrópolis,330008,Nova Friburgo,01504,3301504,Cordeiro,
33,Rio de Janeiro,3303,Petrópolis,330008,Nova Friburgo,01603,3301603,Duas Barras,
33,Rio de Janeiro,3301,Rio de Janeiro,330001,Rio de Janeiro,01702,3301702,Duque de Caxias,
33,Rio de Janeiro,3302,Volta Redonda - Barra Mansa,330004,Volta Redonda - Barra Mansa,01801,3301801,Engenheiro Paulo de Frontin,
33,Rio de Janeiro,3301,Rio de Janeiro,330001,Rio de Janeiro,01850,3301850,Guapimirim,
33,Rio de Janeiro,3305,Macaé - Rio das Ostras - Cabo Frio,330013,Cabo Frio,01876,3301876,Iguaba Grande,
33,Rio de Janeiro,3301,Rio de Janeiro,330001,Rio de Janeiro,01900,3301900,Itaboraí,
33,Rio de Janeiro,3301,Rio de Janeiro,330001,Rio de Janeiro,02007,3302007,Itaguaí,
33,Rio de Janeiro,3304,Campos dos Goytacazes,330010,Campos dos Goytacazes,02056,3302056,Italva,
33,Rio de Janeiro,3304,Campos dos Goytacazes,330012,Santo Antônio de Pádua,02106,3302106,Itaocara,
33,Rio de Janeiro,3304,Campos dos Goytacazes,330011,Itaperuna,02205,3302205,Itaperuna,
33,Rio de Janeiro,3302,Volta Redonda - Barra Mansa,330005,Resende,02254,3302254,Itatiaia,
33,Rio de Janeiro,3301,Rio de Janeiro,330001,Rio de Janeiro,02270,3302270,Japeri,
33,Rio de Janeiro,3304,Campos dos Goytacazes,330011,Itaperuna,02304,3302304,Laje do Muriaé,
33,Rio de Janeiro,3305,Macaé - Rio das Ostras - Cabo Frio,330014,Macaé - Rio das Ostras,02403,3302403,Macaé,
33,Rio de Janeiro,3303,Petrópolis,330008,Nova Friburgo,02452,3302452,Macuco,
33,Rio de Janeiro,3301,Rio de Janeiro,330001,Rio de Janeiro,02502,3302502,Magé,
33,Rio de Janeiro,3301,Rio de Janeiro,330001,Rio de Janeiro,02601,3302601,Mangaratiba,
33,Rio de Janeiro,3301,Rio de Janeiro,330001,Rio de Janeiro,02700,3302700,Maricá,
33,Rio de Janeiro,3302,Volta Redonda - Barra Mansa,330004,Volta Redonda - Barra Mansa,02809,3302809,Mendes,
33,Rio de Janeiro,3301,Rio de Janeiro,330001,Rio de Janeiro,02858,3302858,Mesquita,
33,Rio de Janeiro,3302,Volta Redonda - Barra Mansa,330006,Valença,02908,3302908,Miguel Pereira,
33,Rio de Janeiro,3304,Campos dos Goytacazes,330012,Santo Antônio de Pádua,03005,3303005,Miracema,
33,Rio de Janeiro,3304,Campos dos Goytacazes,330011,Itaperuna,03104,3303104,Natividade,
33,Rio de Janeiro,3301,Rio de Janeiro,330001,Rio de Janeiro,03203,3303203,Nilópolis,
33,Rio de Janeiro,3301,Rio de Janeiro,330001,Rio de Janeiro,03302,3303302,Niterói,
33,Rio de Janeiro,3303,Petrópolis,330008,Nova Friburgo,03401,3303401,Nova Friburgo,
33,Rio de Janeiro,3301,Rio de Janeiro,330001,Rio de Janeiro,03500,3303500,Nova Iguaçu,
33,Rio de Janeiro,3301,Rio de Janeiro,330001,Rio de Janeiro,03609,3303609,Paracambi,
33,Rio de Janeiro,3303,Petrópolis,330009,Três Rios - Paraíba do Sul,03708,3303708,Paraíba do Sul,
33,Rio de Janeiro,3301,Rio de Janeiro,330002,Angra dos Reis,03807,3303807,Paraty,
33,Rio de Janeiro,3302,Volta Redonda - Barra Mansa,330006,Valença,03856,3303856,Paty do Alferes,
33,Rio de Janeiro,3303,Petrópolis,330007,Petrópolis,03906,3303906,Petrópolis,
33,Rio de Janeiro,3302,Volta Redonda - Barra Mansa,330004,Volta Redonda - Barra Mansa,03955,3303955,Pinheiral,
33,Rio de Janeiro,3302,Volta Redonda - Barra Mansa,330004,Volta Redonda - Barra Mansa,04003,3304003,Piraí,
33,Rio de Janeiro,3304,Campos dos Goytacazes,330011,Itaperuna,04102,3304102,Porciúncula,
33,Rio de Janeiro,3302,Volta Redonda - Barra Mansa,330005,Resende,04110,3304110,Porto Real,
33,Rio de Janeiro,3302,Volta Redonda - Barra Mansa,330005,Resende,04128,3304128,Quatis,
33,Rio de Janeiro,3301,Rio de Janeiro,330001,Rio de Janeiro,04144,3304144,Queimados,
33,Rio de Janeiro,3305,Macaé - Rio das Ostras - Cabo Frio,330014,Macaé - Rio das Ostras,04151,3304151,Quissamã,
33,Rio de Janeiro,3302,Volta Redonda - Barra Mansa,330005,Resende,04201,3304201,Resende,
33,Rio de Janeiro,3301,Rio de Janeiro,330003,Rio Bonito,04300,3304300,Rio Bonito,
33,Rio de Janeiro,3302,Volta Redonda - Barra Mansa,330004,Volta Redonda - Barra Mansa,04409,3304409,Rio Claro,
33,Rio de Janeiro,3302,Volta Redonda - Barra Mansa,330006,Valença,04508,3304508,Rio das Flores,
33,Rio de Janeiro,3305,Macaé - Rio das Ostras - Cabo Frio,330014,Macaé - Rio das Ostras,04524,3304524,Rio das Ostras,
33,Rio de Janeiro,3301,Rio de Janeiro,330001,Rio de Janeiro,04557,3304557,Rio de Janeiro,
33,Rio de Janeiro,3303,Petrópolis,330008,Nova Friburgo,04607,3304607,Santa Maria Madalena,
33,Rio de Janeiro,3304,Campos dos Goytacazes,330012,Santo Antônio de Pádua,04706,3304706,Santo Antônio de Pádua,
33,Rio de Janeiro,3304,Campos dos Goytacazes,330010,Campos dos Goytacazes,04805,3304805,São Fidélis,
33,Rio de Janeiro,3304,Campos dos Goytacazes,330010,Campos dos Goytacazes,04755,3304755,São Francisco de Itabapoana,
33,Rio de Janeiro,3301,Rio de Janeiro,330001,Rio de Janeiro,04904,3304904,São Gonçalo,
33,Rio de Janeiro,3304,Campos dos Goytacazes,330010,Campos dos Goytacazes,05000,3305000,São João da Barra,
33,Rio de Janeiro,3301,Rio de Janeiro,330001,Rio de Janeiro,05109,3305109,São João de Meriti,
33,Rio de Janeiro,3304,Campos dos Goytacazes,330011,Itaperuna,05133,3305133,São José de Ubá,
33,Rio de Janeiro,3303,Petrópolis,330007,Petrópolis,05158,3305158,São José do Vale do Rio Preto,
33,Rio de Janeiro,3305,Macaé - Rio das Ostras - Cabo Frio,330013,Cabo Frio,05208,3305208,São Pedro da Aldeia,
33,Rio de Janeiro,3303,Petrópolis,330008,Nova Friburgo,05307,3305307,São Sebastião do Alto,
33,Rio de Janeiro,3303,Petrópolis,330009,Três Rios - Paraíba do Sul,05406,3305406,Sapucaia,
33,Rio de Janeiro,3301,Rio de Janeiro,330001,Rio de Janeiro,05505,3305505,Saquarema,
33,Rio de Janeiro,3301,Rio de Janeiro,330001,Rio de Janeiro,05554,3305554,Seropédica,
33,Rio de Janeiro,3301,Rio de Janeiro,330003,Rio Bonito,05604,3305604,Silva Jardim,
33,Rio de Janeiro,3303,Petrópolis,330008,Nova Friburgo,05703,3305703,Sumidouro,
33,Rio de Janeiro,3301,Rio de Janeiro,330001,Rio de Janeiro,05752,3305752,Tanguá,
33,Rio de Janeiro,3303,Petrópolis,330007,Petrópolis,05802,3305802,Teresópolis,
33,Rio de Janeiro,3303,Petrópolis,330008,Nova Friburgo,05901,3305901,Trajano de Moraes,
33,Rio de Janeiro,3303,Petrópolis,330009,Três Rios - Paraíba do Sul,06008,3306008,Três Rios,
33,Rio de Janeiro,3302,Volta Redonda - Barra Mansa,330006,Valença,06107,3306107,Valença,
33,Rio de Janeiro,3304,Campos dos Goytacazes,330011,Itaperuna,06156,3306156,Varre-Sai,
33,Rio de Janeiro,3302,Volta Redonda - Barra Mansa,330006,Valença,06206,3306206,Vassouras,
33,Rio de Janeiro,3302,Volta Redonda - Barra Mansa,330004,Volta Redonda - Barra Mansa,06305,3306305,Volta Redonda,
35,São Paulo,3505,Presidente Prudente,350019,Adamantina - Lucélia,00105,3500105,Adamantina,
35,São Paulo,3507,São José do Rio Preto,350025,São José do Rio Preto,00204,3500204,Adolfo,
35,São Paulo,3510,Campinas,350044,São João da Boa Vista,00303,3500303,Aguaí,
35,São Paulo,3510,Campinas,350044,São João da Boa Vista,00402,3500402,Águas da Prata,
35,São Paulo,3510,Campinas,350048,Amparo,00501,3500501,Águas de Lindóia,
35,São Paulo,3502,Sorocaba,350007,Avaré,00550,3500550,Águas de Santa Bárbara,
35,São Paulo,3510,Campinas,350040,Piracicaba,00600,3500600,Águas de São Pedro,
35,São Paulo,3503,Bauru,350009,Bauru,00709,3500709,Agudos,
35,São Paulo,3502,Sorocaba,350006,Itapetininga,00758,3500758,Alambari,
35,São Paulo,3505,Presidente Prudente,350018,Presidente Prudente,00808,3500808,Alfredo Marcondes,
35,São Paulo,3507,São José do Rio Preto,350025,São José do Rio Preto,00907,3500907,Altair,
35,São Paulo,3508,Ribeirão Preto,350031,Ribeirão Preto,01004,3501004,Altinópolis,
35,São Paulo,3506,Araçatuba,350023,Birigui - Penápolis,01103,3501103,Alto Alegre,
35,São Paulo,3502,Sorocaba,350003,Sorocaba,01152,3501152,Alumínio,
35,São Paulo,3507,São José do Rio Preto,350027,Votuporanga,01202,3501202,Álvares Florence,
35,São Paulo,3505,Presidente Prudente,350018,Presidente Prudente,01301,3501301,Álvares Machado,
35,São Paulo,3504,Marília,350013,Marília,01400,3501400,Álvaro de Carvalho,
35,São Paulo,3504,Marília,350013,Marília,01509,3501509,Alvinlândia,
35,São Paulo,3510,Campinas,350038,Campinas,01608,3501608,Americana,
35,São Paulo,3509,Araraquara,350036,Araraquara,01707,3501707,Américo Brasiliense,
35,São Paulo,3507,São José do Rio Preto,350027,Votuporanga,01806,3501806,Américo de Campos,
35,São Paulo,3510,Campinas,350048,Amparo,01905,3501905,Amparo,
35,São Paulo,3510,Campinas,350046,Rio Claro,02002,3502002,Analândia,
35,São Paulo,3506,Araçatuba,350024,Andradina,02101,3502101,Andradina,
35,São Paulo,3502,Sorocaba,350006,Itapetininga,02200,3502200,Angatuba,
35,São Paulo,3503,Bauru,350011,Botucatu,02309,3502309,Anhembi,
35,São Paulo,3505,Presidente Prudente,350018,Presidente Prudente,02408,3502408,Anhumas,
35,São Paulo,3511,São José dos Campos,350052,Guaratinguetá,02507,3502507,Aparecida,
35,São Paulo,3507,São José do Rio Preto,350028,Jales,02606,3502606,Aparecida d'Oeste,
35,São Paulo,3502,Sorocaba,350004,Itapeva,02705,3502705,Apiaí,
35,São Paulo,3502,Sorocaba,350003,Sorocaba,02754,3502754,Araçariguama,
35,São Paulo,3506,Araçatuba,350022,Araçatuba,02804,3502804,Araçatuba,
35,São Paulo,3502,Sorocaba,350003,Sorocaba,02903,3502903,Araçoiaba da Serra,
35,São Paulo,3508,Ribeirão Preto,350035,Ituverava,03000,3503000,Aramina,
35,São Paulo,3502,Sorocaba,350007,Avaré,03109,3503109,Arandu,
35,São Paulo,3511,São José dos Campos,350053,Cruzeiro,03158,3503158,Arapeí,
35,São Paulo,3509,Araraquara,350036,Araraquara,03208,3503208,Araraquara,
35,São Paulo,3510,Campinas,350045,Araras,03307,3503307,Araras,
35,São Paulo,3504,Marília,350016,Tupã,03356,3503356,Arco-Íris,
35,São Paulo,3503,Bauru,350009,Bauru,03406,3503406,Arealva,
35,São Paulo,3511,São José dos Campos,350053,Cruzeiro,03505,3503505,Areias,
35,São Paulo,3503,Bauru,350011,Botucatu,03604,3503604,Areiópolis,
35,São Paulo,3507,São José do Rio Preto,350026,Catanduva,03703,3503703,Ariranha,
35,São Paulo,3510,Campinas,350038,Campinas,03802,3503802,Artur Nogueira,
35,São Paulo,3501,São Paulo,350001,São Paulo,03901,3503901,Arujá,
35,São Paulo,3507,São José do Rio Preto,350028,Jales,03950,3503950,Aspásia,
35,São Paulo,3504,Marília,350014,Assis,04008,3504008,Assis,
35,São Paulo,3510,Campinas,350041,Bragança Paulista,04107,3504107,Atibaia,
35,São Paulo,3506,Araçatuba,350022,Araçatuba,04206,3504206,Auriflama,
35,São Paulo,3503,Bauru,350009,Bauru,04305,3504305,Avaí,
35,São Paulo,3506,Araçatuba,350023,Birigui - Penápolis,04404,3504404,Avanhandava,
35,São Paulo,3502,Sorocaba,350007,Avaré,04503,3504503,Avaré,
35,São Paulo,3507,São José do Rio Preto,350025,São José do Rio Preto,04602,3504602,Bady Bassitt,
35,São Paulo,3503,Bauru,350009,Bauru,04701,3504701,Balbinos,
35,São Paulo,3507,São José do Rio Preto,350025,São José do Rio Preto,04800,3504800,Bálsamo,
35,São Paulo,3511,São José dos Campos,350053,Cruzeiro,04909,3504909,Bananal,
35,São Paulo,3502,Sorocaba,350004,Itapeva,05005,3505005,Barão de Antonina,
35,São Paulo,3506,Araçatuba,350023,Birigui - Penápolis,05104,3505104,Barbosa,
35,São Paulo,3503,Bauru,350010,Jaú,05203,3505203,Bariri,
35,São Paulo,3503,Bauru,350010,Jaú,05302,3505302,Barra Bonita,
35,São Paulo,3502,Sorocaba,350004,Itapeva,05351,3505351,Barra do Chapéu,
35,São Paulo,3502,Sorocaba,350005,Registro,05401,3505401,Barra do Turvo,
35,São Paulo,3508,Ribeirão Preto,350032,Barretos,05500,3505500,Barretos,
35,São Paulo,3508,Ribeirão Preto,350031,Ribeirão Preto,05609,3505609,Barrinha,
35,São Paulo,3501,São Paulo,350001,São Paulo,05708,3505708,Barueri,
35,São Paulo,3504,Marília,350016,Tupã,05807,3505807,Bastos,
35,São Paulo,3508,Ribeirão Preto,350031,Ribeirão Preto,05906,3505906,Batatais,
35,São Paulo,3503,Bauru,350009,Bauru,06003,3506003,Bauru,
35,São Paulo,3508,Ribeirão Preto,350032,Barretos,06102,3506102,Bebedouro,
35,São Paulo,3506,Araçatuba,350022,Araçatuba,06201,3506201,Bento de Abreu,
35,São Paulo,3504,Marília,350015,Ourinhos,06300,3506300,Bernardino de Campos,
35,São Paulo,3501,São Paulo,350002,Santos,06359,3506359,Bertioga,
35,São Paulo,3506,Araçatuba,350023,Birigui - Penápolis,06409,3506409,Bilac,
35,São Paulo,3506,Araçatuba,350023,Birigui - Penápolis,06508,3506508,Birigui,
35,São Paulo,3501,São Paulo,350001,São Paulo,06607,3506607,Biritiba Mirim,
35,São Paulo,3509,Araraquara,350036,Araraquara,06706,3506706,Boa Esperança do Sul,
35,São Paulo,3503,Bauru,350010,Jaú,06805,3506805,Bocaina,
35,São Paulo,3503,Bauru,350011,Botucatu,06904,3506904,Bofete,
35,São Paulo,3502,Sorocaba,350003,Sorocaba,07001,3507001,Boituva,
35,São Paulo,3510,Campinas,350041,Bragança Paulista,07100,3507100,Bom Jesus dos Perdões,
35,São Paulo,3502,Sorocaba,350004,Itapeva,07159,3507159,Bom Sucesso de Itararé,
35,São Paulo,3504,Marília,350014,Assis,07209,3507209,Borá,
35,São Paulo,3503,Bauru,350010,Jaú,07308,3507308,Boracéia,
35,São Paulo,3509,Araraquara,350036,Araraquara,07407,3507407,Borborema,
35,São Paulo,3503,Bauru,350009,Bauru,07456,3507456,Borebi,
35,São Paulo,3503,Bauru,350011,Botucatu,07506,3507506,Botucatu,
35,São Paulo,3510,Campinas,350041,Bragança Paulista,07605,3507605,Bragança Paulista,
35,São Paulo,3506,Araçatuba,350023,Birigui - Penápolis,07704,3507704,Braúna,
35,São Paulo,3506,Araçatuba,350023,Birigui - Penápolis,07753,3507753,Brejo Alegre,
35,São Paulo,3508,Ribeirão Preto,350031,Ribeirão Preto,07803,3507803,Brodowski,
35,São Paulo,3503,Bauru,350010,Jaú,07902,3507902,Brotas,
35,São Paulo,3502,Sorocaba,350004,Itapeva,08009,3508009,Buri,
35,São Paulo,3506,Araçatuba,350023,Birigui - Penápolis,08108,3508108,Buritama,
35,São Paulo,3508,Ribeirão Preto,350035,Ituverava,08207,3508207,Buritizal,
35,São Paulo,3503,Bauru,350009,Bauru,08306,3508306,Cabrália Paulista,
35,São Paulo,3510,Campinas,350039,Jundiaí,08405,3508405,Cabreúva,
35,São Paulo,3511,São José dos Campos,350049,São José dos Campos,08504,3508504,Caçapava,
35,São Paulo,3511,São José dos Campos,350053,Cruzeiro,08603,3508603,Cachoeira Paulista,
35,São Paulo,3510,Campinas,350047,São José do Rio Pardo - Mococa,08702,3508702,Caconde,
35,São Paulo,3503,Bauru,350012,Lins,08801,3508801,Cafelândia,
35,São Paulo,3505,Presidente Prudente,350018,Presidente Prudente,08900,3508900,Caiabu,
35,São Paulo,3501,São Paulo,350001,São Paulo,09007,3509007,Caieiras,
35,São Paulo,3505,Presidente Prudente,350021,Presidente Epitácio-Presidente Venceslau,09106,3509106,Caiuá,
35,São Paulo,3501,São Paulo,350001,São Paulo,09205,3509205,Cajamar,
35,São Paulo,3502,Sorocaba,350005,Registro,09254,3509254,Cajati,
35,São Paulo,3508,Ribeirão Preto,350032,Barretos,09304,3509304,Cajobi,
35,São Paulo,3508,Ribeirão Preto,350031,Ribeirão Preto,09403,3509403,Cajuru,
35,São Paulo,3502,Sorocaba,350006,Itapetininga,09452,3509452,Campina do Monte Alegre,
35,São Paulo,3510,Campinas,350038,Campinas,09502,3509502,Campinas,
35,São Paulo,3510,Campinas,350039,Jundiaí,09601,3509601,Campo Limpo Paulista,
35,São Paulo,3511,São José dos Campos,350050,Taubaté - Pindamonhangaba,09700,3509700,Campos do Jordão,
35,São Paulo,3504,Marília,350013,Marília,09809,3509809,Campos Novos Paulista,
35,São Paulo,3502,Sorocaba,350005,Registro,09908,3509908,Cananéia,
35,São Paulo,3511,São José dos Campos,350052,Guaratinguetá,09957,3509957,Canas,
35,São Paulo,3504,Marília,350014,Assis,10005,3510005,Cândido Mota,
35,São Paulo,3509,Araraquara,350036,Araraquara,10104,3510104,Cândido Rodrigues,
35,São Paulo,3504,Marília,350015,Ourinhos,10153,3510153,Canitar,
35,São Paulo,3502,Sorocaba,350004,Itapeva,10203,3510203,Capão Bonito,
35,São Paulo,3502,Sorocaba,350003,Sorocaba,10302,3510302,Capela do Alto,
35,São Paulo,3510,Campinas,350040,Piracicaba,10401,3510401,Capivari,
35,São Paulo,3511,São José dos Campos,350051,Caraguatatuba - Ubatuba - São Sebastião,10500,3510500,Caraguatatuba,
35,São Paulo,3501,São Paulo,350001,São Paulo,10609,3510609,Carapicuíba,
35,São Paulo,3507,São José do Rio Preto,350027,Votuporanga,10708,3510708,Cardoso,
35,São Paulo,3510,Campinas,350044,São João da Boa Vista,10807,3510807,Casa Branca,
35,São Paulo,3508,Ribeirão Preto,350031,Ribeirão Preto,10906,3510906,Cássia dos Coqueiros,
35,São Paulo,3506,Araçatuba,350024,Andradina,11003,3511003,Castilho,
35,São Paulo,3507,São José do Rio Preto,350026,Catanduva,11102,3511102,Catanduva,
35,São Paulo,3507,São José do Rio Preto,350026,Catanduva,11201,3511201,Catiguá,
35,São Paulo,3507,São José do Rio Preto,350025,São José do Rio Preto,11300,3511300,Cedral,
35,São Paulo,3502,Sorocaba,350007,Avaré,11409,3511409,Cerqueira César,
35,São Paulo,3502,Sorocaba,350003,Sorocaba,11508,3511508,Cerquilho,
35,São Paulo,3502,Sorocaba,350008,Tatuí,11607,3511607,Cesário Lange,
35,São Paulo,3510,Campinas,350040,Piracicaba,11706,3511706,Charqueada,
35,São Paulo,3504,Marília,350015,Ourinhos,57204,3557204,Chavantes,
35,São Paulo,3506,Araçatuba,350023,Birigui - Penápolis,11904,3511904,Clementina,
35,São Paulo,3508,Ribeirão Preto,350032,Barretos,12001,3512001,Colina,
35,São Paulo,3508,Ribeirão Preto,350032,Barretos,12100,3512100,Colômbia,
35,São Paulo,3510,Campinas,350045,Araras,12209,3512209,Conchal,
35,São Paulo,3503,Bauru,350011,Botucatu,12308,3512308,Conchas,
35,São Paulo,3510,Campinas,350042,Limeira,12407,3512407,Cordeirópolis,
35,São Paulo,3506,Araçatuba,350023,Birigui - Penápolis,12506,3512506,Coroados,
35,São Paulo,3502,Sorocaba,350007,Avaré,12605,3512605,Coronel Macedo,
35,São Paulo,3510,Campinas,350046,Rio Claro,12704,3512704,Corumbataí,
35,São Paulo,3510,Campinas,350038,Campinas,12803,3512803,Cosmópolis,
35,São Paulo,3507,São José do Rio Preto,350027,Votuporanga,12902,3512902,Cosmorama,
35,São Paulo,3501,São Paulo,350001,São Paulo,13009,3513009,Cotia,
35,São Paulo,3508,Ribeirão Preto,350031,Ribeirão Preto,13108,3513108,Cravinhos,
35,São Paulo,3508,Ribeirão Preto,350033,Franca,13207,3513207,Cristais Paulista,
35,São Paulo,3504,Marília,350014,Assis,13306,3513306,Cruzália,
35,São Paulo,3511,São José dos Campos,350053,Cruzeiro,13405,3513405,Cruzeiro,
35,São Paulo,3501,São Paulo,350002,Santos,13504,3513504,Cubatão,
35,São Paulo,3511,São José dos Campos,350052,Guaratinguetá,13603,3513603,Cunha,
35,São Paulo,3509,Araraquara,350037,São Carlos,13702,3513702,Descalvado,
35,São Paulo,3501,São Paulo,350001,São Paulo,13801,3513801,Diadema,
35,São Paulo,3507,São José do Rio Preto,350028,Jales,13850,3513850,Dirce Reis,
35,São Paulo,3510,Campinas,350047,São José do Rio Pardo - Mococa,13900,3513900,Divinolândia,
35,São Paulo,3509,Araraquara,350036,Araraquara,14007,3514007,Dobrada,
35,São Paulo,3503,Bauru,350010,Jaú,14106,3514106,Dois Córregos,
35,São Paulo,3507,São José do Rio Preto,350028,Jales,14205,3514205,Dolcinópolis,
35,São Paulo,3509,Araraquara,350037,São Carlos,14304,3514304,Dourado,
35,São Paulo,3505,Presidente Prudente,350020,Dracena,14403,3514403,Dracena,
35,São Paulo,3503,Bauru,350009,Bauru,14502,3514502,Duartina,
35,São Paulo,3508,Ribeirão Preto,350031,Ribeirão Preto,14601,3514601,Dumont,
35,São Paulo,3504,Marília,350013,Marília,14700,3514700,Echaporã,
35,São Paulo,3502,Sorocaba,350005,Registro,14809,3514809,Eldorado,
35,São Paulo,3510,Campinas,350038,Campinas,14908,3514908,Elias Fausto,
35,São Paulo,3507,São José do Rio Preto,350026,Catanduva,14924,3514924,Elisiário,
35,São Paulo,3507,São José do Rio Preto,350026,Catanduva,14957,3514957,Embaúba,
35,São Paulo,3501,São Paulo,350001,São Paulo,15004,3515004,Embu das Artes,
35,São Paulo,3501,São Paulo,350001,São Paulo,15103,3515103,Embu-Guaçu,
35,São Paulo,3505,Presidente Prudente,350018,Presidente Prudente,15129,3515129,Emilianópolis,
35,São Paulo,3510,Campinas,350042,Limeira,15152,3515152,Engenheiro Coelho,
35,São Paulo,3510,Campinas,350044,São João da Boa Vista,15186,3515186,Espírito Santo do Pinhal,
35,São Paulo,3504,Marília,350015,Ourinhos,15194,3515194,Espírito Santo do Turvo,
35,São Paulo,3510,Campinas,350043,Mogi Guaçu,57303,3557303,Estiva Gerbi,
35,São Paulo,3505,Presidente Prudente,350018,Presidente Prudente,15301,3515301,Estrela do Norte,
35,São Paulo,3507,São José do Rio Preto,350029,Fernandópolis,15202,3515202,Estrela d'Oeste,
35,São Paulo,3505,Presidente Prudente,350018,Presidente Prudente,15350,3515350,Euclides da Cunha Paulista,
35,São Paulo,3504,Marília,350017,Piraju,15400,3515400,Fartura,
35,São Paulo,3507,São José do Rio Preto,350026,Catanduva,15608,3515608,Fernando Prestes,
35,São Paulo,3507,São José do Rio Preto,350029,Fernandópolis,15509,3515509,Fernandópolis,
35,São Paulo,3504,Marília,350013,Marília,15657,3515657,Fernão,
35,São Paulo,3501,São Paulo,350001,São Paulo,15707,3515707,Ferraz de Vasconcelos,
35,São Paulo,3505,Presidente Prudente,350020,Dracena,15806,3515806,Flora Rica,
35,São Paulo,3507,São José do Rio Preto,350027,Votuporanga,15905,3515905,Floreal,
35,São Paulo,3505,Presidente Prudente,350019,Adamantina - Lucélia,16002,3516002,Flórida Paulista,
35,São Paulo,3504,Marília,350014,Assis,16101,3516101,Florínea,
35,São Paulo,3508,Ribeirão Preto,350033,Franca,16200,3516200,Franca,
35,São Paulo,3501,São Paulo,350001,São Paulo,16309,3516309,Francisco Morato,
35,São Paulo,3501,São Paulo,350001,São Paulo,16408,3516408,Franco da Rocha,
35,São Paulo,3506,Araçatuba,350023,Birigui - Penápolis,16507,3516507,Gabriel Monteiro,
35,São Paulo,3504,Marília,350013,Marília,16606,3516606,Gália,
35,São Paulo,3504,Marília,350013,Marília,16705,3516705,Garça,
35,São Paulo,3506,Araçatuba,350022,Araçatuba,16804,3516804,Gastão Vidigal,
35,São Paulo,3509,Araraquara,350036,Araraquara,16853,3516853,Gavião Peixoto,
35,São Paulo,3506,Araçatuba,350022,Araçatuba,16903,3516903,General Salgado,
35,São Paulo,3504,Marília,350013,Marília,17000,3517000,Getulina,
35,São Paulo,3506,Araçatuba,350023,Birigui - Penápolis,17109,3517109,Glicério,
35,São Paulo,3503,Bauru,350012,Lins,17208,3517208,Guaiçara,
35,São Paulo,3504,Marília,350013,Marília,17307,3517307,Guaimbê,
35,São Paulo,3508,Ribeirão Preto,350032,Barretos,17406,3517406,Guaíra,
35,São Paulo,3507,São José do Rio Preto,350025,São José do Rio Preto,17505,3517505,Guapiaçu,
35,São Paulo,3502,Sorocaba,350004,Itapeva,17604,3517604,Guapiara,
35,São Paulo,3508,Ribeirão Preto,350035,Ituverava,17703,3517703,Guará,
35,São Paulo,3506,Araçatuba,350024,Andradina,17802,3517802,Guaraçaí,
35,São Paulo,3508,Ribeirão Preto,350032,Barretos,17901,3517901,Guaraci,
35,São Paulo,3507,São José do Rio Preto,350029,Fernandópolis,18008,3518008,Guarani d'Oeste,
35,São Paulo,3503,Bauru,350012,Lins,18107,3518107,Guarantã,
35,São Paulo,3506,Araçatuba,350022,Araçatuba,18206,3518206,Guararapes,
35,São Paulo,3501,São Paulo,350001,São Paulo,18305,3518305,Guararema,
35,São Paulo,3511,São José dos Campos,350052,Guaratinguetá,18404,3518404,Guaratinguetá,
35,São Paulo,3502,Sorocaba,350006,Itapetininga,18503,3518503,Guareí,
35,São Paulo,3508,Ribeirão Preto,350031,Ribeirão Preto,18602,3518602,Guariba,
35,São Paulo,3501,São Paulo,350002,Santos,18701,3518701,Guarujá,
35,São Paulo,3501,São Paulo,350001,São Paulo,18800,3518800,Guarulhos,
35,São Paulo,3508,Ribeirão Preto,350031,Ribeirão Preto,18859,3518859,Guatapará,
35,São Paulo,3506,Araçatuba,350022,Araçatuba,18909,3518909,Guzolândia,
35,São Paulo,3504,Marília,350016,Tupã,19006,3519006,Herculândia,
35,São Paulo,3510,Campinas,350038,Campinas,19055,3519055,Holambra,
35,São Paulo,3510,Campinas,350038,Campinas,19071,3519071,Hortolândia,
35,São Paulo,3503,Bauru,350009,Bauru,19105,3519105,Iacanga,
35,São Paulo,3504,Marília,350016,Tupã,19204,3519204,Iacri,
35,São Paulo,3502,Sorocaba,350007,Avaré,19253,3519253,Iaras,
35,São Paulo,3509,Araraquara,350037,São Carlos,19303,3519303,Ibaté,
35,São Paulo,3507,São José do Rio Preto,350025,São José do Rio Preto,19402,3519402,Ibirá,
35,São Paulo,3504,Marília,350015,Ourinhos,19501,3519501,Ibirarema,
35,São Paulo,3509,Araraquara,350036,Araraquara,19600,3519600,Ibitinga,
35,São Paulo,3502,Sorocaba,350003,Sorocaba,19709,3519709,Ibiúna,
35,São Paulo,3507,São José do Rio Preto,350025,São José do Rio Preto,19808,3519808,Icém,
35,São Paulo,3505,Presidente Prudente,350018,Presidente Prudente,19907,3519907,Iepê,
35,São Paulo,3503,Bauru,350010,Jaú,20004,3520004,Igaraçu do Tietê,
35,São Paulo,3508,Ribeirão Preto,350035,Ituverava,20103,3520103,Igarapava,
35,São Paulo,3511,São José dos Campos,350049,São José dos Campos,20202,3520202,Igaratá,
35,São Paulo,3502,Sorocaba,350005,Registro,20301,3520301,Iguape,
35,São Paulo,3502,Sorocaba,350005,Registro,20426,3520426,Ilha Comprida,
35,São Paulo,3506,Araçatuba,350024,Andradina,20442,3520442,Ilha Solteira,
35,São Paulo,3511,São José dos Campos,350051,Caraguatatuba - Ubatuba - São Sebastião,20400,3520400,Ilhabela,
35,São Paulo,3510,Campinas,350038,Campinas,20509,3520509,Indaiatuba,
35,São Paulo,3505,Presidente Prudente,350018,Presidente Prudente,20608,3520608,Indiana,
35,São Paulo,3507,São José do Rio Preto,350029,Fernandópolis,20707,3520707,Indiaporã,
35,São Paulo,3505,Presidente Prudente,350019,Adamantina - Lucélia,20806,3520806,Inúbia Paulista,
35,São Paulo,3504,Marília,350015,Ourinhos,20905,3520905,Ipaussu,
35,São Paulo,3502,Sorocaba,350003,Sorocaba,21002,3521002,Iperó,
35,São Paulo,3510,Campinas,350046,Rio Claro,21101,3521101,Ipeúna,
35,São Paulo,3507,São José do Rio Preto,350025,São José do Rio Preto,21150,3521150,Ipiguá,
35,São Paulo,3502,Sorocaba,350005,Registro,21200,3521200,Iporanga,
35,São Paulo,3508,Ribeirão Preto,350034,São Joaquim da Barra ¿ Orlândia,21309,3521309,Ipuã,
35,São Paulo,3510,Campinas,350042,Limeira,21408,3521408,Iracemápolis,
35,São Paulo,3507,São José do Rio Preto,350025,São José do Rio Preto,21507,3521507,Irapuã,
35,São Paulo,3505,Presidente Prudente,350020,Dracena,21606,3521606,Irapuru,
35,São Paulo,3502,Sorocaba,350004,Itapeva,21705,3521705,Itaberá,
35,São Paulo,3502,Sorocaba,350007,Avaré,21804,3521804,Itaí,
35,São Paulo,3507,São José do Rio Preto,350026,Catanduva,21903,3521903,Itajobi,
35,São Paulo,3503,Bauru,350010,Jaú,22000,3522000,Itaju,
35,São Paulo,3501,São Paulo,350002,Santos,22109,3522109,Itanhaém,
35,São Paulo,3502,Sorocaba,350004,Itapeva,22158,3522158,Itaoca,
35,São Paulo,3501,São Paulo,350001,São Paulo,22208,3522208,Itapecerica da Serra,
35,São Paulo,3502,Sorocaba,350006,Itapetininga,22307,3522307,Itapetininga,
35,São Paulo,3502,Sorocaba,350004,Itapeva,22406,3522406,Itapeva,
35,São Paulo,3501,São Paulo,350001,São Paulo,22505,3522505,Itapevi,
35,São Paulo,3510,Campinas,350043,Mogi Guaçu,22604,3522604,Itapira,
35,São Paulo,3502,Sorocaba,350004,Itapeva,22653,3522653,Itapirapuã Paulista,
35,São Paulo,3509,Araraquara,350036,Araraquara,22703,3522703,Itápolis,
35,São Paulo,3502,Sorocaba,350004,Itapeva,22802,3522802,Itaporanga,
35,São Paulo,3503,Bauru,350010,Jaú,22901,3522901,Itapuí,
35,São Paulo,3506,Araçatuba,350024,Andradina,23008,3523008,Itapura,
35,São Paulo,3501,São Paulo,350001,São Paulo,23107,3523107,Itaquaquecetuba,
35,São Paulo,3502,Sorocaba,350004,Itapeva,23206,3523206,Itararé,
35,São Paulo,3501,São Paulo,350002,Santos,23305,3523305,Itariri,
35,São Paulo,3510,Campinas,350039,Jundiaí,23404,3523404,Itatiba,
35,São Paulo,3503,Bauru,350011,Botucatu,23503,3523503,Itatinga,
35,São Paulo,3509,Araraquara,350037,São Carlos,23602,3523602,Itirapina,
35,São Paulo,3508,Ribeirão Preto,350033,Franca,23701,3523701,Itirapuã,
35,São Paulo,3510,Campinas,350047,São José do Rio Pardo - Mococa,23800,3523800,Itobi,
35,São Paulo,3502,Sorocaba,350003,Sorocaba,23909,3523909,Itu,
35,São Paulo,3510,Campinas,350039,Jundiaí,24006,3524006,Itupeva,
35,São Paulo,3508,Ribeirão Preto,350035,Ituverava,24105,3524105,Ituverava,
35,São Paulo,3508,Ribeirão Preto,350032,Barretos,24204,3524204,Jaborandi,
35,São Paulo,3508,Ribeirão Preto,350031,Ribeirão Preto,24303,3524303,Jaboticabal,
35,São Paulo,3511,São José dos Campos,350049,São José dos Campos,24402,3524402,Jacareí,
35,São Paulo,3507,São José do Rio Preto,350025,São José do Rio Preto,24501,3524501,Jaci,
35,São Paulo,3502,Sorocaba,350005,Registro,24600,3524600,Jacupiranga,
35,São Paulo,3510,Campinas,350038,Campinas,24709,3524709,Jaguariúna,
35,São Paulo,3507,São José do Rio Preto,350028,Jales,24808,3524808,Jales,
35,São Paulo,3511,São José dos Campos,350049,São José dos Campos,24907,3524907,Jambeiro,
35,São Paulo,3501,São Paulo,350001,São Paulo,25003,3525003,Jandira,
35,São Paulo,3508,Ribeirão Preto,350031,Ribeirão Preto,25102,3525102,Jardinópolis,
35,São Paulo,3510,Campinas,350039,Jundiaí,25201,3525201,Jarinu,
35,São Paulo,3503,Bauru,350010,Jaú,25300,3525300,Jaú,
35,São Paulo,3508,Ribeirão Preto,350033,Franca,25409,3525409,Jeriquara,
35,São Paulo,3510,Campinas,350041,Bragança Paulista,25508,3525508,Joanópolis,
35,São Paulo,3505,Presidente Prudente,350018,Presidente Prudente,25607,3525607,João Ramalho,
35,São Paulo,3507,São José do Rio Preto,350025,São José do Rio Preto,25706,3525706,José Bonifácio,
35,São Paulo,3504,Marília,350013,Marília,25805,3525805,Júlio Mesquita,
35,São Paulo,3502,Sorocaba,350003,Sorocaba,25854,3525854,Jumirim,
35,São Paulo,3510,Campinas,350039,Jundiaí,25904,3525904,Jundiaí,
35,São Paulo,3505,Presidente Prudente,350020,Dracena,26001,3526001,Junqueirópolis,
35,São Paulo,3502,Sorocaba,350005,Registro,26100,3526100,Juquiá,
35,São Paulo,3501,São Paulo,350001,São Paulo,26209,3526209,Juquitiba,
35,São Paulo,3511,São José dos Campos,350050,Taubaté - Pindamonhangaba,26308,3526308,Lagoinha,
35,São Paulo,3510,Campinas,350040,Piracicaba,26407,3526407,Laranjal Paulista,
35,São Paulo,3506,Araçatuba,350024,Andradina,26506,3526506,Lavínia,
35,São Paulo,3511,São José dos Campos,350053,Cruzeiro,26605,3526605,Lavrinhas,
35,São Paulo,3510,Campinas,350045,Araras,26704,3526704,Leme,
35,São Paulo,3503,Bauru,350009,Bauru,26803,3526803,Lençóis Paulista,
35,São Paulo,3510,Campinas,350042,Limeira,26902,3526902,Limeira,
35,São Paulo,3510,Campinas,350048,Amparo,27009,3527009,Lindóia,
35,São Paulo,3503,Bauru,350012,Lins,27108,3527108,Lins,
35,São Paulo,3511,São José dos Campos,350052,Guaratinguetá,27207,3527207,Lorena,
35,São Paulo,3506,Araçatuba,350023,Birigui - Penápolis,27256,3527256,Lourdes,
35,São Paulo,3510,Campinas,350039,Jundiaí,27306,3527306,Louveira,
35,São Paulo,3505,Presidente Prudente,350019,Adamantina - Lucélia,27405,3527405,Lucélia,
35,São Paulo,3503,Bauru,350009,Bauru,27504,3527504,Lucianópolis,
35,São Paulo,3508,Ribeirão Preto,350031,Ribeirão Preto,27603,3527603,Luís Antônio,
35,São Paulo,3506,Araçatuba,350023,Birigui - Penápolis,27702,3527702,Luiziânia,
35,São Paulo,3504,Marília,350013,Marília,27801,3527801,Lupércio,
35,São Paulo,3504,Marília,350014,Assis,27900,3527900,Lutécia,
35,São Paulo,3503,Bauru,350009,Bauru,28007,3528007,Macatuba,
35,São Paulo,3507,São José do Rio Preto,350025,São José do Rio Preto,28106,3528106,Macaubal,
35,São Paulo,3507,São José do Rio Preto,350029,Fernandópolis,28205,3528205,Macedônia,
35,São Paulo,3506,Araçatuba,350022,Araçatuba,28304,3528304,Magda,
35,São Paulo,3502,Sorocaba,350003,Sorocaba,28403,3528403,Mairinque,
35,São Paulo,3501,São Paulo,350001,São Paulo,28502,3528502,Mairiporã,
35,São Paulo,3502,Sorocaba,350007,Avaré,28601,3528601,Manduri,
35,São Paulo,3505,Presidente Prudente,350021,Presidente Epitácio-Presidente Venceslau,28700,3528700,Marabá Paulista,
35,São Paulo,3504,Marília,350014,Assis,28809,3528809,Maracaí,
35,São Paulo,3507,São José do Rio Preto,350026,Catanduva,28858,3528858,Marapoama,
35,São Paulo,3505,Presidente Prudente,350019,Adamantina - Lucélia,28908,3528908,Mariápolis,
35,São Paulo,3504,Marília,350013,Marília,29005,3529005,Marília,
35,São Paulo,3507,São José do Rio Preto,350028,Jales,29104,3529104,Marinópolis,
35,São Paulo,3505,Presidente Prudente,350018,Presidente Prudente,29203,3529203,Martinópolis,
35,São Paulo,3509,Araraquara,350036,Araraquara,29302,3529302,Matão,
35,São Paulo,3501,São Paulo,350001,São Paulo,29401,3529401,Mauá,
35,São Paulo,3507,São José do Rio Preto,350025,São José do Rio Preto,29500,3529500,Mendonça,
35,São Paulo,3507,São José do Rio Preto,350029,Fernandópolis,29609,3529609,Meridiano,
35,São Paulo,3507,São José do Rio Preto,350028,Jales,29658,3529658,Mesópolis,
35,São Paulo,3508,Ribeirão Preto,350035,Ituverava,29708,3529708,Miguelópolis,
35,São Paulo,3503,Bauru,350010,Jaú,29807,3529807,Mineiros do Tietê,
35,São Paulo,3507,São José do Rio Preto,350029,Fernandópolis,30003,3530003,Mira Estrela,
35,São Paulo,3502,Sorocaba,350005,Registro,29906,3529906,Miracatu,
35,São Paulo,3506,Araçatuba,350024,Andradina,30102,3530102,Mirandópolis,
35,São Paulo,3505,Presidente Prudente,350018,Presidente Prudente,30201,3530201,Mirante do Paranapanema,
35,São Paulo,3507,São José do Rio Preto,350025,São José do Rio Preto,30300,3530300,Mirassol,
35,São Paulo,3507,São José do Rio Preto,350025,São José do Rio Preto,30409,3530409,Mirassolândia,
35,São Paulo,3510,Campinas,350047,São José do Rio Pardo - Mococa,30508,3530508,Mococa,
35,São Paulo,3501,São Paulo,350001,São Paulo,30607,3530607,Mogi das Cruzes,
35,São Paulo,3510,Campinas,350043,Mogi Guaçu,30706,3530706,Mogi Guaçu,
35,São Paulo,3510,Campinas,350043,Mogi Guaçu,30805,3530805,Mogi Mirim,
35,São Paulo,3510,Campinas,350040,Piracicaba,30904,3530904,Mombuca,
35,São Paulo,3506,Araçatuba,350022,Araçatuba,31001,3531001,Monções,
35,São Paulo,3501,São Paulo,350002,Santos,31100,3531100,Mongaguá,
35,São Paulo,3510,Campinas,350048,Amparo,31209,3531209,Monte Alegre do Sul,
35,São Paulo,3508,Ribeirão Preto,350031,Ribeirão Preto,31308,3531308,Monte Alto,
35,São Paulo,3507,São José do Rio Preto,350025,São José do Rio Preto,31407,3531407,Monte Aprazível,
35,São Paulo,3508,Ribeirão Preto,350032,Barretos,31506,3531506,Monte Azul Paulista,
35,São Paulo,3505,Presidente Prudente,350020,Dracena,31605,3531605,Monte Castelo,
35,São Paulo,3510,Campinas,350038,Campinas,31803,3531803,Monte Mor,
35,São Paulo,3511,São José dos Campos,350049,São José dos Campos,31704,3531704,Monteiro Lobato,
35,São Paulo,3508,Ribeirão Preto,350034,São Joaquim da Barra ¿ Orlândia,31902,3531902,Morro Agudo,
35,São Paulo,3510,Campinas,350039,Jundiaí,32009,3532009,Morungaba,
35,São Paulo,3509,Araraquara,350036,Araraquara,32058,3532058,Motuca,
35,São Paulo,3506,Araçatuba,350024,Andradina,32108,3532108,Murutinga do Sul,
35,São Paulo,3505,Presidente Prudente,350018,Presidente Prudente,32157,3532157,Nantes,
35,São Paulo,3505,Presidente Prudente,350018,Presidente Prudente,32207,3532207,Narandiba,
35,São Paulo,3511,São José dos Campos,350050,Taubaté - Pindamonhangaba,32306,3532306,Natividade da Serra,
35,São Paulo,3510,Campinas,350041,Bragança Paulista,32405,3532405,Nazaré Paulista,
35,São Paulo,3507,São José do Rio Preto,350025,São José do Rio Preto,32504,3532504,Neves Paulista,
35,São Paulo,3507,São José do Rio Preto,350027,Votuporanga,32603,3532603,Nhandeara,
35,São Paulo,3507,São José do Rio Preto,350025,São José do Rio Preto,32702,3532702,Nipoã,
35,São Paulo,3507,São José do Rio Preto,350025,São José do Rio Preto,32801,3532801,Nova Aliança,
35,São Paulo,3502,Sorocaba,350004,Itapeva,32827,3532827,Nova Campina,
35,São Paulo,3507,São José do Rio Preto,350030,Santa Fé do Sul,32843,3532843,Nova Canaã Paulista,
35,São Paulo,3506,Araçatuba,350022,Araçatuba,32868,3532868,Nova Castilho,
35,São Paulo,3509,Araraquara,350036,Araraquara,32900,3532900,Nova Europa,
35,São Paulo,3507,São José do Rio Preto,350025,São José do Rio Preto,33007,3533007,Nova Granada,
35,São Paulo,3505,Presidente Prudente,350020,Dracena,33106,3533106,Nova Guataporanga,
35,São Paulo,3506,Araçatuba,350024,Andradina,33205,3533205,Nova Independência,
35,São Paulo,3506,Araçatuba,350022,Araçatuba,33304,3533304,Nova Luzitânia,
35,São Paulo,3510,Campinas,350038,Campinas,33403,3533403,Nova Odessa,
35,São Paulo,3507,São José do Rio Preto,350026,Catanduva,33254,3533254,Novais,
35,São Paulo,3507,São José do Rio Preto,350025,São José do Rio Preto,33502,3533502,Novo Horizonte,
35,São Paulo,3508,Ribeirão Preto,350034,São Joaquim da Barra ¿ Orlândia,33601,3533601,Nuporanga,
35,São Paulo,3504,Marília,350013,Marília,33700,3533700,Ocauçu,
35,São Paulo,3502,Sorocaba,350007,Avaré,33809,3533809,Óleo,
35,São Paulo,3508,Ribeirão Preto,350032,Barretos,33908,3533908,Olímpia,
35,São Paulo,3507,São José do Rio Preto,350025,São José do Rio Preto,34005,3534005,Onda Verde,
35,São Paulo,3504,Marília,350013,Marília,34104,3534104,Oriente,
35,São Paulo,3507,São José do Rio Preto,350025,São José do Rio Preto,34203,3534203,Orindiúva,
35,São Paulo,3508,Ribeirão Preto,350034,São Joaquim da Barra ¿ Orlândia,34302,3534302,Orlândia,
35,São Paulo,3501,São Paulo,350001,São Paulo,34401,3534401,Osasco,
35,São Paulo,3504,Marília,350013,Marília,34500,3534500,Oscar Bressane,
35,São Paulo,3505,Presidente Prudente,350019,Adamantina - Lucélia,34609,3534609,Osvaldo Cruz,
35,São Paulo,3504,Marília,350015,Ourinhos,34708,3534708,Ourinhos,
35,São Paulo,3505,Presidente Prudente,350020,Dracena,34807,3534807,Ouro Verde,
35,São Paulo,3507,São José do Rio Preto,350029,Fernandópolis,34757,3534757,Ouroeste,
35,São Paulo,3505,Presidente Prudente,350019,Adamantina - Lucélia,34906,3534906,Pacaembu,
35,São Paulo,3507,São José do Rio Preto,350025,São José do Rio Preto,35002,3535002,Palestina,
35,São Paulo,3507,São José do Rio Preto,350026,Catanduva,35101,3535101,Palmares Paulista,
35,São Paulo,3507,São José do Rio Preto,350028,Jales,35200,3535200,Palmeira d'Oeste,
35,São Paulo,3504,Marília,350014,Assis,35309,3535309,Palmital,
35,São Paulo,3505,Presidente Prudente,350020,Dracena,35408,3535408,Panorama,
35,São Paulo,3504,Marília,350014,Assis,35507,3535507,Paraguaçu Paulista,
35,São Paulo,3511,São José dos Campos,350049,São José dos Campos,35606,3535606,Paraibuna,
35,São Paulo,3507,São José do Rio Preto,350026,Catanduva,35705,3535705,Paraíso,
35,São Paulo,3502,Sorocaba,350007,Avaré,35804,3535804,Paranapanema,
35,São Paulo,3507,São José do Rio Preto,350028,Jales,35903,3535903,Paranapuã,
35,São Paulo,3504,Marília,350016,Tupã,36000,3536000,Parapuã,
35,São Paulo,3503,Bauru,350011,Botucatu,36109,3536109,Pardinho,
35,São Paulo,3502,Sorocaba,350005,Registro,36208,3536208,Pariquera-Açu,
35,São Paulo,3507,São José do Rio Preto,350027,Votuporanga,36257,3536257,Parisi,
35,São Paulo,3508,Ribeirão Preto,350033,Franca,36307,3536307,Patrocínio Paulista,
35,São Paulo,3505,Presidente Prudente,350020,Dracena,36406,3536406,Paulicéia,
35,São Paulo,3510,Campinas,350038,Campinas,36505,3536505,Paulínia,
35,São Paulo,3503,Bauru,350009,Bauru,36570,3536570,Paulistânia,
35,São Paulo,3507,São José do Rio Preto,350025,São José do Rio Preto,36604,3536604,Paulo de Faria,
35,São Paulo,3503,Bauru,350009,Bauru,36703,3536703,Pederneiras,
35,São Paulo,3510,Campinas,350041,Bragança Paulista,36802,3536802,Pedra Bela,
35,São Paulo,3507,São José do Rio Preto,350029,Fernandópolis,36901,3536901,Pedranópolis,
35,São Paulo,3508,Ribeirão Preto,350033,Franca,37008,3537008,Pedregulho,
35,São Paulo,3510,Campinas,350038,Campinas,37107,3537107,Pedreira,
35,São Paulo,3504,Marília,350014,Assis,37156,3537156,Pedrinhas Paulista,
35,São Paulo,3501,São Paulo,350002,Santos,37206,3537206,Pedro de Toledo,
35,São Paulo,3506,Araçatuba,350023,Birigui - Penápolis,37305,3537305,Penápolis,
35,São Paulo,3506,Araçatuba,350024,Andradina,37404,3537404,Pereira Barreto,
35,São Paulo,3502,Sorocaba,350008,Tatuí,37503,3537503,Pereiras,
35,São Paulo,3501,São Paulo,350002,Santos,37602,3537602,Peruíbe,
35,São Paulo,3506,Araçatuba,350023,Birigui - Penápolis,37701,3537701,Piacatu,
35,São Paulo,3502,Sorocaba,350003,Sorocaba,37800,3537800,Piedade,
35,São Paulo,3502,Sorocaba,350003,Sorocaba,37909,3537909,Pilar do Sul,
35,São Paulo,3511,São José dos Campos,350050,Taubaté - Pindamonhangaba,38006,3538006,Pindamonhangaba,
35,São Paulo,3507,São José do Rio Preto,350026,Catanduva,38105,3538105,Pindorama,
35,São Paulo,3510,Campinas,350041,Bragança Paulista,38204,3538204,Pinhalzinho,
35,São Paulo,3505,Presidente Prudente,350021,Presidente Epitácio-Presidente Venceslau,38303,3538303,Piquerobi,
35,São Paulo,3511,São José dos Campos,350052,Guaratinguetá,38501,3538501,Piquete,
35,São Paulo,3510,Campinas,350041,Bragança Paulista,38600,3538600,Piracaia,
35,São Paulo,3510,Campinas,350040,Piracicaba,38709,3538709,Piracicaba,
35,São Paulo,3504,Marília,350017,Piraju,38808,3538808,Piraju,
35,São Paulo,3503,Bauru,350009,Bauru,38907,3538907,Pirajuí,
35,São Paulo,3507,São José do Rio Preto,350026,Catanduva,39004,3539004,Pirangi,
35,São Paulo,3501,São Paulo,350001,São Paulo,39103,3539103,Pirapora do Bom Jesus,
35,São Paulo,3505,Presidente Prudente,350018,Presidente Prudente,39202,3539202,Pirapozinho,
35,São Paulo,3509,Araraquara,350037,São Carlos,39301,3539301,Pirassununga,
35,São Paulo,3503,Bauru,350009,Bauru,39400,3539400,Piratininga,
35,São Paulo,3508,Ribeirão Preto,350031,Ribeirão Preto,39509,3539509,Pitangueiras,
35,São Paulo,3507,São José do Rio Preto,350025,São José do Rio Preto,39608,3539608,Planalto,
35,São Paulo,3504,Marília,350014,Assis,39707,3539707,Platina,
35,São Paulo,3501,São Paulo,350001,São Paulo,39806,3539806,Poá,
35,São Paulo,3507,São José do Rio Preto,350025,São José do Rio Preto,39905,3539905,Poloni,
35,São Paulo,3504,Marília,350013,Marília,40002,3540002,Pompéia,
35,São Paulo,3503,Bauru,350012,Lins,40101,3540101,Pongaí,
35,São Paulo,3508,Ribeirão Preto,350031,Ribeirão Preto,40200,3540200,Pontal,
35,São Paulo,3507,São José do Rio Preto,350028,Jales,40259,3540259,Pontalinda,
35,São Paulo,3507,São José do Rio Preto,350027,Votuporanga,40309,3540309,Pontes Gestal,
35,São Paulo,3507,São José do Rio Preto,350028,Jales,40408,3540408,Populina,
35,São Paulo,3502,Sorocaba,350008,Tatuí,40507,3540507,Porangaba,
35,São Paulo,3502,Sorocaba,350003,Sorocaba,40606,3540606,Porto Feliz,
35,São Paulo,3509,Araraquara,350037,São Carlos,40705,3540705,Porto Ferreira,
35,São Paulo,3511,São José dos Campos,350052,Guaratinguetá,40754,3540754,Potim,
35,São Paulo,3507,São José do Rio Preto,350025,São José do Rio Preto,40804,3540804,Potirendaba,
35,São Paulo,3505,Presidente Prudente,350019,Adamantina - Lucélia,40853,3540853,Pracinha,
35,São Paulo,3508,Ribeirão Preto,350031,Ribeirão Preto,40903,3540903,Pradópolis,
35,São Paulo,3501,São Paulo,350002,Santos,41000,3541000,Praia Grande,
35,São Paulo,3503,Bauru,350011,Botucatu,41059,3541059,Pratânia,
35,São Paulo,3503,Bauru,350009,Bauru,41109,3541109,Presidente Alves,
35,São Paulo,3505,Presidente Prudente,350018,Presidente Prudente,41208,3541208,Presidente Bernardes,
35,São Paulo,3505,Presidente Prudente,350021,Presidente Epitácio-Presidente Venceslau,41307,3541307,Presidente Epitácio,
35,São Paulo,3505,Presidente Prudente,350018,Presidente Prudente,41406,3541406,Presidente Prudente,
35,São Paulo,3505,Presidente Prudente,350021,Presidente Epitácio-Presidente Venceslau,41505,3541505,Presidente Venceslau,
35,São Paulo,3503,Bauru,350012,Lins,41604,3541604,Promissão,
35,São Paulo,3502,Sorocaba,350008,Tatuí,41653,3541653,Quadra,
35,São Paulo,3505,Presidente Prudente,350018,Presidente Prudente,41703,3541703,Quatá,
35,São Paulo,3504,Marília,350016,Tupã,41802,3541802,Queiroz,
35,São Paulo,3511,São José dos Campos,350053,Cruzeiro,41901,3541901,Queluz,
35,São Paulo,3504,Marília,350013,Marília,42008,3542008,Quintana,
35,São Paulo,3510,Campinas,350040,Piracicaba,42107,3542107,Rafard,
35,São Paulo,3505,Presidente Prudente,350018,Presidente Prudente,42206,3542206,Rancharia,
35,São Paulo,3511,São José dos Campos,350050,Taubaté - Pindamonhangaba,42305,3542305,Redenção da Serra,
35,São Paulo,3505,Presidente Prudente,350018,Presidente Prudente,42404,3542404,Regente Feijó,
35,São Paulo,3503,Bauru,350009,Bauru,42503,3542503,Reginópolis,
35,São Paulo,3502,Sorocaba,350005,Registro,42602,3542602,Registro,
35,São Paulo,3508,Ribeirão Preto,350033,Franca,42701,3542701,Restinga,
35,São Paulo,3502,Sorocaba,350004,Itapeva,42800,3542800,Ribeira,
35,São Paulo,3509,Araraquara,350037,São Carlos,42909,3542909,Ribeirão Bonito,
35,São Paulo,3502,Sorocaba,350004,Itapeva,43006,3543006,Ribeirão Branco,
35,São Paulo,3508,Ribeirão Preto,350033,Franca,43105,3543105,Ribeirão Corrente,
35,São Paulo,3504,Marília,350015,Ourinhos,43204,3543204,Ribeirão do Sul,
35,São Paulo,3505,Presidente Prudente,350018,Presidente Prudente,43238,3543238,Ribeirão dos Índios,
35,São Paulo,3502,Sorocaba,350004,Itapeva,43253,3543253,Ribeirão Grande,
35,São Paulo,3501,São Paulo,350001,São Paulo,43303,3543303,Ribeirão Pires,
35,São Paulo,3508,Ribeirão Preto,350031,Ribeirão Preto,43402,3543402,Ribeirão Preto,
35,São Paulo,3508,Ribeirão Preto,350033,Franca,43600,3543600,Rifaina,
35,São Paulo,3509,Araraquara,350036,Araraquara,43709,3543709,Rincão,
35,São Paulo,3504,Marília,350016,Tupã,43808,3543808,Rinópolis,
35,São Paulo,3510,Campinas,350046,Rio Claro,43907,3543907,Rio Claro,
35,São Paulo,3510,Campinas,350040,Piracicaba,44004,3544004,Rio das Pedras,
35,São Paulo,3501,São Paulo,350001,São Paulo,44103,3544103,Rio Grande da Serra,
35,São Paulo,3507,São José do Rio Preto,350027,Votuporanga,44202,3544202,Riolândia,
35,São Paulo,3502,Sorocaba,350004,Itapeva,43501,3543501,Riversul,
35,São Paulo,3505,Presidente Prudente,350018,Presidente Prudente,44251,3544251,Rosana,
35,São Paulo,3511,São José dos Campos,350052,Guaratinguetá,44301,3544301,Roseira,
35,São Paulo,3506,Araçatuba,350022,Araçatuba,44400,3544400,Rubiácea,
35,São Paulo,3507,São José do Rio Preto,350030,Santa Fé do Sul,44509,3544509,Rubinéia,
35,São Paulo,3503,Bauru,350012,Lins,44608,3544608,Sabino,
35,São Paulo,3505,Presidente Prudente,350019,Adamantina - Lucélia,44707,3544707,Sagres,
35,São Paulo,3507,São José do Rio Preto,350025,São José do Rio Preto,44806,3544806,Sales,
35,São Paulo,3508,Ribeirão Preto,350034,São Joaquim da Barra ¿ Orlândia,44905,3544905,Sales Oliveira,
35,São Paulo,3501,São Paulo,350001,São Paulo,45001,3545001,Salesópolis,
35,São Paulo,3505,Presidente Prudente,350019,Adamantina - Lucélia,45100,3545100,Salmourão,
35,São Paulo,3510,Campinas,350040,Piracicaba,45159,3545159,Saltinho,
35,São Paulo,3502,Sorocaba,350003,Sorocaba,45209,3545209,Salto,
35,São Paulo,3502,Sorocaba,350003,Sorocaba,45308,3545308,Salto de Pirapora,
35,São Paulo,3504,Marília,350015,Ourinhos,45407,3545407,Salto Grande,
35,São Paulo,3505,Presidente Prudente,350018,Presidente Prudente,45506,3545506,Sandovalina,
35,São Paulo,3507,São José do Rio Preto,350026,Catanduva,45605,3545605,Santa Adélia,
35,São Paulo,3507,São José do Rio Preto,350028,Jales,45704,3545704,Santa Albertina,
35,São Paulo,3510,Campinas,350038,Campinas,45803,3545803,Santa Bárbara d'Oeste,
35,São Paulo,3511,São José dos Campos,350049,São José dos Campos,46009,3546009,Santa Branca,
35,São Paulo,3507,São José do Rio Preto,350030,Santa Fé do Sul,46108,3546108,Santa Clara d'Oeste,
35,São Paulo,3510,Campinas,350045,Araras,46207,3546207,Santa Cruz da Conceição,
35,São Paulo,3508,Ribeirão Preto,350031,Ribeirão Preto,46256,3546256,Santa Cruz da Esperança,
35,São Paulo,3510,Campinas,350044,São João da Boa Vista,46306,3546306,Santa Cruz das Palmeiras,
35,São Paulo,3504,Marília,350015,Ourinhos,46405,3546405,Santa Cruz do Rio Pardo,
35,São Paulo,3508,Ribeirão Preto,350031,Ribeirão Preto,46504,3546504,Santa Ernestina,
35,São Paulo,3507,São José do Rio Preto,350030,Santa Fé do Sul,46603,3546603,Santa Fé do Sul,
35,São Paulo,3510,Campinas,350046,Rio Claro,46702,3546702,Santa Gertrudes,
35,São Paulo,3501,São Paulo,350001,São Paulo,46801,3546801,Santa Isabel,
35,São Paulo,3509,Araraquara,350036,Araraquara,46900,3546900,Santa Lúcia,
35,São Paulo,3510,Campinas,350040,Piracicaba,47007,3547007,Santa Maria da Serra,
35,São Paulo,3505,Presidente Prudente,350020,Dracena,47106,3547106,Santa Mercedes,
35,São Paulo,3509,Araraquara,350037,São Carlos,47502,3547502,Santa Rita do Passa Quatro,
35,São Paulo,3507,São José do Rio Preto,350030,Santa Fé do Sul,47403,3547403,Santa Rita d'Oeste,
35,São Paulo,3508,Ribeirão Preto,350031,Ribeirão Preto,47601,3547601,Santa Rosa de Viterbo,
35,São Paulo,3507,São José do Rio Preto,350028,Jales,47650,3547650,Santa Salete,
35,São Paulo,3507,São José do Rio Preto,350030,Santa Fé do Sul,47205,3547205,Santana da Ponte Pensa,
35,São Paulo,3501,São Paulo,350001,São Paulo,47304,3547304,Santana de Parnaíba,
35,São Paulo,3505,Presidente Prudente,350018,Presidente Prudente,47700,3547700,Santo Anastácio,
35,São Paulo,3501,São Paulo,350001,São Paulo,47809,3547809,Santo André,
35,São Paulo,3508,Ribeirão Preto,350031,Ribeirão Preto,47908,3547908,Santo Antônio da Alegria,
35,São Paulo,3510,Campinas,350038,Campinas,48005,3548005,Santo Antônio de Posse,
35,São Paulo,3506,Araçatuba,350022,Araçatuba,48054,3548054,Santo Antônio do Aracanguá,
35,São Paulo,3510,Campinas,350044,São João da Boa Vista,48104,3548104,Santo Antônio do Jardim,
35,São Paulo,3511,São José dos Campos,350050,Taubaté - Pindamonhangaba,48203,3548203,Santo Antônio do Pinhal,
35,São Paulo,3505,Presidente Prudente,350018,Presidente Prudente,48302,3548302,Santo Expedito,
35,São Paulo,3506,Araçatuba,350023,Birigui - Penápolis,48401,3548401,Santópolis do Aguapeí,
35,São Paulo,3501,São Paulo,350002,Santos,48500,3548500,Santos,
35,São Paulo,3511,São José dos Campos,350050,Taubaté - Pindamonhangaba,48609,3548609,São Bento do Sapucaí,
35,São Paulo,3501,São Paulo,350001,São Paulo,48708,3548708,São Bernardo do Campo,
35,São Paulo,3501,São Paulo,350001,São Paulo,48807,3548807,São Caetano do Sul,
35,São Paulo,3509,Araraquara,350037,São Carlos,48906,3548906,São Carlos,
35,São Paulo,3507,São José do Rio Preto,350028,Jales,49003,3549003,São Francisco,
35,São Paulo,3510,Campinas,350044,São João da Boa Vista,49102,3549102,São João da Boa Vista,
35,São Paulo,3507,São José do Rio Preto,350029,Fernandópolis,49201,3549201,São João das Duas Pontes,
35,São Paulo,3507,São José do Rio Preto,350029,Fernandópolis,49250,3549250,São João de Iracema,
35,São Paulo,3505,Presidente Prudente,350020,Dracena,49300,3549300,São João do Pau d'Alho,
35,São Paulo,3508,Ribeirão Preto,350034,São Joaquim da Barra ¿ Orlândia,49409,3549409,São Joaquim da Barra,
35,São Paulo,3508,Ribeirão Preto,350033,Franca,49508,3549508,São José da Bela Vista,
35,São Paulo,3511,São José dos Campos,350053,Cruzeiro,49607,3549607,São José do Barreiro,
35,São Paulo,3510,Campinas,350047,São José do Rio Pardo - Mococa,49706,3549706,São José do Rio Pardo,
35,São Paulo,3507,São José do Rio Preto,350025,São José do Rio Preto,49805,3549805,São José do Rio Preto,
35,São Paulo,3511,São José dos Campos,350049,São José dos Campos,49904,3549904,São José dos Campos,
35,São Paulo,3501,São Paulo,350001,São Paulo,49953,3549953,São Lourenço da Serra,
35,São Paulo,3511,São José dos Campos,350050,Taubaté - Pindamonhangaba,50001,3550001,São Luiz do Paraitinga,
35,São Paulo,3503,Bauru,350011,Botucatu,50100,3550100,São Manuel,
35,São Paulo,3502,Sorocaba,350006,Itapetininga,50209,3550209,São Miguel Arcanjo,
35,São Paulo,3501,São Paulo,350001,São Paulo,50308,3550308,São Paulo,
35,São Paulo,3510,Campinas,350040,Piracicaba,50407,3550407,São Pedro,
35,São Paulo,3504,Marília,350015,Ourinhos,50506,3550506,São Pedro do Turvo,
35,São Paulo,3502,Sorocaba,350003,Sorocaba,50605,3550605,São Roque,
35,São Paulo,3511,São José dos Campos,350051,Caraguatatuba - Ubatuba - São Sebastião,50704,3550704,São Sebastião,
35,São Paulo,3510,Campinas,350047,São José do Rio Pardo - Mococa,50803,3550803,São Sebastião da Grama,
35,São Paulo,3508,Ribeirão Preto,350031,Ribeirão Preto,50902,3550902,São Simão,
35,São Paulo,3501,São Paulo,350002,Santos,51009,3551009,São Vicente,
35,São Paulo,3502,Sorocaba,350003,Sorocaba,51108,3551108,Sarapuí,
35,São Paulo,3504,Marília,350017,Piraju,51207,3551207,Sarutaiá,
35,São Paulo,3507,São José do Rio Preto,350027,Votuporanga,51306,3551306,Sebastianópolis do Sul,
35,São Paulo,3508,Ribeirão Preto,350031,Ribeirão Preto,51405,3551405,Serra Azul,
35,São Paulo,3510,Campinas,350048,Amparo,51603,3551603,Serra Negra,
35,São Paulo,3508,Ribeirão Preto,350031,Ribeirão Preto,51504,3551504,Serrana,
35,São Paulo,3508,Ribeirão Preto,350031,Ribeirão Preto,51702,3551702,Sertãozinho,
35,São Paulo,3502,Sorocaba,350005,Registro,51801,3551801,Sete Barras,
35,São Paulo,3508,Ribeirão Preto,350032,Barretos,51900,3551900,Severínia,
35,São Paulo,3511,São José dos Campos,350053,Cruzeiro,52007,3552007,Silveiras,
35,São Paulo,3510,Campinas,350041,Bragança Paulista,52106,3552106,Socorro,
35,São Paulo,3502,Sorocaba,350003,Sorocaba,52205,3552205,Sorocaba,
35,São Paulo,3506,Araçatuba,350024,Andradina,52304,3552304,Sud Mennucci,
35,São Paulo,3510,Campinas,350038,Campinas,52403,3552403,Sumaré,
35,São Paulo,3507,São José do Rio Preto,350028,Jales,52551,3552551,Suzanápolis,
35,São Paulo,3501,São Paulo,350001,São Paulo,52502,3552502,Suzano,
35,São Paulo,3507,São José do Rio Preto,350026,Catanduva,52601,3552601,Tabapuã,
35,São Paulo,3509,Araraquara,350036,Araraquara,52700,3552700,Tabatinga,
35,São Paulo,3501,São Paulo,350001,São Paulo,52809,3552809,Taboão da Serra,
35,São Paulo,3505,Presidente Prudente,350018,Presidente Prudente,52908,3552908,Taciba,
35,São Paulo,3502,Sorocaba,350007,Avaré,53005,3553005,Taguaí,
35,São Paulo,3508,Ribeirão Preto,350032,Barretos,53104,3553104,Taiaçu,
35,São Paulo,3508,Ribeirão Preto,350032,Barretos,53203,3553203,Taiúva,
35,São Paulo,3510,Campinas,350044,São João da Boa Vista,53302,3553302,Tambaú,
35,São Paulo,3507,São José do Rio Preto,350025,São José do Rio Preto,53401,3553401,Tanabi,
35,São Paulo,3502,Sorocaba,350003,Sorocaba,53500,3553500,Tapiraí,
35,São Paulo,3510,Campinas,350047,São José do Rio Pardo - Mococa,53609,3553609,Tapiratiba,
35,São Paulo,3508,Ribeirão Preto,350032,Barretos,53658,3553658,Taquaral,
35,São Paulo,3509,Araraquara,350036,Araraquara,53708,3553708,Taquaritinga,
35,São Paulo,3502,Sorocaba,350007,Avaré,53807,3553807,Taquarituba,
35,São Paulo,3502,Sorocaba,350004,Itapeva,53856,3553856,Taquarivaí,
35,São Paulo,3505,Presidente Prudente,350018,Presidente Prudente,53906,3553906,Tarabai,
35,São Paulo,3504,Marília,350014,Assis,53955,3553955,Tarumã,
35,São Paulo,3502,Sorocaba,350008,Tatuí,54003,3554003,Tatuí,
35,São Paulo,3511,São José dos Campos,350050,Taubaté - Pindamonhangaba,54102,3554102,Taubaté,
35,São Paulo,3504,Marília,350017,Piraju,54201,3554201,Tejupá,
35,São Paulo,3505,Presidente Prudente,350018,Presidente Prudente,54300,3554300,Teodoro Sampaio,
35,São Paulo,3508,Ribeirão Preto,350032,Barretos,54409,3554409,Terra Roxa,
35,São Paulo,3502,Sorocaba,350003,Sorocaba,54508,3554508,Tietê,
35,São Paulo,3504,Marília,350017,Piraju,54607,3554607,Timburi,
35,São Paulo,3502,Sorocaba,350008,Tatuí,54656,3554656,Torre de Pedra,
35,São Paulo,3503,Bauru,350010,Jaú,54706,3554706,Torrinha,
35,São Paulo,3509,Araraquara,350036,Araraquara,54755,3554755,Trabiju,
35,São Paulo,3511,São José dos Campos,350050,Taubaté - Pindamonhangaba,54805,3554805,Tremembé,
35,São Paulo,3507,São José do Rio Preto,350030,Santa Fé do Sul,54904,3554904,Três Fronteiras,
35,São Paulo,3510,Campinas,350041,Bragança Paulista,54953,3554953,Tuiuti,
35,São Paulo,3504,Marília,350016,Tupã,55000,3555000,Tupã,
35,São Paulo,3505,Presidente Prudente,350020,Dracena,55109,3555109,Tupi Paulista,
35,São Paulo,3506,Araçatuba,350023,Birigui - Penápolis,55208,3555208,Turiúba,
35,São Paulo,3507,São José do Rio Preto,350028,Jales,55307,3555307,Turmalina,
35,São Paulo,3507,São José do Rio Preto,350025,São José do Rio Preto,55356,3555356,Ubarana,
35,São Paulo,3511,São José dos Campos,350051,Caraguatatuba - Ubatuba - São Sebastião,55406,3555406,Ubatuba,
35,São Paulo,3503,Bauru,350009,Bauru,55505,3555505,Ubirajara,
35,São Paulo,3507,São José do Rio Preto,350025,São José do Rio Preto,55604,3555604,Uchoa,
35,São Paulo,3507,São José do Rio Preto,350025,São José do Rio Preto,55703,3555703,União Paulista,
35,São Paulo,3507,São José do Rio Preto,350028,Jales,55802,3555802,Urânia,
35,São Paulo,3503,Bauru,350012,Lins,55901,3555901,Uru,
35,São Paulo,3507,São José do Rio Preto,350025,São José do Rio Preto,56008,3556008,Urupês,
35,São Paulo,3507,São José do Rio Preto,350027,Votuporanga,56107,3556107,Valentim Gentil,
35,São Paulo,3510,Campinas,350038,Campinas,56206,3556206,Valinhos,
35,São Paulo,3506,Araçatuba,350022,Araçatuba,56305,3556305,Valparaíso,
35,São Paulo,3510,Campinas,350041,Bragança Paulista,56354,3556354,Vargem,
35,São Paulo,3510,Campinas,350044,São João da Boa Vista,56404,3556404,Vargem Grande do Sul,
35,São Paulo,3501,São Paulo,350001,São Paulo,56453,3556453,Vargem Grande Paulista,
35,São Paulo,3510,Campinas,350039,Jundiaí,56503,3556503,Várzea Paulista,
35,São Paulo,3504,Marília,350013,Marília,56602,3556602,Vera Cruz,
35,São Paulo,3510,Campinas,350038,Campinas,56701,3556701,Vinhedo,
35,São Paulo,3508,Ribeirão Preto,350032,Barretos,56800,3556800,Viradouro,
35,São Paulo,3507,São José do Rio Preto,350026,Catanduva,56909,3556909,Vista Alegre do Alto,
35,São Paulo,3507,São José do Rio Preto,350028,Jales,56958,3556958,Vitória Brasil,
35,São Paulo,3502,Sorocaba,350003,Sorocaba,57006,3557006,Votorantim,
35,São Paulo,3507,São José do Rio Preto,350027,Votuporanga,57105,3557105,Votuporanga,
35,São Paulo,3506,Araçatuba,350023,Birigui - Penápolis,57154,3557154,Zacarias,
41,Paraná,4105,Londrina,410022,Santo Antônio da Platina,00103,4100103,Abatiá,
41,Paraná,4101,Curitiba,410001,Curitiba,00202,4100202,Adrianópolis,
41,Paraná,4101,Curitiba,410001,Curitiba,00301,4100301,Agudos do Sul,
41,Paraná,4101,Curitiba,410001,Curitiba,00400,4100400,Almirante Tamandaré,
41,Paraná,4104,Maringá,410015,Campo Mourão,00459,4100459,Altamira do Paraná,
41,Paraná,4104,Maringá,410016,Umuarama,28625,4128625,Alto Paraíso,
41,Paraná,4104,Maringá,410017,Paranavaí,00608,4100608,Alto Paraná,
41,Paraná,4104,Maringá,410016,Umuarama,00707,4100707,Alto Piquiri,
41,Paraná,4104,Maringá,410016,Umuarama,00509,4100509,Altônia,
41,Paraná,4105,Londrina,410021,Londrina,00806,4100806,Alvorada do Sul,
41,Paraná,4104,Maringá,410017,Paranavaí,00905,4100905,Amaporã,
41,Paraná,4103,Cascavel,410009,Francisco Beltrão,01002,4101002,Ampére,
41,Paraná,4103,Cascavel,410006,Cascavel,01051,4101051,Anahy,
41,Paraná,4105,Londrina,410022,Santo Antônio da Platina,01101,4101101,Andirá,
41,Paraná,4104,Maringá,410014,Maringá,01150,4101150,Ângulo,
41,Paraná,4101,Curitiba,410002,Paranaguá,01200,4101200,Antonina,
41,Paraná,4101,Curitiba,410003,União da Vitória,01309,4101309,Antônio Olinto,
41,Paraná,4105,Londrina,410023,Apucarana,01408,4101408,Apucarana,
41,Paraná,4105,Londrina,410021,Londrina,01507,4101507,Arapongas,
41,Paraná,4106,Ponta Grossa,410027,Ponta Grossa,01606,4101606,Arapoti,
41,Paraná,4105,Londrina,410025,Ivaiporã,01655,4101655,Arapuã,
41,Paraná,4104,Maringá,410015,Campo Mourão,01705,4101705,Araruna,
41,Paraná,4101,Curitiba,410001,Curitiba,01804,4101804,Araucária,
41,Paraná,4105,Londrina,410025,Ivaiporã,01853,4101853,Ariranha do Ivaí,
41,Paraná,4105,Londrina,410021,Londrina,01903,4101903,Assaí,
41,Paraná,4103,Cascavel,410008,Toledo,02000,4102000,Assis Chateaubriand,
41,Paraná,4104,Maringá,410014,Maringá,02109,4102109,Astorga,
41,Paraná,4104,Maringá,410014,Maringá,02208,4102208,Atalaia,
41,Paraná,4101,Curitiba,410001,Curitiba,02307,4102307,Balsa Nova,
41,Paraná,4105,Londrina,410024,Cornélio Procópio ¿ Bandeirantes,02406,4102406,Bandeirantes,
41,Paraná,4104,Maringá,410015,Campo Mourão,02505,4102505,Barbosa Ferraz,
41,Paraná,4105,Londrina,410022,Santo Antônio da Platina,02703,4102703,Barra do Jacaré,
41,Paraná,4103,Cascavel,410009,Francisco Beltrão,02604,4102604,Barracão,
41,Paraná,4103,Cascavel,410009,Francisco Beltrão,02752,4102752,Bela Vista da Caroba,
41,Paraná,4105,Londrina,410021,Londrina,02802,4102802,Bela Vista do Paraíso,
41,Paraná,4101,Curitiba,410003,União da Vitória,02901,4102901,Bituruna,
41,Paraná,4104,Maringá,410015,Campo Mourão,03008,4103008,Boa Esperança,
41,Paraná,4103,Cascavel,410012,Dois Vizinhos,03024,4103024,Boa Esperança do Iguaçu,
41,Paraná,4102,Guarapuava,410005,Pitanga,03040,4103040,Boa Ventura de São Roque,
41,Paraná,4103,Cascavel,410006,Cascavel,03057,4103057,Boa Vista da Aparecida,
41,Paraná,4101,Curitiba,410001,Curitiba,03107,4103107,Bocaiúva do Sul,
41,Paraná,4103,Cascavel,410009,Francisco Beltrão,03156,4103156,Bom Jesus do Sul,
41,Paraná,4105,Londrina,410023,Apucarana,03206,4103206,Bom Sucesso,
41,Paraná,4103,Cascavel,410010,Pato Branco,03222,4103222,Bom Sucesso do Sul,
41,Paraná,4105,Londrina,410023,Apucarana,03305,4103305,Borrazópolis,
41,Paraná,4103,Cascavel,410006,Cascavel,03354,4103354,Braganey,
41,Paraná,4104,Maringá,410016,Umuarama,03370,4103370,Brasilândia do Sul,
41,Paraná,4105,Londrina,410021,Londrina,03404,4103404,Cafeara,
41,Paraná,4103,Cascavel,410006,Cascavel,03453,4103453,Cafelândia,
41,Paraná,4104,Maringá,410016,Umuarama,03479,4103479,Cafezal do Sul,
41,Paraná,4105,Londrina,410023,Apucarana,03503,4103503,Califórnia,
41,Paraná,4105,Londrina,410022,Santo Antônio da Platina,03602,4103602,Cambará,
41,Paraná,4105,Londrina,410021,Londrina,03701,4103701,Cambé,
41,Paraná,4105,Londrina,410023,Apucarana,03800,4103800,Cambira,
41,Paraná,4104,Maringá,410015,Campo Mourão,03909,4103909,Campina da Lagoa,
41,Paraná,4102,Guarapuava,410004,Guarapuava,03958,4103958,Campina do Simão,
41,Paraná,4101,Curitiba,410001,Curitiba,04006,4104006,Campina Grande do Sul,
41,Paraná,4103,Cascavel,410006,Cascavel,04055,4104055,Campo Bonito,
41,Paraná,4101,Curitiba,410001,Curitiba,04105,4104105,Campo do Tenente,
41,Paraná,4101,Curitiba,410001,Curitiba,04204,4104204,Campo Largo,
41,Paraná,4101,Curitiba,410001,Curitiba,04253,4104253,Campo Magro,
41,Paraná,4104,Maringá,410015,Campo Mourão,04303,4104303,Campo Mourão,
41,Paraná,4105,Londrina,410025,Ivaiporã,04402,4104402,Cândido de Abreu,
41,Paraná,4102,Guarapuava,410004,Guarapuava,04428,4104428,Candói,
41,Paraná,4102,Guarapuava,410004,Guarapuava,04451,4104451,Cantagalo,
41,Paraná,4103,Cascavel,410009,Francisco Beltrão,04501,4104501,Capanema,
41,Paraná,4103,Cascavel,410006,Cascavel,04600,4104600,Capitão Leônidas Marques,
41,Paraná,4106,Ponta Grossa,410027,Ponta Grossa,04659,4104659,Carambeí,
41,Paraná,4105,Londrina,410022,Santo Antônio da Platina,04709,4104709,Carlópolis,
41,Paraná,4103,Cascavel,410006,Cascavel,04808,4104808,Cascavel,
41,Paraná,4106,Ponta Grossa,410027,Ponta Grossa,04907,4104907,Castro,
41,Paraná,4103,Cascavel,410006,Cascavel,05003,4105003,Catanduvas,
41,Paraná,4105,Londrina,410021,Londrina,05102,4105102,Centenário do Sul,
41,Paraná,4101,Curitiba,410001,Curitiba,05201,4105201,Cerro Azul,
41,Paraná,4103,Cascavel,410006,Cascavel,05300,4105300,Céu Azul,
41,Paraná,4103,Cascavel,410010,Pato Branco,05409,4105409,Chopinzinho,
41,Paraná,4104,Maringá,410018,Cianorte,05508,4105508,Cianorte,
41,Paraná,4104,Maringá,410016,Umuarama,05607,4105607,Cidade Gaúcha,
41,Paraná,4103,Cascavel,410010,Pato Branco,05706,4105706,Clevelândia,
41,Paraná,4101,Curitiba,410001,Curitiba,05805,4105805,Colombo,
41,Paraná,4104,Maringá,410019,Paranacity - Colorado,05904,4105904,Colorado,
41,Paraná,4105,Londrina,410024,Cornélio Procópio ¿ Bandeirantes,06001,4106001,Congonhinhas,
41,Paraná,4105,Londrina,410026,Ibaiti,06100,4106100,Conselheiro Mairinck,
41,Paraná,4101,Curitiba,410001,Curitiba,06209,4106209,Contenda,
41,Paraná,4103,Cascavel,410006,Cascavel,06308,4106308,Corbélia,
41,Paraná,4105,Londrina,410024,Cornélio Procópio ¿ Bandeirantes,06407,4106407,Cornélio Procópio,
41,Paraná,4103,Cascavel,410010,Pato Branco,06456,4106456,Coronel Domingos Soares,
41,Paraná,4103,Cascavel,410010,Pato Branco,06506,4106506,Coronel Vivida,
41,Paraná,4104,Maringá,410015,Campo Mourão,06555,4106555,Corumbataí do Sul,
41,Paraná,4101,Curitiba,410003,União da Vitória,06803,4106803,Cruz Machado,
41,Paraná,4103,Cascavel,410012,Dois Vizinhos,06571,4106571,Cruzeiro do Iguaçu,
41,Paraná,4104,Maringá,410016,Umuarama,06605,4106605,Cruzeiro do Oeste,
41,Paraná,4104,Maringá,410019,Paranacity - Colorado,06704,4106704,Cruzeiro do Sul,
41,Paraná,4105,Londrina,410025,Ivaiporã,06852,4106852,Cruzmaltina,
41,Paraná,4101,Curitiba,410001,Curitiba,06902,4106902,Curitiba,
41,Paraná,4106,Ponta Grossa,410028,Telêmaco Borba,07009,4107009,Curiúva,
41,Paraná,4104,Maringá,410017,Paranavaí,07108,4107108,Diamante do Norte,
41,Paraná,4103,Cascavel,410006,Cascavel,07124,4107124,Diamante do Sul,
41,Paraná,4103,Cascavel,410006,Cascavel,07157,4107157,Diamante D'Oeste,
41,Paraná,4103,Cascavel,410012,Dois Vizinhos,07207,4107207,Dois Vizinhos,
41,Paraná,4104,Maringá,410016,Umuarama,07256,4107256,Douradina,
41,Paraná,4104,Maringá,410014,Maringá,07306,4107306,Doutor Camargo,
41,Paraná,4101,Curitiba,410001,Curitiba,28633,4128633,Doutor Ulysses,
41,Paraná,4103,Cascavel,410009,Francisco Beltrão,07405,4107405,Enéas Marques,
41,Paraná,4104,Maringá,410015,Campo Mourão,07504,4107504,Engenheiro Beltrão,
41,Paraná,4103,Cascavel,410013,Marechal Cândido Rondon,07538,4107538,Entre Rios do Oeste,
41,Paraná,4104,Maringá,410016,Umuarama,07520,4107520,Esperança Nova,
41,Paraná,4103,Cascavel,410011,Laranjeiras do Sul - Quedas do Iguaçu,07546,4107546,Espigão Alto do Iguaçu,
41,Paraná,4104,Maringá,410015,Campo Mourão,07553,4107553,Farol,
41,Paraná,4105,Londrina,410025,Ivaiporã,07603,4107603,Faxinal,
41,Paraná,4101,Curitiba,410001,Curitiba,07652,4107652,Fazenda Rio Grande,
41,Paraná,4104,Maringá,410015,Campo Mourão,07702,4107702,Fênix,
41,Paraná,4106,Ponta Grossa,410029,Irati,07736,4107736,Fernandes Pinheiro,
41,Paraná,4105,Londrina,410026,Ibaiti,07751,4107751,Figueira,
41,Paraná,4103,Cascavel,410009,Francisco Beltrão,07850,4107850,Flor da Serra do Sul,
41,Paraná,4104,Maringá,410014,Maringá,07801,4107801,Floraí,
41,Paraná,4104,Maringá,410014,Maringá,07900,4107900,Floresta,
41,Paraná,4105,Londrina,410021,Londrina,08007,4108007,Florestópolis,
41,Paraná,4104,Maringá,410014,Maringá,08106,4108106,Flórida,
41,Paraná,4103,Cascavel,410008,Toledo,08205,4108205,Formosa do Oeste,
41,Paraná,4103,Cascavel,410007,Foz do Iguaçu,08304,4108304,Foz do Iguaçu,
41,Paraná,4102,Guarapuava,410004,Guarapuava,08452,4108452,Foz do Jordão,
41,Paraná,4104,Maringá,410016,Umuarama,08320,4108320,Francisco Alves,
41,Paraná,4103,Cascavel,410009,Francisco Beltrão,08403,4108403,Francisco Beltrão,
41,Paraná,4101,Curitiba,410003,União da Vitória,08502,4108502,General Carneiro,
41,Paraná,4105,Londrina,410025,Ivaiporã,08551,4108551,Godoy Moreira,
41,Paraná,4104,Maringá,410015,Campo Mourão,08601,4108601,Goioerê,
41,Paraná,4102,Guarapuava,410004,Guarapuava,08650,4108650,Goioxim,
41,Paraná,4105,Londrina,410025,Ivaiporã,08700,4108700,Grandes Rios,
41,Paraná,4103,Cascavel,410008,Toledo,08809,4108809,Guaíra,
41,Paraná,4104,Maringá,410017,Paranavaí,08908,4108908,Guairaçá,
41,Paraná,4102,Guarapuava,410004,Guarapuava,08957,4108957,Guamiranga,
41,Paraná,4105,Londrina,410022,Santo Antônio da Platina,09005,4109005,Guapirama,
41,Paraná,4104,Maringá,410018,Cianorte,09104,4109104,Guaporema,
41,Paraná,4105,Londrina,410021,Londrina,09203,4109203,Guaraci,
41,Paraná,4103,Cascavel,410006,Cascavel,09302,4109302,Guaraniaçu,
41,Paraná,4102,Guarapuava,410004,Guarapuava,09401,4109401,Guarapuava,
41,Paraná,4101,Curitiba,410002,Paranaguá,09500,4109500,Guaraqueçaba,
41,Paraná,4101,Curitiba,410002,Paranaguá,09609,4109609,Guaratuba,
41,Paraná,4103,Cascavel,410010,Pato Branco,09658,4109658,Honório Serpa,
41,Paraná,4105,Londrina,410026,Ibaiti,09708,4109708,Ibaiti,
41,Paraná,4103,Cascavel,410006,Cascavel,09757,4109757,Ibema,
41,Paraná,4105,Londrina,410021,Londrina,09807,4109807,Ibiporã,
41,Paraná,4104,Maringá,410016,Umuarama,09906,4109906,Icaraíma,
41,Paraná,4104,Maringá,410014,Maringá,10003,4110003,Iguaraçu,
41,Paraná,4103,Cascavel,410006,Cascavel,10052,4110052,Iguatu,
41,Paraná,4106,Ponta Grossa,410028,Telêmaco Borba,10078,4110078,Imbaú,
41,Paraná,4106,Ponta Grossa,410029,Irati,10102,4110102,Imbituva,
41,Paraná,4102,Guarapuava,410004,Guarapuava,10201,4110201,Inácio Martins,
41,Paraná,4104,Maringá,410019,Paranacity - Colorado,10300,4110300,Inajá,
41,Paraná,4104,Maringá,410018,Cianorte,10409,4110409,Indianópolis,
41,Paraná,4106,Ponta Grossa,410027,Ponta Grossa,10508,4110508,Ipiranga,
41,Paraná,4104,Maringá,410016,Umuarama,10607,4110607,Iporã,
41,Paraná,4103,Cascavel,410008,Toledo,10656,4110656,Iracema do Oeste,
41,Paraná,4106,Ponta Grossa,410029,Irati,10706,4110706,Irati,
41,Paraná,4104,Maringá,410015,Campo Mourão,10805,4110805,Iretama,
41,Paraná,4104,Maringá,410019,Paranacity - Colorado,10904,4110904,Itaguajé,
41,Paraná,4103,Cascavel,410007,Foz do Iguaçu,10953,4110953,Itaipulândia,
41,Paraná,4105,Londrina,410024,Cornélio Procópio ¿ Bandeirantes,11001,4111001,Itambaracá,
41,Paraná,4104,Maringá,410014,Maringá,11100,4111100,Itambé,
41,Paraná,4103,Cascavel,410010,Pato Branco,11209,4111209,Itapejara d'Oeste,
41,Paraná,4101,Curitiba,410001,Curitiba,11258,4111258,Itaperuçu,
41,Paraná,4104,Maringá,410017,Paranavaí,11308,4111308,Itaúna do Sul,
41,Paraná,4106,Ponta Grossa,410027,Ponta Grossa,11407,4111407,Ivaí,
41,Paraná,4105,Londrina,410025,Ivaiporã,11506,4111506,Ivaiporã,
41,Paraná,4104,Maringá,410016,Umuarama,11555,4111555,Ivaté,
41,Paraná,4104,Maringá,410014,Maringá,11605,4111605,Ivatuba,
41,Paraná,4105,Londrina,410026,Ibaiti,11704,4111704,Jaboti,
41,Paraná,4105,Londrina,410022,Santo Antônio da Platina,11803,4111803,Jacarezinho,
41,Paraná,4105,Londrina,410021,Londrina,11902,4111902,Jaguapitã,
41,Paraná,4106,Ponta Grossa,410027,Ponta Grossa,12009,4112009,Jaguariaíva,
41,Paraná,4105,Londrina,410023,Apucarana,12108,4112108,Jandaia do Sul,
41,Paraná,4104,Maringá,410015,Campo Mourão,12207,4112207,Janiópolis,
41,Paraná,4105,Londrina,410026,Ibaiti,12306,4112306,Japira,
41,Paraná,4104,Maringá,410018,Cianorte,12405,4112405,Japurá,
41,Paraná,4105,Londrina,410025,Ivaiporã,12504,4112504,Jardim Alegre,
41,Paraná,4104,Maringá,410019,Paranacity - Colorado,12603,4112603,Jardim Olinda,
41,Paraná,4105,Londrina,410021,Londrina,12702,4112702,Jataizinho,
41,Paraná,4103,Cascavel,410008,Toledo,12751,4112751,Jesuítas,
41,Paraná,4105,Londrina,410022,Santo Antônio da Platina,12801,4112801,Joaquim Távora,
41,Paraná,4105,Londrina,410022,Santo Antônio da Platina,12900,4112900,Jundiaí do Sul,
41,Paraná,4104,Maringá,410015,Campo Mourão,12959,4112959,Juranda,
41,Paraná,4104,Maringá,410018,Cianorte,13007,4113007,Jussara,
41,Paraná,4105,Londrina,410023,Apucarana,13106,4113106,Kaloré,
41,Paraná,4101,Curitiba,410001,Curitiba,13205,4113205,Lapa,
41,Paraná,4102,Guarapuava,410005,Pitanga,13254,4113254,Laranjal,
41,Paraná,4103,Cascavel,410011,Laranjeiras do Sul - Quedas do Iguaçu,13304,4113304,Laranjeiras do Sul,
41,Paraná,4105,Londrina,410024,Cornélio Procópio ¿ Bandeirantes,13403,4113403,Leópolis,
41,Paraná,4105,Londrina,410025,Ivaiporã,13429,4113429,Lidianópolis,
41,Paraná,4103,Cascavel,410006,Cascavel,13452,4113452,Lindoeste,
41,Paraná,4104,Maringá,410020,Loanda,13502,4113502,Loanda,
41,Paraná,4104,Maringá,410019,Paranacity - Colorado,13601,4113601,Lobato,
41,Paraná,4105,Londrina,410021,Londrina,13700,4113700,Londrina,
41,Paraná,4104,Maringá,410015,Campo Mourão,13734,4113734,Luiziana,
41,Paraná,4105,Londrina,410025,Ivaiporã,13759,4113759,Lunardelli,
41,Paraná,4105,Londrina,410021,Londrina,13809,4113809,Lupionópolis,
41,Paraná,4106,Ponta Grossa,410029,Irati,13908,4113908,Mallet,
41,Paraná,4104,Maringá,410015,Campo Mourão,14005,4114005,Mamborê,
41,Paraná,4104,Maringá,410014,Maringá,14104,4114104,Mandaguaçu,
41,Paraná,4104,Maringá,410014,Maringá,14203,4114203,Mandaguari,
41,Paraná,4101,Curitiba,410001,Curitiba,14302,4114302,Mandirituba,
41,Paraná,4103,Cascavel,410009,Francisco Beltrão,14351,4114351,Manfrinópolis,
41,Paraná,4103,Cascavel,410010,Pato Branco,14401,4114401,Mangueirinha,
41,Paraná,4105,Londrina,410025,Ivaiporã,14500,4114500,Manoel Ribas,
41,Paraná,4103,Cascavel,410013,Marechal Cândido Rondon,14609,4114609,Marechal Cândido Rondon,
41,Paraná,4104,Maringá,410016,Umuarama,14708,4114708,Maria Helena,
41,Paraná,4104,Maringá,410014,Maringá,14807,4114807,Marialva,
41,Paraná,4105,Londrina,410023,Apucarana,14906,4114906,Marilândia do Sul,
41,Paraná,4104,Maringá,410017,Paranavaí,15002,4115002,Marilena,
41,Paraná,4104,Maringá,410016,Umuarama,15101,4115101,Mariluz,
41,Paraná,4104,Maringá,410014,Maringá,15200,4115200,Maringá,
41,Paraná,4103,Cascavel,410010,Pato Branco,15309,4115309,Mariópolis,
41,Paraná,4103,Cascavel,410008,Toledo,15358,4115358,Maripá,
41,Paraná,4103,Cascavel,410009,Francisco Beltrão,15408,4115408,Marmeleiro,
41,Paraná,4103,Cascavel,410011,Laranjeiras do Sul - Quedas do Iguaçu,15457,4115457,Marquinho,
41,Paraná,4105,Londrina,410023,Apucarana,15507,4115507,Marumbi,
41,Paraná,4103,Cascavel,410006,Cascavel,15606,4115606,Matelândia,
41,Paraná,4101,Curitiba,410002,Paranaguá,15705,4115705,Matinhos,
41,Paraná,4102,Guarapuava,410005,Pitanga,15739,4115739,Mato Rico,
41,Paraná,4105,Londrina,410023,Apucarana,15754,4115754,Mauá da Serra,
41,Paraná,4103,Cascavel,410007,Foz do Iguaçu,15804,4115804,Medianeira,
41,Paraná,4103,Cascavel,410013,Marechal Cândido Rondon,15853,4115853,Mercedes,
41,Paraná,4104,Maringá,410017,Paranavaí,15903,4115903,Mirador,
41,Paraná,4105,Londrina,410021,Londrina,16000,4116000,Miraselva,
41,Paraná,4103,Cascavel,410007,Foz do Iguaçu,16059,4116059,Missal,
41,Paraná,4104,Maringá,410015,Campo Mourão,16109,4116109,Moreira Sales,
41,Paraná,4101,Curitiba,410002,Paranaguá,16208,4116208,Morretes,
41,Paraná,4104,Maringá,410014,Maringá,16307,4116307,Munhoz de Melo,
41,Paraná,4104,Maringá,410019,Paranacity - Colorado,16406,4116406,Nossa Senhora das Graças,
41,Paraná,4104,Maringá,410017,Paranavaí,16505,4116505,Nova Aliança do Ivaí,
41,Paraná,4105,Londrina,410024,Cornélio Procópio ¿ Bandeirantes,16604,4116604,Nova América da Colina,
41,Paraná,4103,Cascavel,410006,Cascavel,16703,4116703,Nova Aurora,
41,Paraná,4104,Maringá,410015,Campo Mourão,16802,4116802,Nova Cantu,
41,Paraná,4104,Maringá,410014,Maringá,16901,4116901,Nova Esperança,
41,Paraná,4103,Cascavel,410009,Francisco Beltrão,16950,4116950,Nova Esperança do Sudoeste,
41,Paraná,4105,Londrina,410024,Cornélio Procópio ¿ Bandeirantes,17008,4117008,Nova Fátima,
41,Paraná,4103,Cascavel,410011,Laranjeiras do Sul - Quedas do Iguaçu,17057,4117057,Nova Laranjeiras,
41,Paraná,4104,Maringá,410017,Paranavaí,17107,4117107,Nova Londrina,
41,Paraná,4104,Maringá,410016,Umuarama,17206,4117206,Nova Olímpia,
41,Paraná,4103,Cascavel,410012,Dois Vizinhos,17255,4117255,Nova Prata do Iguaçu,
41,Paraná,4105,Londrina,410024,Cornélio Procópio ¿ Bandeirantes,17214,4117214,Nova Santa Bárbara,
41,Paraná,4103,Cascavel,410013,Marechal Cândido Rondon,17222,4117222,Nova Santa Rosa,
41,Paraná,4102,Guarapuava,410005,Pitanga,17271,4117271,Nova Tebas,
41,Paraná,4105,Londrina,410023,Apucarana,17297,4117297,Novo Itacolomi,
41,Paraná,4106,Ponta Grossa,410028,Telêmaco Borba,17305,4117305,Ortigueira,
41,Paraná,4104,Maringá,410014,Maringá,17404,4117404,Ourizona,
41,Paraná,4103,Cascavel,410008,Toledo,17453,4117453,Ouro Verde do Oeste,
41,Paraná,4104,Maringá,410014,Maringá,17503,4117503,Paiçandu,
41,Paraná,4103,Cascavel,410010,Pato Branco,17602,4117602,Palmas,
41,Paraná,4106,Ponta Grossa,410027,Ponta Grossa,17701,4117701,Palmeira,
41,Paraná,4102,Guarapuava,410005,Pitanga,17800,4117800,Palmital,
41,Paraná,4103,Cascavel,410008,Toledo,17909,4117909,Palotina,
41,Paraná,4104,Maringá,410017,Paranavaí,18006,4118006,Paraíso do Norte,
41,Paraná,4104,Maringá,410019,Paranacity - Colorado,18105,4118105,Paranacity,
41,Paraná,4101,Curitiba,410002,Paranaguá,18204,4118204,Paranaguá,
41,Paraná,4104,Maringá,410019,Paranacity - Colorado,18303,4118303,Paranapoema,
41,Paraná,4104,Maringá,410017,Paranavaí,18402,4118402,Paranavaí,
41,Paraná,4103,Cascavel,410013,Marechal Cândido Rondon,18451,4118451,Pato Bragado,
41,Paraná,4103,Cascavel,410010,Pato Branco,18501,4118501,Pato Branco,
41,Paraná,4101,Curitiba,410003,União da Vitória,18600,4118600,Paula Freitas,
41,Paraná,4101,Curitiba,410003,União da Vitória,18709,4118709,Paulo Frontin,
41,Paraná,4104,Maringá,410015,Campo Mourão,18808,4118808,Peabiru,
41,Paraná,4104,Maringá,410016,Umuarama,18857,4118857,Perobal,
41,Paraná,4104,Maringá,410016,Umuarama,18907,4118907,Pérola,
41,Paraná,4103,Cascavel,410009,Francisco Beltrão,19004,4119004,Pérola d'Oeste,
41,Paraná,4101,Curitiba,410001,Curitiba,19103,4119103,Piên,
41,Paraná,4101,Curitiba,410001,Curitiba,19152,4119152,Pinhais,
41,Paraná,4103,Cascavel,410009,Francisco Beltrão,19251,4119251,Pinhal de São Bento,
41,Paraná,4105,Londrina,410026,Ibaiti,19202,4119202,Pinhalão,
41,Paraná,4102,Guarapuava,410004,Guarapuava,19301,4119301,Pinhão,
41,Paraná,4106,Ponta Grossa,410027,Ponta Grossa,19400,4119400,Piraí do Sul,
41,Paraná,4101,Curitiba,410001,Curitiba,19509,4119509,Piraquara,
41,Paraná,4102,Guarapuava,410005,Pitanga,19608,4119608,Pitanga,
41,Paraná,4105,Londrina,410021,Londrina,19657,4119657,Pitangueiras,
41,Paraná,4104,Maringá,410017,Paranavaí,19707,4119707,Planaltina do Paraná,
41,Paraná,4103,Cascavel,410009,Francisco Beltrão,19806,4119806,Planalto,
41,Paraná,4106,Ponta Grossa,410027,Ponta Grossa,19905,4119905,Ponta Grossa,
41,Paraná,4101,Curitiba,410002,Paranaguá,19954,4119954,Pontal do Paraná,
41,Paraná,4105,Londrina,410021,Londrina,20002,4120002,Porecatu,
41,Paraná,4106,Ponta Grossa,410027,Ponta Grossa,20101,4120101,Porto Amazonas,
41,Paraná,4103,Cascavel,410011,Laranjeiras do Sul - Quedas do Iguaçu,20150,4120150,Porto Barreiro,
41,Paraná,4104,Maringá,410020,Loanda,20200,4120200,Porto Rico,
41,Paraná,4101,Curitiba,410003,União da Vitória,20309,4120309,Porto Vitória,
41,Paraná,4105,Londrina,410021,Londrina,20333,4120333,Prado Ferreira,
41,Paraná,4103,Cascavel,410009,Francisco Beltrão,20358,4120358,Pranchita,
41,Paraná,4104,Maringá,410014,Maringá,20408,4120408,Presidente Castelo Branco,
41,Paraná,4105,Londrina,410021,Londrina,20507,4120507,Primeiro de Maio,
41,Paraná,4102,Guarapuava,410004,Guarapuava,20606,4120606,Prudentópolis,
41,Paraná,4104,Maringá,410015,Campo Mourão,20655,4120655,Quarto Centenário,
41,Paraná,4105,Londrina,410022,Santo Antônio da Platina,20705,4120705,Quatiguá,
41,Paraná,4101,Curitiba,410001,Curitiba,20804,4120804,Quatro Barras,
41,Paraná,4103,Cascavel,410013,Marechal Cândido Rondon,20853,4120853,Quatro Pontes,
41,Paraná,4103,Cascavel,410011,Laranjeiras do Sul - Quedas do Iguaçu,20903,4120903,Quedas do Iguaçu,
41,Paraná,4104,Maringá,410020,Loanda,21000,4121000,Querência do Norte,
41,Paraná,4104,Maringá,410015,Campo Mourão,21109,4121109,Quinta do Sol,
41,Paraná,4101,Curitiba,410001,Curitiba,21208,4121208,Quitandinha,
41,Paraná,4103,Cascavel,410006,Cascavel,21257,4121257,Ramilândia,
41,Paraná,4105,Londrina,410024,Cornélio Procópio ¿ Bandeirantes,21307,4121307,Rancho Alegre,
41,Paraná,4104,Maringá,410015,Campo Mourão,21356,4121356,Rancho Alegre D'Oeste,
41,Paraná,4103,Cascavel,410009,Francisco Beltrão,21406,4121406,Realeza,
41,Paraná,4106,Ponta Grossa,410029,Irati,21505,4121505,Rebouças,
41,Paraná,4103,Cascavel,410009,Francisco Beltrão,21604,4121604,Renascença,
41,Paraná,4106,Ponta Grossa,410028,Telêmaco Borba,21703,4121703,Reserva,
41,Paraná,4102,Guarapuava,410004,Guarapuava,21752,4121752,Reserva do Iguaçu,
41,Paraná,4105,Londrina,410022,Santo Antônio da Platina,21802,4121802,Ribeirão Claro,
41,Paraná,4105,Londrina,410022,Santo Antônio da Platina,21901,4121901,Ribeirão do Pinhal,
41,Paraná,4106,Ponta Grossa,410029,Irati,22008,4122008,Rio Azul,
41,Paraná,4105,Londrina,410023,Apucarana,22107,4122107,Rio Bom,
41,Paraná,4103,Cascavel,410011,Laranjeiras do Sul - Quedas do Iguaçu,22156,4122156,Rio Bonito do Iguaçu,
41,Paraná,4105,Londrina,410025,Ivaiporã,22172,4122172,Rio Branco do Ivaí,
41,Paraná,4101,Curitiba,410001,Curitiba,22206,4122206,Rio Branco do Sul,
41,Paraná,4101,Curitiba,410001,Curitiba,22305,4122305,Rio Negro,
41,Paraná,4105,Londrina,410021,Londrina,22404,4122404,Rolândia,
41,Paraná,4104,Maringá,410015,Campo Mourão,22503,4122503,Roncador,
41,Paraná,4104,Maringá,410018,Cianorte,22602,4122602,Rondon,
41,Paraná,4105,Londrina,410025,Ivaiporã,22651,4122651,Rosário do Ivaí,
41,Paraná,4105,Londrina,410021,Londrina,22701,4122701,Sabáudia,
41,Paraná,4103,Cascavel,410009,Francisco Beltrão,22800,4122800,Salgado Filho,
41,Paraná,4105,Londrina,410022,Santo Antônio da Platina,22909,4122909,Salto do Itararé,
41,Paraná,4103,Cascavel,410012,Dois Vizinhos,23006,4123006,Salto do Lontra,
41,Paraná,4105,Londrina,410024,Cornélio Procópio ¿ Bandeirantes,23105,4123105,Santa Amélia,
41,Paraná,4105,Londrina,410024,Cornélio Procópio ¿ Bandeirantes,23204,4123204,Santa Cecília do Pavão,
41,Paraná,4104,Maringá,410020,Loanda,23303,4123303,Santa Cruz de Monte Castelo,
41,Paraná,4104,Maringá,410014,Maringá,23402,4123402,Santa Fé,
41,Paraná,4103,Cascavel,410008,Toledo,23501,4123501,Santa Helena,
41,Paraná,4104,Maringá,410019,Paranacity - Colorado,23600,4123600,Santa Inês,
41,Paraná,4104,Maringá,410020,Loanda,23709,4123709,Santa Isabel do Ivaí,
41,Paraná,4103,Cascavel,410009,Francisco Beltrão,23808,4123808,Santa Izabel do Oeste,
41,Paraná,4103,Cascavel,410006,Cascavel,23824,4123824,Santa Lúcia,
41,Paraná,4102,Guarapuava,410005,Pitanga,23857,4123857,Santa Maria do Oeste,
41,Paraná,4105,Londrina,410024,Cornélio Procópio ¿ Bandeirantes,23907,4123907,Santa Mariana,
41,Paraná,4104,Maringá,410020,Loanda,23956,4123956,Santa Mônica,
41,Paraná,4103,Cascavel,410006,Cascavel,24020,4124020,Santa Tereza do Oeste,
41,Paraná,4103,Cascavel,410007,Foz do Iguaçu,24053,4124053,Santa Terezinha de Itaipu,
41,Paraná,4105,Londrina,410022,Santo Antônio da Platina,24004,4124004,Santana do Itararé,
41,Paraná,4105,Londrina,410022,Santo Antônio da Platina,24103,4124103,Santo Antônio da Platina,
41,Paraná,4104,Maringá,410017,Paranavaí,24202,4124202,Santo Antônio do Caiuá,
41,Paraná,4105,Londrina,410024,Cornélio Procópio ¿ Bandeirantes,24301,4124301,Santo Antônio do Paraíso,
41,Paraná,4103,Cascavel,410009,Francisco Beltrão,24400,4124400,Santo Antônio do Sudoeste,
41,Paraná,4104,Maringá,410019,Paranacity - Colorado,24509,4124509,Santo Inácio,
41,Paraná,4104,Maringá,410017,Paranavaí,24608,4124608,São Carlos do Ivaí,
41,Paraná,4105,Londrina,410024,Cornélio Procópio ¿ Bandeirantes,24707,4124707,São Jerônimo da Serra,
41,Paraná,4103,Cascavel,410010,Pato Branco,24806,4124806,São João,
41,Paraná,4104,Maringá,410017,Paranavaí,24905,4124905,São João do Caiuá,
41,Paraná,4105,Londrina,410025,Ivaiporã,25001,4125001,São João do Ivaí,
41,Paraná,4106,Ponta Grossa,410027,Ponta Grossa,25100,4125100,São João do Triunfo,
41,Paraná,4104,Maringá,410014,Maringá,25308,4125308,São Jorge do Ivaí,
41,Paraná,4104,Maringá,410016,Umuarama,25357,4125357,São Jorge do Patrocínio,
41,Paraná,4103,Cascavel,410012,Dois Vizinhos,25209,4125209,São Jorge d'Oeste,
41,Paraná,4105,Londrina,410022,Santo Antônio da Platina,25407,4125407,São José da Boa Vista,
41,Paraná,4103,Cascavel,410008,Toledo,25456,4125456,São José das Palmeiras,
41,Paraná,4101,Curitiba,410001,Curitiba,25506,4125506,São José dos Pinhais,
41,Paraná,4104,Maringá,410018,Cianorte,25555,4125555,São Manoel do Paraná,
41,Paraná,4101,Curitiba,410003,União da Vitória,25605,4125605,São Mateus do Sul,
41,Paraná,4103,Cascavel,410007,Foz do Iguaçu,25704,4125704,São Miguel do Iguaçu,
41,Paraná,4103,Cascavel,410008,Toledo,25753,4125753,São Pedro do Iguaçu,
41,Paraná,4105,Londrina,410023,Apucarana,25803,4125803,São Pedro do Ivaí,
41,Paraná,4104,Maringá,410020,Loanda,25902,4125902,São Pedro do Paraná,
41,Paraná,4105,Londrina,410024,Cornélio Procópio ¿ Bandeirantes,26009,4126009,São Sebastião da Amoreira,
41,Paraná,4104,Maringá,410018,Cianorte,26108,4126108,São Tomé,
41,Paraná,4105,Londrina,410024,Cornélio Procópio ¿ Bandeirantes,26207,4126207,Sapopema,
41,Paraná,4104,Maringá,410014,Maringá,26256,4126256,Sarandi,
41,Paraná,4103,Cascavel,410010,Pato Branco,26272,4126272,Saudade do Iguaçu,
41,Paraná,4106,Ponta Grossa,410027,Ponta Grossa,26306,4126306,Sengés,
41,Paraná,4103,Cascavel,410007,Foz do Iguaçu,26355,4126355,Serranópolis do Iguaçu,
41,Paraná,4105,Londrina,410024,Cornélio Procópio ¿ Bandeirantes,26405,4126405,Sertaneja,
41,Paraná,4105,Londrina,410021,Londrina,26504,4126504,Sertanópolis,
41,Paraná,4105,Londrina,410022,Santo Antônio da Platina,26603,4126603,Siqueira Campos,
41,Paraná,4103,Cascavel,410010,Pato Branco,26652,4126652,Sulina,
41,Paraná,4105,Londrina,410021,Londrina,26678,4126678,Tamarana,
41,Paraná,4104,Maringá,410017,Paranavaí,26702,4126702,Tamboara,
41,Paraná,4104,Maringá,410018,Cianorte,26801,4126801,Tapejara,
41,Paraná,4104,Maringá,410016,Umuarama,26900,4126900,Tapira,
41,Paraná,4106,Ponta Grossa,410029,Irati,27007,4127007,Teixeira Soares,
41,Paraná,4106,Ponta Grossa,410028,Telêmaco Borba,27106,4127106,Telêmaco Borba,
41,Paraná,4104,Maringá,410018,Cianorte,27205,4127205,Terra Boa,
41,Paraná,4104,Maringá,410017,Paranavaí,27304,4127304,Terra Rica,
41,Paraná,4103,Cascavel,410008,Toledo,27403,4127403,Terra Roxa,
41,Paraná,4106,Ponta Grossa,410028,Telêmaco Borba,27502,4127502,Tibagi,
41,Paraná,4101,Curitiba,410001,Curitiba,27601,4127601,Tijucas do Sul,
41,Paraná,4103,Cascavel,410008,Toledo,27700,4127700,Toledo,
41,Paraná,4105,Londrina,410022,Santo Antônio da Platina,27809,4127809,Tomazina,
41,Paraná,4103,Cascavel,410006,Cascavel,27858,4127858,Três Barras do Paraná,
41,Paraná,4101,Curitiba,410001,Curitiba,27882,4127882,Tunas do Paraná,
41,Paraná,4104,Maringá,410018,Cianorte,27908,4127908,Tuneiras do Oeste,
41,Paraná,4103,Cascavel,410008,Toledo,27957,4127957,Tupãssi,
41,Paraná,4102,Guarapuava,410004,Guarapuava,27965,4127965,Turvo,
41,Paraná,4104,Maringá,410015,Campo Mourão,28005,4128005,Ubiratã,
41,Paraná,4104,Maringá,410016,Umuarama,28104,4128104,Umuarama,
41,Paraná,4101,Curitiba,410003,União da Vitória,28203,4128203,União da Vitória,
41,Paraná,4104,Maringá,410014,Maringá,28302,4128302,Uniflor,
41,Paraná,4105,Londrina,410024,Cornélio Procópio ¿ Bandeirantes,28401,4128401,Uraí,
41,Paraná,4106,Ponta Grossa,410028,Telêmaco Borba,28534,4128534,Ventania,
41,Paraná,4103,Cascavel,410006,Cascavel,28559,4128559,Vera Cruz do Oeste,
41,Paraná,4103,Cascavel,410009,Francisco Beltrão,28609,4128609,Verê,
41,Paraná,4103,Cascavel,410011,Laranjeiras do Sul - Quedas do Iguaçu,28658,4128658,Virmond,
41,Paraná,4103,Cascavel,410010,Pato Branco,28708,4128708,Vitorino,
41,Paraná,4105,Londrina,410022,Santo Antônio da Platina,28500,4128500,Wenceslau Braz,
41,Paraná,4104,Maringá,410016,Umuarama,28807,4128807,Xambrê,
42,Santa Catarina,4204,Chapecó,420008,Joaçaba - Herval d'Oeste,00051,4200051,Abdon Batista,
42,Santa Catarina,4204,Chapecó,420011,Xanxerê,00101,4200101,Abelardo Luz,
42,Santa Catarina,4207,Blumenau,420022,Rio do Sul,00200,4200200,Agrolândia,
42,Santa Catarina,4207,Blumenau,420022,Rio do Sul,00309,4200309,Agronômica,
42,Santa Catarina,4204,Chapecó,420008,Joaçaba - Herval d'Oeste,00408,4200408,Água Doce,
42,Santa Catarina,4204,Chapecó,420007,Chapecó,00507,4200507,Águas de Chapecó,
42,Santa Catarina,4204,Chapecó,420007,Chapecó,00556,4200556,Águas Frias,
42,Santa Catarina,4201,Florianópolis,420001,Florianópolis,00606,4200606,Águas Mornas,
42,Santa Catarina,4201,Florianópolis,420001,Florianópolis,00705,4200705,Alfredo Wagner,
42,Santa Catarina,4204,Chapecó,420010,Concórdia,00754,4200754,Alto Bela Vista,
42,Santa Catarina,4204,Chapecó,420009,São Miguel do Oeste,00804,4200804,Anchieta,
42,Santa Catarina,4201,Florianópolis,420001,Florianópolis,00903,4200903,Angelina,
42,Santa Catarina,4203,Lages,420005,Lages,01000,4201000,Anita Garibaldi,
42,Santa Catarina,4201,Florianópolis,420001,Florianópolis,01109,4201109,Anitápolis,
42,Santa Catarina,4201,Florianópolis,420001,Florianópolis,01208,4201208,Antônio Carlos,
42,Santa Catarina,4207,Blumenau,420019,Blumenau,01257,4201257,Apiúna,
42,Santa Catarina,4204,Chapecó,420010,Concórdia,01273,4201273,Arabutã,
42,Santa Catarina,4206,Joinville,420016,Joinville,01307,4201307,Araquari,
42,Santa Catarina,4202,Criciúma,420004,Araranguá,01406,4201406,Araranguá,
42,Santa Catarina,4202,Criciúma,420003,Tubarão,01505,4201505,Armazém,
42,Santa Catarina,4205,Caçador,420015,Videira,01604,4201604,Arroio Trinta,
42,Santa Catarina,4204,Chapecó,420007,Chapecó,01653,4201653,Arvoredo,
42,Santa Catarina,4207,Blumenau,420019,Blumenau,01703,4201703,Ascurra,
42,Santa Catarina,4207,Blumenau,420022,Rio do Sul,01802,4201802,Atalanta,
42,Santa Catarina,4207,Blumenau,420022,Rio do Sul,01901,4201901,Aurora,
42,Santa Catarina,4202,Criciúma,420004,Araranguá,01950,4201950,Balneário Arroio do Silva,
42,Santa Catarina,4206,Joinville,420016,Joinville,02057,4202057,Balneário Barra do Sul,
42,Santa Catarina,4207,Blumenau,420020,Itajaí,02008,4202008,Balneário Camboriú,
42,Santa Catarina,4202,Criciúma,420004,Araranguá,02073,4202073,Balneário Gaivota,
42,Santa Catarina,4207,Blumenau,420020,Itajaí,12809,4212809,Balneário Piçarras,
42,Santa Catarina,4202,Criciúma,420002,Criciúma,20000,4220000,Balneário Rincão,
42,Santa Catarina,4204,Chapecó,420009,São Miguel do Oeste,02081,4202081,Bandeirante,
42,Santa Catarina,4204,Chapecó,420009,São Miguel do Oeste,02099,4202099,Barra Bonita,
42,Santa Catarina,4207,Blumenau,420020,Itajaí,02107,4202107,Barra Velha,
42,Santa Catarina,4206,Joinville,420017,Mafra,02131,4202131,Bela Vista do Toldo,
42,Santa Catarina,4204,Chapecó,420009,São Miguel do Oeste,02156,4202156,Belmonte,
42,Santa Catarina,4207,Blumenau,420019,Blumenau,02206,4202206,Benedito Novo,
42,Santa Catarina,4201,Florianópolis,420001,Florianópolis,02305,4202305,Biguaçu,
42,Santa Catarina,4207,Blumenau,420019,Blumenau,02404,4202404,Blumenau,
42,Santa Catarina,4203,Lages,420005,Lages,02438,4202438,Bocaina do Sul,
42,Santa Catarina,4203,Lages,420005,Lages,02503,4202503,Bom Jardim da Serra,
42,Santa Catarina,4204,Chapecó,420011,Xanxerê,02537,4202537,Bom Jesus,
42,Santa Catarina,4204,Chapecó,420012,Maravilha,02578,4202578,Bom Jesus do Oeste,
42,Santa Catarina,4203,Lages,420005,Lages,02602,4202602,Bom Retiro,
42,Santa Catarina,4207,Blumenau,420020,Itajaí,02453,4202453,Bombinhas,
42,Santa Catarina,4207,Blumenau,420021,Brusque,02701,4202701,Botuverá,
42,Santa Catarina,4202,Criciúma,420003,Tubarão,02800,4202800,Braço do Norte,
42,Santa Catarina,4207,Blumenau,420022,Rio do Sul,02859,4202859,Braço do Trombudo,
42,Santa Catarina,4203,Lages,420006,Curitibanos,02875,4202875,Brunópolis,
42,Santa Catarina,4207,Blumenau,420021,Brusque,02909,4202909,Brusque,
42,Santa Catarina,4205,Caçador,420014,Caçador,03006,4203006,Caçador,
42,Santa Catarina,4204,Chapecó,420007,Chapecó,03105,4203105,Caibi,
42,Santa Catarina,4205,Caçador,420014,Caçador,03154,4203154,Calmon,
42,Santa Catarina,4207,Blumenau,420020,Itajaí,03204,4203204,Camboriú,
42,Santa Catarina,4206,Joinville,420018,São Bento do Sul - Rio Negrinho,03303,4203303,Campo Alegre,
42,Santa Catarina,4203,Lages,420005,Lages,03402,4203402,Campo Belo do Sul,
42,Santa Catarina,4204,Chapecó,420013,São Lourenço do Oeste,03501,4203501,Campo Erê,
42,Santa Catarina,4204,Chapecó,420008,Joaçaba - Herval d'Oeste,03600,4203600,Campos Novos,
42,Santa Catarina,4207,Blumenau,420021,Brusque,03709,4203709,Canelinha,
42,Santa Catarina,4206,Joinville,420017,Mafra,03808,4203808,Canoinhas,
42,Santa Catarina,4203,Lages,420005,Lages,03253,4203253,Capão Alto,
42,Santa Catarina,4204,Chapecó,420008,Joaçaba - Herval d'Oeste,03907,4203907,Capinzal,
42,Santa Catarina,4202,Criciúma,420003,Tubarão,03956,4203956,Capivari de Baixo,
42,Santa Catarina,4204,Chapecó,420008,Joaçaba - Herval d'Oeste,04004,4204004,Catanduvas,
42,Santa Catarina,4204,Chapecó,420007,Chapecó,04103,4204103,Caxambu do Sul,
42,Santa Catarina,4204,Chapecó,420008,Joaçaba - Herval d'Oeste,04152,4204152,Celso Ramos,
42,Santa Catarina,4203,Lages,420005,Lages,04178,4204178,Cerro Negro,
42,Santa Catarina,4207,Blumenau,420024,Ituporanga,04194,4204194,Chapadão do Lageado,
42,Santa Catarina,4204,Chapecó,420007,Chapecó,04202,4204202,Chapecó,
42,Santa Catarina,4202,Criciúma,420002,Criciúma,04251,4204251,Cocal do Sul,
42,Santa Catarina,4204,Chapecó,420010,Concórdia,04301,4204301,Concórdia,
42,Santa Catarina,4204,Chapecó,420007,Chapecó,04350,4204350,Cordilheira Alta,
42,Santa Catarina,4204,Chapecó,420007,Chapecó,04400,4204400,Coronel Freitas,
42,Santa Catarina,4204,Chapecó,420011,Xanxerê,04459,4204459,Coronel Martins,
42,Santa Catarina,4203,Lages,420005,Lages,04558,4204558,Correia Pinto,
42,Santa Catarina,4206,Joinville,420016,Joinville,04509,4204509,Corupá,
42,Santa Catarina,4202,Criciúma,420002,Criciúma,04608,4204608,Criciúma,
42,Santa Catarina,4204,Chapecó,420012,Maravilha,04707,4204707,Cunha Porã,
42,Santa Catarina,4204,Chapecó,420007,Chapecó,04756,4204756,Cunhataí,
42,Santa Catarina,4203,Lages,420006,Curitibanos,04806,4204806,Curitibanos,
42,Santa Catarina,4204,Chapecó,420009,São Miguel do Oeste,04905,4204905,Descanso,
42,Santa Catarina,4204,Chapecó,420009,São Miguel do Oeste,05001,4205001,Dionísio Cerqueira,
42,Santa Catarina,4207,Blumenau,420023,Ibirama - Presidente Getúlio,05100,4205100,Dona Emma,
42,Santa Catarina,4207,Blumenau,420019,Blumenau,05159,4205159,Doutor Pedrinho,
42,Santa Catarina,4204,Chapecó,420011,Xanxerê,05175,4205175,Entre Rios,
42,Santa Catarina,4202,Criciúma,420004,Araranguá,05191,4205191,Ermo,
42,Santa Catarina,4204,Chapecó,420008,Joaçaba - Herval d'Oeste,05209,4205209,Erval Velho,
42,Santa Catarina,4204,Chapecó,420011,Xanxerê,05308,4205308,Faxinal dos Guedes,
42,Santa Catarina,4204,Chapecó,420009,São Miguel do Oeste,05357,4205357,Flor do Sertão,
42,Santa Catarina,4201,Florianópolis,420001,Florianópolis,05407,4205407,Florianópolis,
42,Santa Catarina,4204,Chapecó,420007,Chapecó,05431,4205431,Formosa do Sul,
42,Santa Catarina,4202,Criciúma,420002,Criciúma,05456,4205456,Forquilhinha,
42,Santa Catarina,4205,Caçador,420015,Videira,05506,4205506,Fraiburgo,
42,Santa Catarina,4203,Lages,420006,Curitibanos,05555,4205555,Frei Rogério,
42,Santa Catarina,4204,Chapecó,420013,São Lourenço do Oeste,05605,4205605,Galvão,
42,Santa Catarina,4201,Florianópolis,420001,Florianópolis,05704,4205704,Garopaba,
42,Santa Catarina,4206,Joinville,420016,Joinville,05803,4205803,Garuva,
42,Santa Catarina,4207,Blumenau,420019,Blumenau,05902,4205902,Gaspar,
42,Santa Catarina,4201,Florianópolis,420001,Florianópolis,06009,4206009,Governador Celso Ramos,
42,Santa Catarina,4202,Criciúma,420003,Tubarão,06108,4206108,Grão-Pará,
42,Santa Catarina,4202,Criciúma,420003,Tubarão,06207,4206207,Gravatal,
42,Santa Catarina,4207,Blumenau,420021,Brusque,06306,4206306,Guabiruba,
42,Santa Catarina,4204,Chapecó,420009,São Miguel do Oeste,06405,4206405,Guaraciaba,
42,Santa Catarina,4206,Joinville,420016,Joinville,06504,4206504,Guaramirim,
42,Santa Catarina,4204,Chapecó,420009,São Miguel do Oeste,06603,4206603,Guarujá do Sul,
42,Santa Catarina,4204,Chapecó,420007,Chapecó,06652,4206652,Guatambú,
42,Santa Catarina,4204,Chapecó,420008,Joaçaba - Herval d'Oeste,06702,4206702,Herval d'Oeste,
42,Santa Catarina,4205,Caçador,420015,Videira,06751,4206751,Ibiam,
42,Santa Catarina,4204,Chapecó,420008,Joaçaba - Herval d'Oeste,06801,4206801,Ibicaré,
42,Santa Catarina,4207,Blumenau,420023,Ibirama - Presidente Getúlio,06900,4206900,Ibirama,
42,Santa Catarina,4202,Criciúma,420002,Criciúma,07007,4207007,Içara,
42,Santa Catarina,4207,Blumenau,420019,Blumenau,07106,4207106,Ilhota,
42,Santa Catarina,4202,Criciúma,420003,Tubarão,07205,4207205,Imaruí,
42,Santa Catarina,4201,Florianópolis,420001,Florianópolis,07304,4207304,Imbituba,
42,Santa Catarina,4207,Blumenau,420024,Ituporanga,07403,4207403,Imbuia,
42,Santa Catarina,4207,Blumenau,420019,Blumenau,07502,4207502,Indaial,
42,Santa Catarina,4205,Caçador,420015,Videira,07577,4207577,Iomerê,
42,Santa Catarina,4204,Chapecó,420010,Concórdia,07601,4207601,Ipira,
42,Santa Catarina,4204,Chapecó,420009,São Miguel do Oeste,07650,4207650,Iporã do Oeste,
42,Santa Catarina,4204,Chapecó,420011,Xanxerê,07684,4207684,Ipuaçu,
42,Santa Catarina,4204,Chapecó,420010,Concórdia,07700,4207700,Ipumirim,
42,Santa Catarina,4204,Chapecó,420012,Maravilha,07759,4207759,Iraceminha,
42,Santa Catarina,4204,Chapecó,420010,Concórdia,07809,4207809,Irani,
42,Santa Catarina,4204,Chapecó,420007,Chapecó,07858,4207858,Irati,
42,Santa Catarina,4206,Joinville,420017,Mafra,07908,4207908,Irineópolis,
42,Santa Catarina,4204,Chapecó,420010,Concórdia,08005,4208005,Itá,
42,Santa Catarina,4206,Joinville,420017,Mafra,08104,4208104,Itaiópolis,
42,Santa Catarina,4207,Blumenau,420020,Itajaí,08203,4208203,Itajaí,
42,Santa Catarina,4207,Blumenau,420020,Itajaí,08302,4208302,Itapema,
42,Santa Catarina,4204,Chapecó,420009,São Miguel do Oeste,08401,4208401,Itapiranga,
42,Santa Catarina,4206,Joinville,420016,Joinville,08450,4208450,Itapoá,
42,Santa Catarina,4207,Blumenau,420024,Ituporanga,08500,4208500,Ituporanga,
42,Santa Catarina,4204,Chapecó,420008,Joaçaba - Herval d'Oeste,08609,4208609,Jaborá,
42,Santa Catarina,4202,Criciúma,420004,Araranguá,08708,4208708,Jacinto Machado,
42,Santa Catarina,4202,Criciúma,420003,Tubarão,08807,4208807,Jaguaruna,
42,Santa Catarina,4206,Joinville,420016,Joinville,08906,4208906,Jaraguá do Sul,
42,Santa Catarina,4204,Chapecó,420007,Chapecó,08955,4208955,Jardinópolis,
42,Santa Catarina,4204,Chapecó,420008,Joaçaba - Herval d'Oeste,09003,4209003,Joaçaba,
42,Santa Catarina,4206,Joinville,420016,Joinville,09102,4209102,Joinville,
42,Santa Catarina,4207,Blumenau,420023,Ibirama - Presidente Getúlio,09151,4209151,José Boiteux,
42,Santa Catarina,4204,Chapecó,420013,São Lourenço do Oeste,09177,4209177,Jupiá,
42,Santa Catarina,4204,Chapecó,420008,Joaçaba - Herval d'Oeste,09201,4209201,Lacerdópolis,
42,Santa Catarina,4203,Lages,420005,Lages,09300,4209300,Lages,
42,Santa Catarina,4202,Criciúma,420003,Tubarão,09409,4209409,Laguna,
42,Santa Catarina,4204,Chapecó,420007,Chapecó,09458,4209458,Lajeado Grande,
42,Santa Catarina,4207,Blumenau,420022,Rio do Sul,09508,4209508,Laurentino,
42,Santa Catarina,4202,Criciúma,420002,Criciúma,09607,4209607,Lauro Müller,
42,Santa Catarina,4205,Caçador,420014,Caçador,09706,4209706,Lebon Régis,
42,Santa Catarina,4207,Blumenau,420024,Ituporanga,09805,4209805,Leoberto Leal,
42,Santa Catarina,4204,Chapecó,420010,Concórdia,09854,4209854,Lindóia do Sul,
42,Santa Catarina,4207,Blumenau,420022,Rio do Sul,09904,4209904,Lontras,
42,Santa Catarina,4207,Blumenau,420020,Itajaí,10001,4210001,Luiz Alves,
42,Santa Catarina,4204,Chapecó,420008,Joaçaba - Herval d'Oeste,10035,4210035,Luzerna,
42,Santa Catarina,4205,Caçador,420014,Caçador,10050,4210050,Macieira,
42,Santa Catarina,4206,Joinville,420017,Mafra,10100,4210100,Mafra,
42,Santa Catarina,4207,Blumenau,420021,Brusque,10209,4210209,Major Gercino,
42,Santa Catarina,4206,Joinville,420017,Mafra,10308,4210308,Major Vieira,
42,Santa Catarina,4202,Criciúma,420004,Araranguá,10407,4210407,Maracajá,
42,Santa Catarina,4204,Chapecó,420012,Maravilha,10506,4210506,Maravilha,
42,Santa Catarina,4204,Chapecó,420007,Chapecó,10555,4210555,Marema,
42,Santa Catarina,4206,Joinville,420016,Joinville,10605,4210605,Massaranduba,
42,Santa Catarina,4205,Caçador,420014,Caçador,10704,4210704,Matos Costa,
42,Santa Catarina,4202,Criciúma,420004,Araranguá,10803,4210803,Meleiro,
42,Santa Catarina,4207,Blumenau,420022,Rio do Sul,10852,4210852,Mirim Doce,
42,Santa Catarina,4204,Chapecó,420007,Chapecó,10902,4210902,Modelo,
42,Santa Catarina,4204,Chapecó,420007,Chapecó,11009,4211009,Mondaí,
42,Santa Catarina,4205,Caçador,420015,Videira,11058,4211058,Monte Carlo,
42,Santa Catarina,4206,Joinville,420017,Mafra,11108,4211108,Monte Castelo,
42,Santa Catarina,4202,Criciúma,420002,Criciúma,11207,4211207,Morro da Fumaça,
42,Santa Catarina,4202,Criciúma,420002,Criciúma,11256,4211256,Morro Grande,
42,Santa Catarina,4207,Blumenau,420020,Itajaí,11306,4211306,Navegantes,
42,Santa Catarina,4204,Chapecó,420007,Chapecó,11405,4211405,Nova Erechim,
42,Santa Catarina,4204,Chapecó,420007,Chapecó,11454,4211454,Nova Itaberaba,
42,Santa Catarina,4207,Blumenau,420021,Brusque,11504,4211504,Nova Trento,
42,Santa Catarina,4202,Criciúma,420002,Criciúma,11603,4211603,Nova Veneza,
42,Santa Catarina,4204,Chapecó,420013,São Lourenço do Oeste,11652,4211652,Novo Horizonte,
42,Santa Catarina,4202,Criciúma,420002,Criciúma,11702,4211702,Orleans,
42,Santa Catarina,4203,Lages,420005,Lages,11751,4211751,Otacílio Costa,
42,Santa Catarina,4204,Chapecó,420008,Joaçaba - Herval d'Oeste,11801,4211801,Ouro,
42,Santa Catarina,4204,Chapecó,420011,Xanxerê,11850,4211850,Ouro Verde,
42,Santa Catarina,4204,Chapecó,420007,Chapecó,11876,4211876,Paial,
42,Santa Catarina,4203,Lages,420005,Lages,11892,4211892,Painel,
42,Santa Catarina,4201,Florianópolis,420001,Florianópolis,11900,4211900,Palhoça,
42,Santa Catarina,4204,Chapecó,420009,São Miguel do Oeste,12007,4212007,Palma Sola,
42,Santa Catarina,4203,Lages,420005,Lages,12056,4212056,Palmeira,
42,Santa Catarina,4204,Chapecó,420007,Chapecó,12106,4212106,Palmitos,
42,Santa Catarina,4206,Joinville,420017,Mafra,12205,4212205,Papanduva,
42,Santa Catarina,4204,Chapecó,420009,São Miguel do Oeste,12239,4212239,Paraíso,
42,Santa Catarina,4202,Criciúma,420004,Araranguá,12254,4212254,Passo de Torres,
42,Santa Catarina,4204,Chapecó,420011,Xanxerê,12270,4212270,Passos Maia,
42,Santa Catarina,4201,Florianópolis,420001,Florianópolis,12304,4212304,Paulo Lopes,
42,Santa Catarina,4202,Criciúma,420003,Tubarão,12403,4212403,Pedras Grandes,
42,Santa Catarina,4207,Blumenau,420020,Itajaí,12502,4212502,Penha,
42,Santa Catarina,4204,Chapecó,420010,Concórdia,12601,4212601,Peritiba,
42,Santa Catarina,4202,Criciúma,420003,Tubarão,12650,4212650,Pescaria Brava,
42,Santa Catarina,4207,Blumenau,420024,Ituporanga,12700,4212700,Petrolândia,
42,Santa Catarina,4204,Chapecó,420007,Chapecó,12908,4212908,Pinhalzinho,
42,Santa Catarina,4205,Caçador,420015,Videira,13005,4213005,Pinheiro Preto,
42,Santa Catarina,4204,Chapecó,420010,Concórdia,13104,4213104,Piratuba,
42,Santa Catarina,4204,Chapecó,420007,Chapecó,13153,4213153,Planalto Alegre,
42,Santa Catarina,4207,Blumenau,420019,Blumenau,13203,4213203,Pomerode,
42,Santa Catarina,4203,Lages,420005,Lages,13302,4213302,Ponte Alta,
42,Santa Catarina,4203,Lages,420006,Curitibanos,13351,4213351,Ponte Alta do Norte,
42,Santa Catarina,4204,Chapecó,420011,Xanxerê,13401,4213401,Ponte Serrada,
42,Santa Catarina,4207,Blumenau,420020,Itajaí,13500,4213500,Porto Belo,
42,Santa Catarina,4206,Joinville,420017,Mafra,13609,4213609,Porto União,
42,Santa Catarina,4207,Blumenau,420022,Rio do Sul,13708,4213708,Pouso Redondo,
42,Santa Catarina,4202,Criciúma,420004,Araranguá,13807,4213807,Praia Grande,
42,Santa Catarina,4204,Chapecó,420010,Concórdia,13906,4213906,Presidente Castello Branco,
42,Santa Catarina,4207,Blumenau,420023,Ibirama - Presidente Getúlio,14003,4214003,Presidente Getúlio,
42,Santa Catarina,4207,Blumenau,420022,Rio do Sul,14102,4214102,Presidente Nereu,
42,Santa Catarina,4204,Chapecó,420009,São Miguel do Oeste,14151,4214151,Princesa,
42,Santa Catarina,4204,Chapecó,420007,Chapecó,14201,4214201,Quilombo,
42,Santa Catarina,4201,Florianópolis,420001,Florianópolis,14300,4214300,Rancho Queimado,
42,Santa Catarina,4205,Caçador,420015,Videira,14409,4214409,Rio das Antas,
42,Santa Catarina,4207,Blumenau,420022,Rio do Sul,14508,4214508,Rio do Campo,
42,Santa Catarina,4207,Blumenau,420022,Rio do Sul,14607,4214607,Rio do Oeste,
42,Santa Catarina,4207,Blumenau,420022,Rio do Sul,14805,4214805,Rio do Sul,
42,Santa Catarina,4207,Blumenau,420019,Blumenau,14706,4214706,Rio dos Cedros,
42,Santa Catarina,4202,Criciúma,420003,Tubarão,14904,4214904,Rio Fortuna,
42,Santa Catarina,4206,Joinville,420018,São Bento do Sul - Rio Negrinho,15000,4215000,Rio Negrinho,
42,Santa Catarina,4203,Lages,420005,Lages,15059,4215059,Rio Rufino,
42,Santa Catarina,4204,Chapecó,420007,Chapecó,15075,4215075,Riqueza,
42,Santa Catarina,4207,Blumenau,420019,Blumenau,15109,4215109,Rodeio,
42,Santa Catarina,4204,Chapecó,420009,São Miguel do Oeste,15208,4215208,Romelândia,
42,Santa Catarina,4207,Blumenau,420022,Rio do Sul,15307,4215307,Salete,
42,Santa Catarina,4204,Chapecó,420012,Maravilha,15356,4215356,Saltinho,
42,Santa Catarina,4205,Caçador,420015,Videira,15406,4215406,Salto Veloso,
42,Santa Catarina,4202,Criciúma,420003,Tubarão,15455,4215455,Sangão,
42,Santa Catarina,4203,Lages,420006,Curitibanos,15505,4215505,Santa Cecília,
42,Santa Catarina,4204,Chapecó,420009,São Miguel do Oeste,15554,4215554,Santa Helena,
42,Santa Catarina,4202,Criciúma,420003,Tubarão,15604,4215604,Santa Rosa de Lima,
42,Santa Catarina,4202,Criciúma,420004,Araranguá,15653,4215653,Santa Rosa do Sul,
42,Santa Catarina,4207,Blumenau,420022,Rio do Sul,15679,4215679,Santa Terezinha,
42,Santa Catarina,4204,Chapecó,420012,Maravilha,15687,4215687,Santa Terezinha do Progresso,
42,Santa Catarina,4204,Chapecó,420007,Chapecó,15695,4215695,Santiago do Sul,
42,Santa Catarina,4201,Florianópolis,420001,Florianópolis,15703,4215703,Santo Amaro da Imperatriz,
42,Santa Catarina,4206,Joinville,420018,São Bento do Sul - Rio Negrinho,15802,4215802,São Bento do Sul,
42,Santa Catarina,4204,Chapecó,420013,São Lourenço do Oeste,15752,4215752,São Bernardino,
42,Santa Catarina,4201,Florianópolis,420001,Florianópolis,15901,4215901,São Bonifácio,
42,Santa Catarina,4204,Chapecó,420007,Chapecó,16008,4216008,São Carlos,
42,Santa Catarina,4203,Lages,420006,Curitibanos,16057,4216057,São Cristóvão do Sul,
42,Santa Catarina,4204,Chapecó,420011,Xanxerê,16107,4216107,São Domingos,
42,Santa Catarina,4206,Joinville,420016,Joinville,16206,4216206,São Francisco do Sul,
42,Santa Catarina,4207,Blumenau,420021,Brusque,16305,4216305,São João Batista,
42,Santa Catarina,4206,Joinville,420016,Joinville,16354,4216354,São João do Itaperiú,
42,Santa Catarina,4204,Chapecó,420009,São Miguel do Oeste,16255,4216255,São João do Oeste,
42,Santa Catarina,4202,Criciúma,420004,Araranguá,16404,4216404,São João do Sul,
42,Santa Catarina,4203,Lages,420005,Lages,16503,4216503,São Joaquim,
42,Santa Catarina,4201,Florianópolis,420001,Florianópolis,16602,4216602,São José,
42,Santa Catarina,4204,Chapecó,420009,São Miguel do Oeste,16701,4216701,São José do Cedro,
42,Santa Catarina,4203,Lages,420005,Lages,16800,4216800,São José do Cerrito,
42,Santa Catarina,4204,Chapecó,420013,São Lourenço do Oeste,16909,4216909,São Lourenço do Oeste,
42,Santa Catarina,4202,Criciúma,420003,Tubarão,17006,4217006,São Ludgero,
42,Santa Catarina,4202,Criciúma,420003,Tubarão,17105,4217105,São Martinho,
42,Santa Catarina,4204,Chapecó,420012,Maravilha,17154,4217154,São Miguel da Boa Vista,
42,Santa Catarina,4204,Chapecó,420009,São Miguel do Oeste,17204,4217204,São Miguel do Oeste,
42,Santa Catarina,4201,Florianópolis,420001,Florianópolis,17253,4217253,São Pedro de Alcântara,
42,Santa Catarina,4204,Chapecó,420007,Chapecó,17303,4217303,Saudades,
42,Santa Catarina,4206,Joinville,420016,Joinville,17402,4217402,Schroeder,
42,Santa Catarina,4204,Chapecó,420010,Concórdia,17501,4217501,Seara,
42,Santa Catarina,4204,Chapecó,420007,Chapecó,17550,4217550,Serra Alta,
42,Santa Catarina,4202,Criciúma,420002,Criciúma,17600,4217600,Siderópolis,
42,Santa Catarina,4202,Criciúma,420004,Araranguá,17709,4217709,Sombrio,
42,Santa Catarina,4204,Chapecó,420007,Chapecó,17758,4217758,Sul Brasil,
42,Santa Catarina,4207,Blumenau,420022,Rio do Sul,17808,4217808,Taió,
42,Santa Catarina,4205,Caçador,420015,Videira,17907,4217907,Tangará,
42,Santa Catarina,4204,Chapecó,420012,Maravilha,17956,4217956,Tigrinhos,
42,Santa Catarina,4207,Blumenau,420020,Itajaí,18004,4218004,Tijucas,
42,Santa Catarina,4202,Criciúma,420004,Araranguá,18103,4218103,Timbé do Sul,
42,Santa Catarina,4207,Blumenau,420019,Blumenau,18202,4218202,Timbó,
42,Santa Catarina,4205,Caçador,420014,Caçador,18251,4218251,Timbó Grande,
42,Santa Catarina,4206,Joinville,420017,Mafra,18301,4218301,Três Barras,
42,Santa Catarina,4202,Criciúma,420002,Criciúma,18350,4218350,Treviso,
42,Santa Catarina,4202,Criciúma,420003,Tubarão,18400,4218400,Treze de Maio,
42,Santa Catarina,4204,Chapecó,420008,Joaçaba - Herval d'Oeste,18509,4218509,Treze Tílias,
42,Santa Catarina,4207,Blumenau,420022,Rio do Sul,18608,4218608,Trombudo Central,
42,Santa Catarina,4202,Criciúma,420003,Tubarão,18707,4218707,Tubarão,
42,Santa Catarina,4204,Chapecó,420009,São Miguel do Oeste,18756,4218756,Tunápolis,
42,Santa Catarina,4202,Criciúma,420004,Araranguá,18806,4218806,Turvo,
42,Santa Catarina,4204,Chapecó,420007,Chapecó,18855,4218855,União do Oeste,
42,Santa Catarina,4203,Lages,420005,Lages,18905,4218905,Urubici,
42,Santa Catarina,4203,Lages,420005,Lages,18954,4218954,Urupema,
42,Santa Catarina,4202,Criciúma,420002,Criciúma,19002,4219002,Urussanga,
42,Santa Catarina,4204,Chapecó,420011,Xanxerê,19101,4219101,Vargeão,
42,Santa Catarina,4204,Chapecó,420008,Joaçaba - Herval d'Oeste,19150,4219150,Vargem,
42,Santa Catarina,4204,Chapecó,420008,Joaçaba - Herval d'Oeste,19176,4219176,Vargem Bonita,
42,Santa Catarina,4207,Blumenau,420024,Ituporanga,19200,4219200,Vidal Ramos,
42,Santa Catarina,4205,Caçador,420015,Videira,19309,4219309,Videira,
42,Santa Catarina,4207,Blumenau,420023,Ibirama - Presidente Getúlio,19358,4219358,Vitor Meireles,
42,Santa Catarina,4207,Blumenau,420023,Ibirama - Presidente Getúlio,19408,4219408,Witmarsum,
42,Santa Catarina,4204,Chapecó,420011,Xanxerê,19507,4219507,Xanxerê,
42,Santa Catarina,4204,Chapecó,420011,Xanxerê,19606,4219606,Xavantina,
42,Santa Catarina,4204,Chapecó,420007,Chapecó,19705,4219705,Xaxim,
42,Santa Catarina,4204,Chapecó,420008,Joaçaba - Herval d'Oeste,19853,4219853,Zortéa,
43,Rio Grande do Sul,4302,Pelotas,430010,Bagé,00034,4300034,Aceguá,
43,Rio Grande do Sul,4306,Passo Fundo,430032,Tapejara - Sananduva,00059,4300059,Água Santa,
43,Rio Grande do Sul,4303,Santa Maria,430011,Santa Maria,00109,4300109,Agudo,
43,Rio Grande do Sul,4305,Ijuí,430018,Ijuí,00208,4300208,Ajuricaba,
43,Rio Grande do Sul,4305,Ijuí,430019,Santa Rosa,00307,4300307,Alecrim,
43,Rio Grande do Sul,4304,Uruguaiana,430015,Uruguaiana,00406,4300406,Alegrete,
43,Rio Grande do Sul,4305,Ijuí,430023,Três de Maio,00455,4300455,Alegria,
43,Rio Grande do Sul,4306,Passo Fundo,430028,Carazinho,00471,4300471,Almirante Tamandaré do Sul,
43,Rio Grande do Sul,4306,Passo Fundo,430035,Nonoai,00505,4300505,Alpestre,
43,Rio Grande do Sul,4306,Passo Fundo,430025,Passo Fundo,00554,4300554,Alto Alegre,
43,Rio Grande do Sul,4307,Caxias do Sul,430036,Caxias do Sul,00570,4300570,Alto Feliz,
43,Rio Grande do Sul,4301,Porto Alegre,430001,Porto Alegre,00604,4300604,Alvorada,
43,Rio Grande do Sul,4301,Porto Alegre,430005,Camaquã,00638,4300638,Amaral Ferrador,
43,Rio Grande do Sul,4306,Passo Fundo,430029,Frederico Westphalen,00646,4300646,Ametista do Sul,
43,Rio Grande do Sul,4307,Caxias do Sul,430038,Nova Prata - Guaporé,00661,4300661,André da Rocha,
43,Rio Grande do Sul,4308,Santa Cruz do Sul - Lajeado,430043,Encantado,00703,4300703,Anta Gorda,
43,Rio Grande do Sul,4307,Caxias do Sul,430036,Caxias do Sul,00802,4300802,Antônio Prado,
43,Rio Grande do Sul,4301,Porto Alegre,430005,Camaquã,00851,4300851,Arambaré,
43,Rio Grande do Sul,4301,Porto Alegre,430002,Novo Hamburgo - São Leopoldo,00877,4300877,Araricá,
43,Rio Grande do Sul,4306,Passo Fundo,430026,Erechim,00901,4300901,Aratiba,
43,Rio Grande do Sul,4308,Santa Cruz do Sul - Lajeado,430041,Lajeado,01008,4301008,Arroio do Meio,
43,Rio Grande do Sul,4302,Pelotas,430009,Pelotas,01073,4301073,Arroio do Padre,
43,Rio Grande do Sul,4301,Porto Alegre,430008,Torres,01057,4301057,Arroio do Sal,
43,Rio Grande do Sul,4308,Santa Cruz do Sul - Lajeado,430042,Sobradinho,01206,4301206,Arroio do Tigre,
43,Rio Grande do Sul,4301,Porto Alegre,430001,Porto Alegre,01107,4301107,Arroio dos Ratos,
43,Rio Grande do Sul,4302,Pelotas,430009,Pelotas,01305,4301305,Arroio Grande,
43,Rio Grande do Sul,4306,Passo Fundo,430031,Soledade,01404,4301404,Arvorezinha,
43,Rio Grande do Sul,4305,Ijuí,430018,Ijuí,01503,4301503,Augusto Pestana,
43,Rio Grande do Sul,4306,Passo Fundo,430026,Erechim,01552,4301552,Áurea,
43,Rio Grande do Sul,4302,Pelotas,430010,Bagé,01602,4301602,Bagé,
43,Rio Grande do Sul,4301,Porto Alegre,430003,Tramandaí - Osório,01636,4301636,Balneário Pinhal,
43,Rio Grande do Sul,4307,Caxias do Sul,430037,Bento Gonçalves,01651,4301651,Barão,
43,Rio Grande do Sul,4306,Passo Fundo,430026,Erechim,01701,4301701,Barão de Cotegipe,
43,Rio Grande do Sul,4301,Porto Alegre,430001,Porto Alegre,01750,4301750,Barão do Triunfo,
43,Rio Grande do Sul,4305,Ijuí,430021,Três Passos,01859,4301859,Barra do Guarita,
43,Rio Grande do Sul,4304,Uruguaiana,430015,Uruguaiana,01875,4301875,Barra do Quaraí,
43,Rio Grande do Sul,4301,Porto Alegre,430001,Porto Alegre,01909,4301909,Barra do Ribeiro,
43,Rio Grande do Sul,4306,Passo Fundo,430026,Erechim,01925,4301925,Barra do Rio Azul,
43,Rio Grande do Sul,4306,Passo Fundo,430028,Carazinho,01958,4301958,Barra Funda,
43,Rio Grande do Sul,4306,Passo Fundo,430033,Lagoa Vermelha,01800,4301800,Barracão,
43,Rio Grande do Sul,4306,Passo Fundo,430031,Soledade,02006,4302006,Barros Cassal,
43,Rio Grande do Sul,4306,Passo Fundo,430026,Erechim,02055,4302055,Benjamin Constant do Sul,
43,Rio Grande do Sul,4307,Caxias do Sul,430037,Bento Gonçalves,02105,4302105,Bento Gonçalves,
43,Rio Grande do Sul,4306,Passo Fundo,430029,Frederico Westphalen,02154,4302154,Boa Vista das Missões,
43,Rio Grande do Sul,4305,Ijuí,430023,Três de Maio,02204,4302204,Boa Vista do Buricá,
43,Rio Grande do Sul,4306,Passo Fundo,430027,Cruz Alta,02220,4302220,Boa Vista do Cadeado,
43,Rio Grande do Sul,4306,Passo Fundo,430027,Cruz Alta,02238,4302238,Boa Vista do Incra,
43,Rio Grande do Sul,4307,Caxias do Sul,430037,Bento Gonçalves,02253,4302253,Boa Vista do Sul,
43,Rio Grande do Sul,4307,Caxias do Sul,430039,Vacaria,02303,4302303,Bom Jesus,
43,Rio Grande do Sul,4301,Porto Alegre,430002,Novo Hamburgo - São Leopoldo,02352,4302352,Bom Princípio,
43,Rio Grande do Sul,4305,Ijuí,430021,Três Passos,02378,4302378,Bom Progresso,
43,Rio Grande do Sul,4308,Santa Cruz do Sul - Lajeado,430041,Lajeado,02402,4302402,Bom Retiro do Sul,
43,Rio Grande do Sul,4308,Santa Cruz do Sul - Lajeado,430041,Lajeado,02451,4302451,Boqueirão do Leão,
43,Rio Grande do Sul,4305,Ijuí,430022,São Luiz Gonzaga,02501,4302501,Bossoroca,
43,Rio Grande do Sul,4305,Ijuí,430018,Ijuí,02584,4302584,Bozano,
43,Rio Grande do Sul,4305,Ijuí,430021,Três Passos,02600,4302600,Braga,
43,Rio Grande do Sul,4301,Porto Alegre,430007,Montenegro,02659,4302659,Brochier,
43,Rio Grande do Sul,4301,Porto Alegre,430006,Charqueadas - Triunfo - São Jerônimo,02709,4302709,Butiá,
43,Rio Grande do Sul,4303,Santa Maria,430012,São Gabriel - Caçapava do Sul,02808,4302808,Caçapava do Sul,
43,Rio Grande do Sul,4303,Santa Maria,430011,Santa Maria,02907,4302907,Cacequi,
43,Rio Grande do Sul,4303,Santa Maria,430013,Cachoeira do Sul,03004,4303004,Cachoeira do Sul,
43,Rio Grande do Sul,4301,Porto Alegre,430001,Porto Alegre,03103,4303103,Cachoeirinha,
43,Rio Grande do Sul,4306,Passo Fundo,430033,Lagoa Vermelha,03202,4303202,Cacique Doble,
43,Rio Grande do Sul,4305,Ijuí,430022,São Luiz Gonzaga,03301,4303301,Caibaté,
43,Rio Grande do Sul,4306,Passo Fundo,430029,Frederico Westphalen,03400,4303400,Caiçara,
43,Rio Grande do Sul,4301,Porto Alegre,430005,Camaquã,03509,4303509,Camaquã,
43,Rio Grande do Sul,4306,Passo Fundo,430030,Marau,03558,4303558,Camargo,
43,Rio Grande do Sul,4307,Caxias do Sul,430036,Caxias do Sul,03608,4303608,Cambará do Sul,
43,Rio Grande do Sul,4307,Caxias do Sul,430036,Caxias do Sul,03673,4303673,Campestre da Serra,
43,Rio Grande do Sul,4305,Ijuí,430019,Santa Rosa,03707,4303707,Campina das Missões,
43,Rio Grande do Sul,4306,Passo Fundo,430026,Erechim,03806,4303806,Campinas do Sul,
43,Rio Grande do Sul,4301,Porto Alegre,430002,Novo Hamburgo - São Leopoldo,03905,4303905,Campo Bom,
43,Rio Grande do Sul,4305,Ijuí,430021,Três Passos,04002,4304002,Campo Novo,
43,Rio Grande do Sul,4306,Passo Fundo,430025,Passo Fundo,04101,4304101,Campos Borges,
43,Rio Grande do Sul,4308,Santa Cruz do Sul - Lajeado,430040,Santa Cruz do Sul,04200,4304200,Candelária,
43,Rio Grande do Sul,4305,Ijuí,430019,Santa Rosa,04309,4304309,Cândido Godói,
43,Rio Grande do Sul,4302,Pelotas,430010,Bagé,04358,4304358,Candiota,
43,Rio Grande do Sul,4307,Caxias do Sul,430036,Caxias do Sul,04408,4304408,Canela,
43,Rio Grande do Sul,4302,Pelotas,430009,Pelotas,04507,4304507,Canguçu,
43,Rio Grande do Sul,4301,Porto Alegre,430001,Porto Alegre,04606,4304606,Canoas,
43,Rio Grande do Sul,4308,Santa Cruz do Sul - Lajeado,430041,Lajeado,04614,4304614,Canudos do Vale,
43,Rio Grande do Sul,4306,Passo Fundo,430033,Lagoa Vermelha,04622,4304622,Capão Bonito do Sul,
43,Rio Grande do Sul,4301,Porto Alegre,430003,Tramandaí - Osório,04630,4304630,Capão da Canoa,
43,Rio Grande do Sul,4303,Santa Maria,430014,Santiago,04655,4304655,Capão do Cipó,
43,Rio Grande do Sul,4302,Pelotas,430009,Pelotas,04663,4304663,Capão do Leão,
43,Rio Grande do Sul,4301,Porto Alegre,430002,Novo Hamburgo - São Leopoldo,04689,4304689,Capela de Santana,
43,Rio Grande do Sul,4308,Santa Cruz do Sul - Lajeado,430041,Lajeado,04697,4304697,Capitão,
43,Rio Grande do Sul,4301,Porto Alegre,430001,Porto Alegre,04671,4304671,Capivari do Sul,
43,Rio Grande do Sul,4301,Porto Alegre,430001,Porto Alegre,04713,4304713,Caraá,
43,Rio Grande do Sul,4306,Passo Fundo,430028,Carazinho,04705,4304705,Carazinho,
43,Rio Grande do Sul,4307,Caxias do Sul,430037,Bento Gonçalves,04804,4304804,Carlos Barbosa,
43,Rio Grande do Sul,4306,Passo Fundo,430026,Erechim,04853,4304853,Carlos Gomes,
43,Rio Grande do Sul,4306,Passo Fundo,430030,Marau,04903,4304903,Casca,
43,Rio Grande do Sul,4306,Passo Fundo,430033,Lagoa Vermelha,04952,4304952,Caseiros,
43,Rio Grande do Sul,4305,Ijuí,430018,Ijuí,05009,4305009,Catuípe,
43,Rio Grande do Sul,4307,Caxias do Sul,430036,Caxias do Sul,05108,4305108,Caxias do Sul,
43,Rio Grande do Sul,4306,Passo Fundo,430026,Erechim,05116,4305116,Centenário,
43,Rio Grande do Sul,4302,Pelotas,430009,Pelotas,05124,4305124,Cerrito,
43,Rio Grande do Sul,4303,Santa Maria,430013,Cachoeira do Sul,05132,4305132,Cerro Branco,
43,Rio Grande do Sul,4306,Passo Fundo,430034,Palmeira das Missões,05157,4305157,Cerro Grande,
43,Rio Grande do Sul,4301,Porto Alegre,430005,Camaquã,05173,4305173,Cerro Grande do Sul,
43,Rio Grande do Sul,4305,Ijuí,430024,Cerro Largo,05207,4305207,Cerro Largo,
43,Rio Grande do Sul,4306,Passo Fundo,430028,Carazinho,05306,4305306,Chapada,
43,Rio Grande do Sul,4301,Porto Alegre,430006,Charqueadas - Triunfo - São Jerônimo,05355,4305355,Charqueadas,
43,Rio Grande do Sul,4306,Passo Fundo,430032,Tapejara - Sananduva,05371,4305371,Charrua,
43,Rio Grande do Sul,4305,Ijuí,430018,Ijuí,05405,4305405,Chiapetta,
43,Rio Grande do Sul,4302,Pelotas,430009,Pelotas,05439,4305439,Chuí,
43,Rio Grande do Sul,4301,Porto Alegre,430005,Camaquã,05447,4305447,Chuvisca,
43,Rio Grande do Sul,4301,Porto Alegre,430003,Tramandaí - Osório,05454,4305454,Cidreira,
43,Rio Grande do Sul,4306,Passo Fundo,430030,Marau,05504,4305504,Ciríaco,
43,Rio Grande do Sul,4308,Santa Cruz do Sul - Lajeado,430041,Lajeado,05587,4305587,Colinas,
43,Rio Grande do Sul,4306,Passo Fundo,430028,Carazinho,05603,4305603,Colorado,
43,Rio Grande do Sul,4305,Ijuí,430018,Ijuí,05702,4305702,Condor,
43,Rio Grande do Sul,4306,Passo Fundo,430028,Carazinho,05801,4305801,Constantina,
43,Rio Grande do Sul,4308,Santa Cruz do Sul - Lajeado,430041,Lajeado,05835,4305835,Coqueiro Baixo,
43,Rio Grande do Sul,4306,Passo Fundo,430028,Carazinho,05850,4305850,Coqueiros do Sul,
43,Rio Grande do Sul,4305,Ijuí,430018,Ijuí,05871,4305871,Coronel Barros,
43,Rio Grande do Sul,4305,Ijuí,430018,Ijuí,05900,4305900,Coronel Bicaco,
43,Rio Grande do Sul,4307,Caxias do Sul,430037,Bento Gonçalves,05934,4305934,Coronel Pilar,
43,Rio Grande do Sul,4307,Caxias do Sul,430037,Bento Gonçalves,05959,4305959,Cotiporã,
43,Rio Grande do Sul,4306,Passo Fundo,430025,Passo Fundo,05975,4305975,Coxilha,
43,Rio Grande do Sul,4305,Ijuí,430021,Três Passos,06007,4306007,Crissiumal,
43,Rio Grande do Sul,4301,Porto Alegre,430005,Camaquã,06056,4306056,Cristal,
43,Rio Grande do Sul,4306,Passo Fundo,430029,Frederico Westphalen,06072,4306072,Cristal do Sul,
43,Rio Grande do Sul,4306,Passo Fundo,430027,Cruz Alta,06106,4306106,Cruz Alta,
43,Rio Grande do Sul,4306,Passo Fundo,430026,Erechim,06130,4306130,Cruzaltense,
43,Rio Grande do Sul,4308,Santa Cruz do Sul - Lajeado,430041,Lajeado,06205,4306205,Cruzeiro do Sul,
43,Rio Grande do Sul,4306,Passo Fundo,430030,Marau,06304,4306304,David Canabarro,
43,Rio Grande do Sul,4305,Ijuí,430021,Três Passos,06320,4306320,Derrubadas,
43,Rio Grande do Sul,4305,Ijuí,430022,São Luiz Gonzaga,06353,4306353,Dezesseis de Novembro,
43,Rio Grande do Sul,4303,Santa Maria,430011,Santa Maria,06379,4306379,Dilermando de Aguiar,
43,Rio Grande do Sul,4301,Porto Alegre,430002,Novo Hamburgo - São Leopoldo,06403,4306403,Dois Irmãos,
43,Rio Grande do Sul,4306,Passo Fundo,430034,Palmeira das Missões,06429,4306429,Dois Irmãos das Missões,
43,Rio Grande do Sul,4307,Caxias do Sul,430038,Nova Prata - Guaporé,06452,4306452,Dois Lajeados,
43,Rio Grande do Sul,4301,Porto Alegre,430005,Camaquã,06502,4306502,Dom Feliciano,
43,Rio Grande do Sul,4302,Pelotas,430010,Bagé,06601,4306601,Dom Pedrito,
43,Rio Grande do Sul,4301,Porto Alegre,430008,Torres,06551,4306551,Dom Pedro de Alcântara,
43,Rio Grande do Sul,4303,Santa Maria,430011,Santa Maria,06700,4306700,Dona Francisca,
43,Rio Grande do Sul,4305,Ijuí,430023,Três de Maio,06734,4306734,Doutor Maurício Cardoso,
43,Rio Grande do Sul,4308,Santa Cruz do Sul - Lajeado,430043,Encantado,06759,4306759,Doutor Ricardo,
43,Rio Grande do Sul,4301,Porto Alegre,430001,Porto Alegre,06767,4306767,Eldorado do Sul,
43,Rio Grande do Sul,4308,Santa Cruz do Sul - Lajeado,430043,Encantado,06809,4306809,Encantado,
43,Rio Grande do Sul,4308,Santa Cruz do Sul - Lajeado,430040,Santa Cruz do Sul,06908,4306908,Encruzilhada do Sul,
43,Rio Grande do Sul,4306,Passo Fundo,430028,Carazinho,06924,4306924,Engenho Velho,
43,Rio Grande do Sul,4306,Passo Fundo,430026,Erechim,06957,4306957,Entre Rios do Sul,
43,Rio Grande do Sul,4305,Ijuí,430020,Santo Ângelo,06932,4306932,Entre-Ijuís,
43,Rio Grande do Sul,4306,Passo Fundo,430026,Erechim,06973,4306973,Erebango,
43,Rio Grande do Sul,4306,Passo Fundo,430026,Erechim,07005,4307005,Erechim,
43,Rio Grande do Sul,4306,Passo Fundo,430025,Passo Fundo,07054,4307054,Ernestina,
43,Rio Grande do Sul,4306,Passo Fundo,430026,Erechim,07203,4307203,Erval Grande,
43,Rio Grande do Sul,4306,Passo Fundo,430029,Frederico Westphalen,07302,4307302,Erval Seco,
43,Rio Grande do Sul,4307,Caxias do Sul,430039,Vacaria,07401,4307401,Esmeralda,
43,Rio Grande do Sul,4305,Ijuí,430021,Três Passos,07450,4307450,Esperança do Sul,
43,Rio Grande do Sul,4306,Passo Fundo,430025,Passo Fundo,07500,4307500,Espumoso,
43,Rio Grande do Sul,4306,Passo Fundo,430026,Erechim,07559,4307559,Estação,
43,Rio Grande do Sul,4301,Porto Alegre,430002,Novo Hamburgo - São Leopoldo,07609,4307609,Estância Velha,
43,Rio Grande do Sul,4301,Porto Alegre,430001,Porto Alegre,07708,4307708,Esteio,
43,Rio Grande do Sul,4308,Santa Cruz do Sul - Lajeado,430041,Lajeado,07807,4307807,Estrela,
43,Rio Grande do Sul,4308,Santa Cruz do Sul - Lajeado,430042,Sobradinho,07815,4307815,Estrela Velha,
43,Rio Grande do Sul,4305,Ijuí,430020,Santo Ângelo,07831,4307831,Eugênio de Castro,
43,Rio Grande do Sul,4307,Caxias do Sul,430037,Bento Gonçalves,07864,4307864,Fagundes Varela,
43,Rio Grande do Sul,4307,Caxias do Sul,430036,Caxias do Sul,07906,4307906,Farroupilha,
43,Rio Grande do Sul,4303,Santa Maria,430011,Santa Maria,08003,4308003,Faxinal do Soturno,
43,Rio Grande do Sul,4306,Passo Fundo,430026,Erechim,08052,4308052,Faxinalzinho,
43,Rio Grande do Sul,4308,Santa Cruz do Sul - Lajeado,430041,Lajeado,08078,4308078,Fazenda Vilanova,
43,Rio Grande do Sul,4307,Caxias do Sul,430036,Caxias do Sul,08102,4308102,Feliz,
43,Rio Grande do Sul,4307,Caxias do Sul,430036,Caxias do Sul,08201,4308201,Flores da Cunha,
43,Rio Grande do Sul,4306,Passo Fundo,430026,Erechim,08250,4308250,Floriano Peixoto,
43,Rio Grande do Sul,4306,Passo Fundo,430031,Soledade,08300,4308300,Fontoura Xavier,
43,Rio Grande do Sul,4303,Santa Maria,430011,Santa Maria,08409,4308409,Formigueiro,
43,Rio Grande do Sul,4308,Santa Cruz do Sul - Lajeado,430041,Lajeado,08433,4308433,Forquetinha,
43,Rio Grande do Sul,4306,Passo Fundo,430027,Cruz Alta,08458,4308458,Fortaleza dos Valos,
43,Rio Grande do Sul,4306,Passo Fundo,430029,Frederico Westphalen,08508,4308508,Frederico Westphalen,
43,Rio Grande do Sul,4307,Caxias do Sul,430037,Bento Gonçalves,08607,4308607,Garibaldi,
43,Rio Grande do Sul,4305,Ijuí,430022,São Luiz Gonzaga,08656,4308656,Garruchos,
43,Rio Grande do Sul,4306,Passo Fundo,430026,Erechim,08706,4308706,Gaurama,
43,Rio Grande do Sul,4301,Porto Alegre,430006,Charqueadas - Triunfo - São Jerônimo,08805,4308805,General Câmara,
43,Rio Grande do Sul,4306,Passo Fundo,430030,Marau,08854,4308854,Gentil,
43,Rio Grande do Sul,4306,Passo Fundo,430026,Erechim,08904,4308904,Getúlio Vargas,
43,Rio Grande do Sul,4305,Ijuí,430020,Santo Ângelo,09001,4309001,Giruá,
43,Rio Grande do Sul,4301,Porto Alegre,430001,Porto Alegre,09050,4309050,Glorinha,
43,Rio Grande do Sul,4307,Caxias do Sul,430036,Caxias do Sul,09100,4309100,Gramado,
43,Rio Grande do Sul,4306,Passo Fundo,430035,Nonoai,09126,4309126,Gramado dos Loureiros,
43,Rio Grande do Sul,4308,Santa Cruz do Sul - Lajeado,430040,Santa Cruz do Sul,09159,4309159,Gramado Xavier,
43,Rio Grande do Sul,4301,Porto Alegre,430001,Porto Alegre,09209,4309209,Gravataí,
43,Rio Grande do Sul,4307,Caxias do Sul,430038,Nova Prata - Guaporé,09258,4309258,Guabiju,
43,Rio Grande do Sul,4301,Porto Alegre,430001,Porto Alegre,09308,4309308,Guaíba,
43,Rio Grande do Sul,4307,Caxias do Sul,430038,Nova Prata - Guaporé,09407,4309407,Guaporé,
43,Rio Grande do Sul,4305,Ijuí,430020,Santo Ângelo,09506,4309506,Guarani das Missões,
43,Rio Grande do Sul,4301,Porto Alegre,430002,Novo Hamburgo - São Leopoldo,09555,4309555,Harmonia,
43,Rio Grande do Sul,4302,Pelotas,430009,Pelotas,07104,4307104,Herval,
43,Rio Grande do Sul,4308,Santa Cruz do Sul - Lajeado,430040,Santa Cruz do Sul,09571,4309571,Herveiras,
43,Rio Grande do Sul,4305,Ijuí,430023,Três de Maio,09605,4309605,Horizontina,
43,Rio Grande do Sul,4302,Pelotas,430010,Bagé,09654,4309654,Hulha Negra,
43,Rio Grande do Sul,4305,Ijuí,430021,Três Passos,09704,4309704,Humaitá,
43,Rio Grande do Sul,4308,Santa Cruz do Sul - Lajeado,430042,Sobradinho,09753,4309753,Ibarama,
43,Rio Grande do Sul,4306,Passo Fundo,430032,Tapejara - Sananduva,09803,4309803,Ibiaçá,
43,Rio Grande do Sul,4306,Passo Fundo,430033,Lagoa Vermelha,09902,4309902,Ibiraiaras,
43,Rio Grande do Sul,4306,Passo Fundo,430031,Soledade,09951,4309951,Ibirapuitã,
43,Rio Grande do Sul,4306,Passo Fundo,430027,Cruz Alta,10009,4310009,Ibirubá,
43,Rio Grande do Sul,4301,Porto Alegre,430004,Taquara - Parobé - Igrejinha,10108,4310108,Igrejinha,
43,Rio Grande do Sul,4305,Ijuí,430018,Ijuí,10207,4310207,Ijuí,
43,Rio Grande do Sul,4308,Santa Cruz do Sul - Lajeado,430043,Encantado,10306,4310306,Ilópolis,
43,Rio Grande do Sul,4301,Porto Alegre,430003,Tramandaí - Osório,10330,4310330,Imbé,
43,Rio Grande do Sul,4308,Santa Cruz do Sul - Lajeado,430041,Lajeado,10363,4310363,Imigrante,
43,Rio Grande do Sul,4305,Ijuí,430023,Três de Maio,10405,4310405,Independência,
43,Rio Grande do Sul,4305,Ijuí,430018,Ijuí,10413,4310413,Inhacorá,
43,Rio Grande do Sul,4307,Caxias do Sul,430036,Caxias do Sul,10439,4310439,Ipê,
43,Rio Grande do Sul,4306,Passo Fundo,430026,Erechim,10462,4310462,Ipiranga do Sul,
43,Rio Grande do Sul,4306,Passo Fundo,430029,Frederico Westphalen,10504,4310504,Iraí,
43,Rio Grande do Sul,4303,Santa Maria,430011,Santa Maria,10538,4310538,Itaara,
43,Rio Grande do Sul,4303,Santa Maria,430014,Santiago,10553,4310553,Itacurubi,
43,Rio Grande do Sul,4306,Passo Fundo,430031,Soledade,10579,4310579,Itapuca,
43,Rio Grande do Sul,4304,Uruguaiana,430017,São Borja,10603,4310603,Itaqui,
43,Rio Grande do Sul,4301,Porto Alegre,430003,Tramandaí - Osório,10652,4310652,Itati,
43,Rio Grande do Sul,4306,Passo Fundo,430026,Erechim,10702,4310702,Itatiba do Sul,
43,Rio Grande do Sul,4303,Santa Maria,430011,Santa Maria,10751,4310751,Ivorá,
43,Rio Grande do Sul,4301,Porto Alegre,430002,Novo Hamburgo - São Leopoldo,10801,4310801,Ivoti,
43,Rio Grande do Sul,4306,Passo Fundo,430029,Frederico Westphalen,10850,4310850,Jaboticaba,
43,Rio Grande do Sul,4306,Passo Fundo,430027,Cruz Alta,10876,4310876,Jacuizinho,
43,Rio Grande do Sul,4306,Passo Fundo,430026,Erechim,10900,4310900,Jacutinga,
43,Rio Grande do Sul,4302,Pelotas,430009,Pelotas,11007,4311007,Jaguarão,
43,Rio Grande do Sul,4303,Santa Maria,430011,Santa Maria,11106,4311106,Jaguari,
43,Rio Grande do Sul,4307,Caxias do Sul,430039,Vacaria,11122,4311122,Jaquirana,
43,Rio Grande do Sul,4303,Santa Maria,430011,Santa Maria,11130,4311130,Jari,
43,Rio Grande do Sul,4305,Ijuí,430018,Ijuí,11155,4311155,Jóia,
43,Rio Grande do Sul,4303,Santa Maria,430011,Santa Maria,11205,4311205,Júlio de Castilhos,
43,Rio Grande do Sul,4308,Santa Cruz do Sul - Lajeado,430042,Sobradinho,11239,4311239,Lagoa Bonita do Sul,
43,Rio Grande do Sul,4306,Passo Fundo,430025,Passo Fundo,11270,4311270,Lagoa dos Três Cantos,
43,Rio Grande do Sul,4306,Passo Fundo,430033,Lagoa Vermelha,11304,4311304,Lagoa Vermelha,
43,Rio Grande do Sul,4308,Santa Cruz do Sul - Lajeado,430042,Sobradinho,11254,4311254,Lagoão,
43,Rio Grande do Sul,4308,Santa Cruz do Sul - Lajeado,430041,Lajeado,11403,4311403,Lajeado,
43,Rio Grande do Sul,4306,Passo Fundo,430034,Palmeira das Missões,11429,4311429,Lajeado do Bugre,
43,Rio Grande do Sul,4303,Santa Maria,430012,São Gabriel - Caçapava do Sul,11502,4311502,Lavras do Sul,
43,Rio Grande do Sul,4306,Passo Fundo,430029,Frederico Westphalen,11601,4311601,Liberato Salzano,
43,Rio Grande do Sul,4301,Porto Alegre,430002,Novo Hamburgo - São Leopoldo,11627,4311627,Lindolfo Collor,
43,Rio Grande do Sul,4301,Porto Alegre,430002,Novo Hamburgo - São Leopoldo,11643,4311643,Linha Nova,
43,Rio Grande do Sul,4304,Uruguaiana,430017,São Borja,11718,4311718,Maçambará,
43,Rio Grande do Sul,4306,Passo Fundo,430033,Lagoa Vermelha,11700,4311700,Machadinho,
43,Rio Grande do Sul,4301,Porto Alegre,430008,Torres,11734,4311734,Mampituba,
43,Rio Grande do Sul,4304,Uruguaiana,430015,Uruguaiana,11759,4311759,Manoel Viana,
43,Rio Grande do Sul,4301,Porto Alegre,430003,Tramandaí - Osório,11775,4311775,Maquiné,
43,Rio Grande do Sul,4301,Porto Alegre,430007,Montenegro,11791,4311791,Maratá,
43,Rio Grande do Sul,4306,Passo Fundo,430030,Marau,11809,4311809,Marau,
43,Rio Grande do Sul,4306,Passo Fundo,430026,Erechim,11908,4311908,Marcelino Ramos,
43,Rio Grande do Sul,4301,Porto Alegre,430001,Porto Alegre,11981,4311981,Mariana Pimentel,
43,Rio Grande do Sul,4306,Passo Fundo,430026,Erechim,12005,4312005,Mariano Moro,
43,Rio Grande do Sul,4308,Santa Cruz do Sul - Lajeado,430041,Lajeado,12054,4312054,Marques de Souza,
43,Rio Grande do Sul,4303,Santa Maria,430011,Santa Maria,12104,4312104,Mata,
43,Rio Grande do Sul,4306,Passo Fundo,430025,Passo Fundo,12138,4312138,Mato Castelhano,
43,Rio Grande do Sul,4308,Santa Cruz do Sul - Lajeado,430040,Santa Cruz do Sul,12153,4312153,Mato Leitão,
43,Rio Grande do Sul,4305,Ijuí,430024,Cerro Largo,12179,4312179,Mato Queimado,
43,Rio Grande do Sul,4306,Passo Fundo,430032,Tapejara - Sananduva,12203,4312203,Maximiliano de Almeida,
43,Rio Grande do Sul,4301,Porto Alegre,430006,Charqueadas - Triunfo - São Jerônimo,12252,4312252,Minas do Leão,
43,Rio Grande do Sul,4305,Ijuí,430021,Três Passos,12302,4312302,Miraguaí,
43,Rio Grande do Sul,4307,Caxias do Sul,430038,Nova Prata - Guaporé,12351,4312351,Montauri,
43,Rio Grande do Sul,4307,Caxias do Sul,430039,Vacaria,12377,4312377,Monte Alegre dos Campos,
43,Rio Grande do Sul,4307,Caxias do Sul,430037,Bento Gonçalves,12385,4312385,Monte Belo do Sul,
43,Rio Grande do Sul,4301,Porto Alegre,430007,Montenegro,12401,4312401,Montenegro,
43,Rio Grande do Sul,4306,Passo Fundo,430031,Soledade,12427,4312427,Mormaço,
43,Rio Grande do Sul,4301,Porto Alegre,430008,Torres,12443,4312443,Morrinhos do Sul,
43,Rio Grande do Sul,4302,Pelotas,430009,Pelotas,12450,4312450,Morro Redondo,
43,Rio Grande do Sul,4301,Porto Alegre,430002,Novo Hamburgo - São Leopoldo,12476,4312476,Morro Reuter,
43,Rio Grande do Sul,4301,Porto Alegre,430001,Porto Alegre,12500,4312500,Mostardas,
43,Rio Grande do Sul,4308,Santa Cruz do Sul - Lajeado,430043,Encantado,12609,4312609,Muçum,
43,Rio Grande do Sul,4307,Caxias do Sul,430039,Vacaria,12617,4312617,Muitos Capões,
43,Rio Grande do Sul,4306,Passo Fundo,430030,Marau,12625,4312625,Muliterno,
43,Rio Grande do Sul,4306,Passo Fundo,430028,Carazinho,12658,4312658,Não-Me-Toque,
43,Rio Grande do Sul,4306,Passo Fundo,430025,Passo Fundo,12674,4312674,Nicolau Vergueiro,
43,Rio Grande do Sul,4306,Passo Fundo,430035,Nonoai,12708,4312708,Nonoai,
43,Rio Grande do Sul,4306,Passo Fundo,430030,Marau,12757,4312757,Nova Alvorada,
43,Rio Grande do Sul,4307,Caxias do Sul,430038,Nova Prata - Guaporé,12807,4312807,Nova Araçá,
43,Rio Grande do Sul,4307,Caxias do Sul,430038,Nova Prata - Guaporé,12906,4312906,Nova Bassano,
43,Rio Grande do Sul,4306,Passo Fundo,430028,Carazinho,12955,4312955,Nova Boa Vista,
43,Rio Grande do Sul,4308,Santa Cruz do Sul - Lajeado,430043,Encantado,13003,4313003,Nova Bréscia,
43,Rio Grande do Sul,4305,Ijuí,430023,Três de Maio,13011,4313011,Nova Candelária,
43,Rio Grande do Sul,4303,Santa Maria,430014,Santiago,13037,4313037,Nova Esperança do Sul,
43,Rio Grande do Sul,4301,Porto Alegre,430002,Novo Hamburgo - São Leopoldo,13060,4313060,Nova Hartz,
43,Rio Grande do Sul,4307,Caxias do Sul,430036,Caxias do Sul,13086,4313086,Nova Pádua,
43,Rio Grande do Sul,4303,Santa Maria,430011,Santa Maria,13102,4313102,Nova Palma,
43,Rio Grande do Sul,4307,Caxias do Sul,430036,Caxias do Sul,13201,4313201,Nova Petrópolis,
43,Rio Grande do Sul,4307,Caxias do Sul,430038,Nova Prata - Guaporé,13300,4313300,Nova Prata,
43,Rio Grande do Sul,4305,Ijuí,430018,Ijuí,13334,4313334,Nova Ramada,
43,Rio Grande do Sul,4307,Caxias do Sul,430036,Caxias do Sul,13359,4313359,Nova Roma do Sul,
43,Rio Grande do Sul,4301,Porto Alegre,430001,Porto Alegre,13375,4313375,Nova Santa Rita,
43,Rio Grande do Sul,4306,Passo Fundo,430034,Palmeira das Missões,13490,4313490,Novo Barreiro,
43,Rio Grande do Sul,4303,Santa Maria,430013,Cachoeira do Sul,13391,4313391,Novo Cabrais,
43,Rio Grande do Sul,4301,Porto Alegre,430002,Novo Hamburgo - São Leopoldo,13409,4313409,Novo Hamburgo,
43,Rio Grande do Sul,4305,Ijuí,430019,Santa Rosa,13425,4313425,Novo Machado,
43,Rio Grande do Sul,4306,Passo Fundo,430029,Frederico Westphalen,13441,4313441,Novo Tiradentes,
43,Rio Grande do Sul,4306,Passo Fundo,430028,Carazinho,13466,4313466,Novo Xingu,
43,Rio Grande do Sul,4301,Porto Alegre,430003,Tramandaí - Osório,13508,4313508,Osório,
43,Rio Grande do Sul,4306,Passo Fundo,430032,Tapejara - Sananduva,13607,4313607,Paim Filho,
43,Rio Grande do Sul,4301,Porto Alegre,430001,Porto Alegre,13656,4313656,Palmares do Sul,
43,Rio Grande do Sul,4306,Passo Fundo,430034,Palmeira das Missões,13706,4313706,Palmeira das Missões,
43,Rio Grande do Sul,4306,Passo Fundo,430029,Frederico Westphalen,13805,4313805,Palmitinho,
43,Rio Grande do Sul,4305,Ijuí,430018,Ijuí,13904,4313904,Panambi,
43,Rio Grande do Sul,4308,Santa Cruz do Sul - Lajeado,430040,Santa Cruz do Sul,13953,4313953,Pantano Grande,
43,Rio Grande do Sul,4307,Caxias do Sul,430038,Nova Prata - Guaporé,14001,4314001,Paraí,
43,Rio Grande do Sul,4303,Santa Maria,430013,Cachoeira do Sul,14027,4314027,Paraíso do Sul,
43,Rio Grande do Sul,4301,Porto Alegre,430007,Montenegro,14035,4314035,Pareci Novo,
43,Rio Grande do Sul,4301,Porto Alegre,430004,Taquara - Parobé - Igrejinha,14050,4314050,Parobé,
43,Rio Grande do Sul,4308,Santa Cruz do Sul - Lajeado,430042,Sobradinho,14068,4314068,Passa Sete,
43,Rio Grande do Sul,4308,Santa Cruz do Sul - Lajeado,430040,Santa Cruz do Sul,14076,4314076,Passo do Sobrado,
43,Rio Grande do Sul,4306,Passo Fundo,430025,Passo Fundo,14100,4314100,Passo Fundo,
43,Rio Grande do Sul,4306,Passo Fundo,430026,Erechim,14134,4314134,Paulo Bento,
43,Rio Grande do Sul,4308,Santa Cruz do Sul - Lajeado,430041,Lajeado,14159,4314159,Paverama,
43,Rio Grande do Sul,4302,Pelotas,430010,Bagé,14175,4314175,Pedras Altas,
43,Rio Grande do Sul,4302,Pelotas,430009,Pelotas,14209,4314209,Pedro Osório,
43,Rio Grande do Sul,4305,Ijuí,430018,Ijuí,14308,4314308,Pejuçara,
43,Rio Grande do Sul,4302,Pelotas,430009,Pelotas,14407,4314407,Pelotas,
43,Rio Grande do Sul,4307,Caxias do Sul,430036,Caxias do Sul,14423,4314423,Picada Café,
43,Rio Grande do Sul,4306,Passo Fundo,430029,Frederico Westphalen,14456,4314456,Pinhal,
43,Rio Grande do Sul,4307,Caxias do Sul,430039,Vacaria,14464,4314464,Pinhal da Serra,
43,Rio Grande do Sul,4303,Santa Maria,430011,Santa Maria,14472,4314472,Pinhal Grande,
43,Rio Grande do Sul,4306,Passo Fundo,430029,Frederico Westphalen,14498,4314498,Pinheirinho do Vale,
43,Rio Grande do Sul,4302,Pelotas,430010,Bagé,14506,4314506,Pinheiro Machado,
43,Rio Grande do Sul,4307,Caxias do Sul,430037,Bento Gonçalves,14548,4314548,Pinto Bandeira,
43,Rio Grande do Sul,4305,Ijuí,430022,São Luiz Gonzaga,14555,4314555,Pirapó,
43,Rio Grande do Sul,4302,Pelotas,430009,Pelotas,14605,4314605,Piratini,
43,Rio Grande do Sul,4306,Passo Fundo,430035,Nonoai,14704,4314704,Planalto,
43,Rio Grande do Sul,4308,Santa Cruz do Sul - Lajeado,430041,Lajeado,14753,4314753,Poço das Antas,
43,Rio Grande do Sul,4306,Passo Fundo,430025,Passo Fundo,14779,4314779,Pontão,
43,Rio Grande do Sul,4306,Passo Fundo,430026,Erechim,14787,4314787,Ponte Preta,
43,Rio Grande do Sul,4301,Porto Alegre,430002,Novo Hamburgo - São Leopoldo,14803,4314803,Portão,
43,Rio Grande do Sul,4301,Porto Alegre,430001,Porto Alegre,14902,4314902,Porto Alegre,
43,Rio Grande do Sul,4305,Ijuí,430019,Santa Rosa,15008,4315008,Porto Lucena,
43,Rio Grande do Sul,4305,Ijuí,430019,Santa Rosa,15057,4315057,Porto Mauá,
43,Rio Grande do Sul,4305,Ijuí,430019,Santa Rosa,15073,4315073,Porto Vera Cruz,
43,Rio Grande do Sul,4305,Ijuí,430024,Cerro Largo,15107,4315107,Porto Xavier,
43,Rio Grande do Sul,4308,Santa Cruz do Sul - Lajeado,430041,Lajeado,15131,4315131,Pouso Novo,
43,Rio Grande do Sul,4301,Porto Alegre,430002,Novo Hamburgo - São Leopoldo,15149,4315149,Presidente Lucena,
43,Rio Grande do Sul,4308,Santa Cruz do Sul - Lajeado,430041,Lajeado,15156,4315156,Progresso,
43,Rio Grande do Sul,4307,Caxias do Sul,430038,Nova Prata - Guaporé,15172,4315172,Protásio Alves,
43,Rio Grande do Sul,4308,Santa Cruz do Sul - Lajeado,430043,Encantado,15206,4315206,Putinga,
43,Rio Grande do Sul,4304,Uruguaiana,430016,Santana do Livramento,15305,4315305,Quaraí,
43,Rio Grande do Sul,4306,Passo Fundo,430026,Erechim,15313,4315313,Quatro Irmãos,
43,Rio Grande do Sul,4303,Santa Maria,430011,Santa Maria,15321,4315321,Quevedos,
43,Rio Grande do Sul,4306,Passo Fundo,430027,Cruz Alta,15354,4315354,Quinze de Novembro,
43,Rio Grande do Sul,4305,Ijuí,430021,Três Passos,15404,4315404,Redentora,
43,Rio Grande do Sul,4308,Santa Cruz do Sul - Lajeado,430043,Encantado,15453,4315453,Relvado,
43,Rio Grande do Sul,4303,Santa Maria,430011,Santa Maria,15503,4315503,Restinga Sêca,
43,Rio Grande do Sul,4306,Passo Fundo,430035,Nonoai,15552,4315552,Rio dos Índios,
43,Rio Grande do Sul,4302,Pelotas,430009,Pelotas,15602,4315602,Rio Grande,
43,Rio Grande do Sul,4308,Santa Cruz do Sul - Lajeado,430040,Santa Cruz do Sul,15701,4315701,Rio Pardo,
43,Rio Grande do Sul,4301,Porto Alegre,430004,Taquara - Parobé - Igrejinha,15750,4315750,Riozinho,
43,Rio Grande do Sul,4308,Santa Cruz do Sul - Lajeado,430043,Encantado,15800,4315800,Roca Sales,
43,Rio Grande do Sul,4306,Passo Fundo,430029,Frederico Westphalen,15909,4315909,Rodeio Bonito,
43,Rio Grande do Sul,4305,Ijuí,430022,São Luiz Gonzaga,15958,4315958,Rolador,
43,Rio Grande do Sul,4301,Porto Alegre,430004,Taquara - Parobé - Igrejinha,16006,4316006,Rolante,
43,Rio Grande do Sul,4306,Passo Fundo,430025,Passo Fundo,16105,4316105,Ronda Alta,
43,Rio Grande do Sul,4306,Passo Fundo,430028,Carazinho,16204,4316204,Rondinha,
43,Rio Grande do Sul,4305,Ijuí,430024,Cerro Largo,16303,4316303,Roque Gonzales,
43,Rio Grande do Sul,4304,Uruguaiana,430016,Santana do Livramento,16402,4316402,Rosário do Sul,
43,Rio Grande do Sul,4306,Passo Fundo,430034,Palmeira das Missões,16428,4316428,Sagrada Família,
43,Rio Grande do Sul,4306,Passo Fundo,430028,Carazinho,16436,4316436,Saldanha Marinho,
43,Rio Grande do Sul,4306,Passo Fundo,430027,Cruz Alta,16451,4316451,Salto do Jacuí,
43,Rio Grande do Sul,4305,Ijuí,430024,Cerro Largo,16477,4316477,Salvador das Missões,
43,Rio Grande do Sul,4301,Porto Alegre,430007,Montenegro,16501,4316501,Salvador do Sul,
43,Rio Grande do Sul,4306,Passo Fundo,430032,Tapejara - Sananduva,16600,4316600,Sananduva,
43,Rio Grande do Sul,4306,Passo Fundo,430027,Cruz Alta,16709,4316709,Santa Bárbara do Sul,
43,Rio Grande do Sul,4306,Passo Fundo,430032,Tapejara - Sananduva,16733,4316733,Santa Cecília do Sul,
43,Rio Grande do Sul,4308,Santa Cruz do Sul - Lajeado,430041,Lajeado,16758,4316758,Santa Clara do Sul,
43,Rio Grande do Sul,4308,Santa Cruz do Sul - Lajeado,430040,Santa Cruz do Sul,16808,4316808,Santa Cruz do Sul,
43,Rio Grande do Sul,4303,Santa Maria,430012,São Gabriel - Caçapava do Sul,16972,4316972,Santa Margarida do Sul,
43,Rio Grande do Sul,4303,Santa Maria,430011,Santa Maria,16907,4316907,Santa Maria,
43,Rio Grande do Sul,4301,Porto Alegre,430002,Novo Hamburgo - São Leopoldo,16956,4316956,Santa Maria do Herval,
43,Rio Grande do Sul,4305,Ijuí,430019,Santa Rosa,17202,4317202,Santa Rosa,
43,Rio Grande do Sul,4307,Caxias do Sul,430037,Bento Gonçalves,17251,4317251,Santa Tereza,
43,Rio Grande do Sul,4302,Pelotas,430009,Pelotas,17301,4317301,Santa Vitória do Palmar,
43,Rio Grande do Sul,4303,Santa Maria,430012,São Gabriel - Caçapava do Sul,17004,4317004,Santana da Boa Vista,
43,Rio Grande do Sul,4304,Uruguaiana,430016,Santana do Livramento,17103,4317103,Sant'Ana do Livramento,
43,Rio Grande do Sul,4303,Santa Maria,430014,Santiago,17400,4317400,Santiago,
43,Rio Grande do Sul,4305,Ijuí,430020,Santo Ângelo,17509,4317509,Santo Ângelo,
43,Rio Grande do Sul,4301,Porto Alegre,430001,Porto Alegre,17608,4317608,Santo Antônio da Patrulha,
43,Rio Grande do Sul,4305,Ijuí,430022,São Luiz Gonzaga,17707,4317707,Santo Antônio das Missões,
43,Rio Grande do Sul,4306,Passo Fundo,430030,Marau,17558,4317558,Santo Antônio do Palma,
43,Rio Grande do Sul,4306,Passo Fundo,430028,Carazinho,17756,4317756,Santo Antônio do Planalto,
43,Rio Grande do Sul,4305,Ijuí,430018,Ijuí,17806,4317806,Santo Augusto,
43,Rio Grande do Sul,4305,Ijuí,430019,Santa Rosa,17905,4317905,Santo Cristo,
43,Rio Grande do Sul,4306,Passo Fundo,430032,Tapejara - Sananduva,17954,4317954,Santo Expedito do Sul,
43,Rio Grande do Sul,4304,Uruguaiana,430017,São Borja,18002,4318002,São Borja,
43,Rio Grande do Sul,4306,Passo Fundo,430030,Marau,18051,4318051,São Domingos do Sul,
43,Rio Grande do Sul,4303,Santa Maria,430011,Santa Maria,18101,4318101,São Francisco de Assis,
43,Rio Grande do Sul,4307,Caxias do Sul,430036,Caxias do Sul,18200,4318200,São Francisco de Paula,
43,Rio Grande do Sul,4303,Santa Maria,430012,São Gabriel - Caçapava do Sul,18309,4318309,São Gabriel,
43,Rio Grande do Sul,4301,Porto Alegre,430006,Charqueadas - Triunfo - São Jerônimo,18408,4318408,São Jerônimo,
43,Rio Grande do Sul,4306,Passo Fundo,430032,Tapejara - Sananduva,18424,4318424,São João da Urtiga,
43,Rio Grande do Sul,4303,Santa Maria,430011,Santa Maria,18432,4318432,São João do Polêsine,
43,Rio Grande do Sul,4307,Caxias do Sul,430038,Nova Prata - Guaporé,18440,4318440,São Jorge,
43,Rio Grande do Sul,4306,Passo Fundo,430034,Palmeira das Missões,18457,4318457,São José das Missões,
43,Rio Grande do Sul,4306,Passo Fundo,430031,Soledade,18465,4318465,São José do Herval,
43,Rio Grande do Sul,4301,Porto Alegre,430002,Novo Hamburgo - São Leopoldo,18481,4318481,São José do Hortêncio,
43,Rio Grande do Sul,4305,Ijuí,430023,Três de Maio,18499,4318499,São José do Inhacorá,
43,Rio Grande do Sul,4302,Pelotas,430009,Pelotas,18507,4318507,São José do Norte,
43,Rio Grande do Sul,4306,Passo Fundo,430033,Lagoa Vermelha,18606,4318606,São José do Ouro,
43,Rio Grande do Sul,4301,Porto Alegre,430007,Montenegro,18614,4318614,São José do Sul,
43,Rio Grande do Sul,4307,Caxias do Sul,430039,Vacaria,18622,4318622,São José dos Ausentes,
43,Rio Grande do Sul,4301,Porto Alegre,430002,Novo Hamburgo - São Leopoldo,18705,4318705,São Leopoldo,
43,Rio Grande do Sul,4302,Pelotas,430009,Pelotas,18804,4318804,São Lourenço do Sul,
43,Rio Grande do Sul,4305,Ijuí,430022,São Luiz Gonzaga,18903,4318903,São Luiz Gonzaga,
43,Rio Grande do Sul,4307,Caxias do Sul,430036,Caxias do Sul,19000,4319000,São Marcos,
43,Rio Grande do Sul,4305,Ijuí,430021,Três Passos,19109,4319109,São Martinho,
43,Rio Grande do Sul,4303,Santa Maria,430011,Santa Maria,19125,4319125,São Martinho da Serra,
43,Rio Grande do Sul,4305,Ijuí,430020,Santo Ângelo,19158,4319158,São Miguel das Missões,
43,Rio Grande do Sul,4305,Ijuí,430022,São Luiz Gonzaga,19208,4319208,São Nicolau,
43,Rio Grande do Sul,4305,Ijuí,430024,Cerro Largo,19307,4319307,São Paulo das Missões,
43,Rio Grande do Sul,4301,Porto Alegre,430007,Montenegro,19356,4319356,São Pedro da Serra,
43,Rio Grande do Sul,4306,Passo Fundo,430034,Palmeira das Missões,19364,4319364,São Pedro das Missões,
43,Rio Grande do Sul,4305,Ijuí,430024,Cerro Largo,19372,4319372,São Pedro do Butiá,
43,Rio Grande do Sul,4303,Santa Maria,430011,Santa Maria,19406,4319406,São Pedro do Sul,
43,Rio Grande do Sul,4301,Porto Alegre,430002,Novo Hamburgo - São Leopoldo,19505,4319505,São Sebastião do Caí,
43,Rio Grande do Sul,4303,Santa Maria,430011,Santa Maria,19604,4319604,São Sepé,
43,Rio Grande do Sul,4306,Passo Fundo,430026,Erechim,19703,4319703,São Valentim,
43,Rio Grande do Sul,4307,Caxias do Sul,430037,Bento Gonçalves,19711,4319711,São Valentim do Sul,
43,Rio Grande do Sul,4305,Ijuí,430018,Ijuí,19737,4319737,São Valério do Sul,
43,Rio Grande do Sul,4301,Porto Alegre,430002,Novo Hamburgo - São Leopoldo,19752,4319752,São Vendelino,
43,Rio Grande do Sul,4303,Santa Maria,430011,Santa Maria,19802,4319802,São Vicente do Sul,
43,Rio Grande do Sul,4301,Porto Alegre,430002,Novo Hamburgo - São Leopoldo,19901,4319901,Sapiranga,
43,Rio Grande do Sul,4301,Porto Alegre,430001,Porto Alegre,20008,4320008,Sapucaia do Sul,
43,Rio Grande do Sul,4306,Passo Fundo,430028,Carazinho,20107,4320107,Sarandi,
43,Rio Grande do Sul,4306,Passo Fundo,430029,Frederico Westphalen,20206,4320206,Seberi,
43,Rio Grande do Sul,4305,Ijuí,430021,Três Passos,20230,4320230,Sede Nova,
43,Rio Grande do Sul,4308,Santa Cruz do Sul - Lajeado,430042,Sobradinho,20263,4320263,Segredo,
43,Rio Grande do Sul,4306,Passo Fundo,430027,Cruz Alta,20305,4320305,Selbach,
43,Rio Grande do Sul,4305,Ijuí,430019,Santa Rosa,20321,4320321,Senador Salgado Filho,
43,Rio Grande do Sul,4301,Porto Alegre,430005,Camaquã,20354,4320354,Sentinela do Sul,
43,Rio Grande do Sul,4307,Caxias do Sul,430038,Nova Prata - Guaporé,20404,4320404,Serafina Corrêa,
43,Rio Grande do Sul,4308,Santa Cruz do Sul - Lajeado,430041,Lajeado,20453,4320453,Sério,
43,Rio Grande do Sul,4306,Passo Fundo,430025,Passo Fundo,20503,4320503,Sertão,
43,Rio Grande do Sul,4301,Porto Alegre,430001,Porto Alegre,20552,4320552,Sertão Santana,
43,Rio Grande do Sul,4305,Ijuí,430020,Santo Ângelo,20578,4320578,Sete de Setembro,
43,Rio Grande do Sul,4306,Passo Fundo,430026,Erechim,20602,4320602,Severiano de Almeida,
43,Rio Grande do Sul,4303,Santa Maria,430011,Santa Maria,20651,4320651,Silveira Martins,
43,Rio Grande do Sul,4308,Santa Cruz do Sul - Lajeado,430040,Santa Cruz do Sul,20677,4320677,Sinimbu,
43,Rio Grande do Sul,4308,Santa Cruz do Sul - Lajeado,430042,Sobradinho,20701,4320701,Sobradinho,
43,Rio Grande do Sul,4306,Passo Fundo,430031,Soledade,20800,4320800,Soledade,
43,Rio Grande do Sul,4308,Santa Cruz do Sul - Lajeado,430041,Lajeado,20859,4320859,Tabaí,
43,Rio Grande do Sul,4306,Passo Fundo,430032,Tapejara - Sananduva,20909,4320909,Tapejara,
43,Rio Grande do Sul,4306,Passo Fundo,430025,Passo Fundo,21006,4321006,Tapera,
43,Rio Grande do Sul,4301,Porto Alegre,430005,Camaquã,21105,4321105,Tapes,
43,Rio Grande do Sul,4301,Porto Alegre,430004,Taquara - Parobé - Igrejinha,21204,4321204,Taquara,
43,Rio Grande do Sul,4308,Santa Cruz do Sul - Lajeado,430041,Lajeado,21303,4321303,Taquari,
43,Rio Grande do Sul,4306,Passo Fundo,430029,Frederico Westphalen,21329,4321329,Taquaruçu do Sul,
43,Rio Grande do Sul,4301,Porto Alegre,430001,Porto Alegre,21352,4321352,Tavares,
43,Rio Grande do Sul,4305,Ijuí,430021,Três Passos,21402,4321402,Tenente Portela,
43,Rio Grande do Sul,4301,Porto Alegre,430003,Tramandaí - Osório,21436,4321436,Terra de Areia,
43,Rio Grande do Sul,4308,Santa Cruz do Sul - Lajeado,430041,Lajeado,21451,4321451,Teutônia,
43,Rio Grande do Sul,4306,Passo Fundo,430025,Passo Fundo,21469,4321469,Tio Hugo,
43,Rio Grande do Sul,4305,Ijuí,430021,Três Passos,21477,4321477,Tiradentes do Sul,
43,Rio Grande do Sul,4303,Santa Maria,430011,Santa Maria,21493,4321493,Toropi,
43,Rio Grande do Sul,4301,Porto Alegre,430008,Torres,21501,4321501,Torres,
43,Rio Grande do Sul,4301,Porto Alegre,430003,Tramandaí - Osório,21600,4321600,Tramandaí,
43,Rio Grande do Sul,4308,Santa Cruz do Sul - Lajeado,430041,Lajeado,21626,4321626,Travesseiro,
43,Rio Grande do Sul,4306,Passo Fundo,430026,Erechim,21634,4321634,Três Arroios,
43,Rio Grande do Sul,4301,Porto Alegre,430008,Torres,21667,4321667,Três Cachoeiras,
43,Rio Grande do Sul,4301,Porto Alegre,430004,Taquara - Parobé - Igrejinha,21709,4321709,Três Coroas,
43,Rio Grande do Sul,4305,Ijuí,430023,Três de Maio,21808,4321808,Três de Maio,
43,Rio Grande do Sul,4301,Porto Alegre,430008,Torres,21832,4321832,Três Forquilhas,
43,Rio Grande do Sul,4306,Passo Fundo,430025,Passo Fundo,21857,4321857,Três Palmeiras,
43,Rio Grande do Sul,4305,Ijuí,430021,Três Passos,21907,4321907,Três Passos,
43,Rio Grande do Sul,4306,Passo Fundo,430035,Nonoai,21956,4321956,Trindade do Sul,
43,Rio Grande do Sul,4301,Porto Alegre,430006,Charqueadas - Triunfo - São Jerônimo,22004,4322004,Triunfo,
43,Rio Grande do Sul,4305,Ijuí,430019,Santa Rosa,22103,4322103,Tucunduva,
43,Rio Grande do Sul,4308,Santa Cruz do Sul - Lajeado,430042,Sobradinho,22152,4322152,Tunas,
43,Rio Grande do Sul,4306,Passo Fundo,430033,Lagoa Vermelha,22186,4322186,Tupanci do Sul,
43,Rio Grande do Sul,4306,Passo Fundo,430027,Cruz Alta,22202,4322202,Tupanciretã,
43,Rio Grande do Sul,4301,Porto Alegre,430002,Novo Hamburgo - São Leopoldo,22251,4322251,Tupandi,
43,Rio Grande do Sul,4305,Ijuí,430019,Santa Rosa,22301,4322301,Tuparendi,
43,Rio Grande do Sul,4302,Pelotas,430009,Pelotas,22327,4322327,Turuçu,
43,Rio Grande do Sul,4305,Ijuí,430024,Cerro Largo,22343,4322343,Ubiretama,
43,Rio Grande do Sul,4307,Caxias do Sul,430038,Nova Prata - Guaporé,22350,4322350,União da Serra,
43,Rio Grande do Sul,4303,Santa Maria,430014,Santiago,22376,4322376,Unistalda,
43,Rio Grande do Sul,4304,Uruguaiana,430015,Uruguaiana,22400,4322400,Uruguaiana,
43,Rio Grande do Sul,4307,Caxias do Sul,430039,Vacaria,22509,4322509,Vacaria,
43,Rio Grande do Sul,4308,Santa Cruz do Sul - Lajeado,430040,Santa Cruz do Sul,22533,4322533,Vale do Sol,
43,Rio Grande do Sul,4307,Caxias do Sul,430036,Caxias do Sul,22541,4322541,Vale Real,
43,Rio Grande do Sul,4308,Santa Cruz do Sul - Lajeado,430040,Santa Cruz do Sul,22525,4322525,Vale Verde,
43,Rio Grande do Sul,4306,Passo Fundo,430030,Marau,22558,4322558,Vanini,
43,Rio Grande do Sul,4308,Santa Cruz do Sul - Lajeado,430040,Santa Cruz do Sul,22608,4322608,Venâncio Aires,
43,Rio Grande do Sul,4308,Santa Cruz do Sul - Lajeado,430040,Santa Cruz do Sul,22707,4322707,Vera Cruz,
43,Rio Grande do Sul,4307,Caxias do Sul,430037,Bento Gonçalves,22806,4322806,Veranópolis,
43,Rio Grande do Sul,4308,Santa Cruz do Sul - Lajeado,430043,Encantado,22855,4322855,Vespasiano Corrêa,
43,Rio Grande do Sul,4306,Passo Fundo,430026,Erechim,22905,4322905,Viadutos,
43,Rio Grande do Sul,4301,Porto Alegre,430001,Porto Alegre,23002,4323002,Viamão,
43,Rio Grande do Sul,4306,Passo Fundo,430029,Frederico Westphalen,23101,4323101,Vicente Dutra,
43,Rio Grande do Sul,4306,Passo Fundo,430025,Passo Fundo,23200,4323200,Victor Graeff,
43,Rio Grande do Sul,4307,Caxias do Sul,430037,Bento Gonçalves,23309,4323309,Vila Flores,
43,Rio Grande do Sul,4306,Passo Fundo,430032,Tapejara - Sananduva,23358,4323358,Vila Lângaro,
43,Rio Grande do Sul,4306,Passo Fundo,430030,Marau,23408,4323408,Vila Maria,
43,Rio Grande do Sul,4303,Santa Maria,430012,São Gabriel - Caçapava do Sul,23457,4323457,Vila Nova do Sul,
43,Rio Grande do Sul,4306,Passo Fundo,430029,Frederico Westphalen,23507,4323507,Vista Alegre,
43,Rio Grande do Sul,4307,Caxias do Sul,430038,Nova Prata - Guaporé,23606,4323606,Vista Alegre do Prata,
43,Rio Grande do Sul,4305,Ijuí,430021,Três Passos,23705,4323705,Vista Gaúcha,
43,Rio Grande do Sul,4305,Ijuí,430020,Santo Ângelo,23754,4323754,Vitória das Missões,
43,Rio Grande do Sul,4308,Santa Cruz do Sul - Lajeado,430041,Lajeado,23770,4323770,Westfália,
43,Rio Grande do Sul,4301,Porto Alegre,430003,Tramandaí - Osório,23804,4323804,Xangri-lá,
50,Mato Grosso do Sul,5001,Campo Grande,500002,Três Lagoas,00203,5000203,Água Clara,
50,Mato Grosso do Sul,5001,Campo Grande,500004,Coxim,00252,5000252,Alcinópolis,
50,Mato Grosso do Sul,5002,Dourados,500009,Amambai,00609,5000609,Amambai,
50,Mato Grosso do Sul,5003,Corumbá,500012,Aquidauana - Anastácio,00708,5000708,Anastácio,
50,Mato Grosso do Sul,5002,Dourados,500007,Nova Andradina,00807,5000807,Anaurilândia,
50,Mato Grosso do Sul,5002,Dourados,500007,Nova Andradina,00856,5000856,Angélica,
50,Mato Grosso do Sul,5002,Dourados,500008,Ponta Porã,00906,5000906,Antônio João,
50,Mato Grosso do Sul,5001,Campo Grande,500003,Paranaíba - Chapadão do Sul - Cassilândia,01003,5001003,Aparecida do Taboado,
50,Mato Grosso do Sul,5003,Corumbá,500012,Aquidauana - Anastácio,01102,5001102,Aquidauana,
50,Mato Grosso do Sul,5002,Dourados,500008,Ponta Porã,01243,5001243,Aral Moreira,
50,Mato Grosso do Sul,5001,Campo Grande,500001,Campo Grande,01508,5001508,Bandeirantes,
50,Mato Grosso do Sul,5001,Campo Grande,500002,Três Lagoas,01904,5001904,Bataguassu,
50,Mato Grosso do Sul,5002,Dourados,500007,Nova Andradina,02001,5002001,Batayporã,
50,Mato Grosso do Sul,5003,Corumbá,500011,Jardim,02100,5002100,Bela Vista,
50,Mato Grosso do Sul,5003,Corumbá,500012,Aquidauana - Anastácio,02159,5002159,Bodoquena,
50,Mato Grosso do Sul,5003,Corumbá,500011,Jardim,02209,5002209,Bonito,
50,Mato Grosso do Sul,5001,Campo Grande,500002,Três Lagoas,02308,5002308,Brasilândia,
50,Mato Grosso do Sul,5002,Dourados,500005,Dourados,02407,5002407,Caarapó,
50,Mato Grosso do Sul,5001,Campo Grande,500001,Campo Grande,02605,5002605,Camapuã,
50,Mato Grosso do Sul,5001,Campo Grande,500001,Campo Grande,02704,5002704,Campo Grande,
50,Mato Grosso do Sul,5003,Corumbá,500011,Jardim,02803,5002803,Caracol,
50,Mato Grosso do Sul,5001,Campo Grande,500003,Paranaíba - Chapadão do Sul - Cassilândia,02902,5002902,Cassilândia,
50,Mato Grosso do Sul,5001,Campo Grande,500003,Paranaíba - Chapadão do Sul - Cassilândia,02951,5002951,Chapadão do Sul,
50,Mato Grosso do Sul,5001,Campo Grande,500001,Campo Grande,03108,5003108,Corguinho,
50,Mato Grosso do Sul,5002,Dourados,500009,Amambai,03157,5003157,Coronel Sapucaia,
50,Mato Grosso do Sul,5003,Corumbá,500010,Corumbá,03207,5003207,Corumbá,
50,Mato Grosso do Sul,5001,Campo Grande,500004,Coxim,03256,5003256,Costa Rica,
50,Mato Grosso do Sul,5001,Campo Grande,500004,Coxim,03306,5003306,Coxim,
50,Mato Grosso do Sul,5002,Dourados,500005,Dourados,03454,5003454,Deodápolis,
50,Mato Grosso do Sul,5001,Campo Grande,500001,Campo Grande,03488,5003488,Dois Irmãos do Buriti,
50,Mato Grosso do Sul,5002,Dourados,500005,Dourados,03504,5003504,Douradina,
50,Mato Grosso do Sul,5002,Dourados,500005,Dourados,03702,5003702,Dourados,
50,Mato Grosso do Sul,5002,Dourados,500006,Naviraí - Mundo Novo,03751,5003751,Eldorado,
50,Mato Grosso do Sul,5002,Dourados,500005,Dourados,03801,5003801,Fátima do Sul,
50,Mato Grosso do Sul,5001,Campo Grande,500004,Coxim,03900,5003900,Figueirão,
50,Mato Grosso do Sul,5002,Dourados,500005,Dourados,04007,5004007,Glória de Dourados,
50,Mato Grosso do Sul,5003,Corumbá,500011,Jardim,04106,5004106,Guia Lopes da Laguna,
50,Mato Grosso do Sul,5002,Dourados,500006,Naviraí - Mundo Novo,04304,5004304,Iguatemi,
50,Mato Grosso do Sul,5001,Campo Grande,500003,Paranaíba - Chapadão do Sul - Cassilândia,04403,5004403,Inocência,
50,Mato Grosso do Sul,5002,Dourados,500005,Dourados,04502,5004502,Itaporã,
50,Mato Grosso do Sul,5002,Dourados,500006,Naviraí - Mundo Novo,04601,5004601,Itaquiraí,
50,Mato Grosso do Sul,5002,Dourados,500007,Nova Andradina,04700,5004700,Ivinhema,
50,Mato Grosso do Sul,5002,Dourados,500006,Naviraí - Mundo Novo,04809,5004809,Japorã,
50,Mato Grosso do Sul,5001,Campo Grande,500001,Campo Grande,04908,5004908,Jaraguari,
50,Mato Grosso do Sul,5003,Corumbá,500011,Jardim,05004,5005004,Jardim,
50,Mato Grosso do Sul,5002,Dourados,500005,Dourados,05103,5005103,Jateí,
50,Mato Grosso do Sul,5002,Dourados,500005,Dourados,05152,5005152,Juti,
50,Mato Grosso do Sul,5003,Corumbá,500010,Corumbá,05202,5005202,Ladário,
50,Mato Grosso do Sul,5002,Dourados,500005,Dourados,05251,5005251,Laguna Carapã,
50,Mato Grosso do Sul,5002,Dourados,500005,Dourados,05400,5005400,Maracaju,
50,Mato Grosso do Sul,5003,Corumbá,500012,Aquidauana - Anastácio,05608,5005608,Miranda,
50,Mato Grosso do Sul,5002,Dourados,500006,Naviraí - Mundo Novo,05681,5005681,Mundo Novo,
50,Mato Grosso do Sul,5002,Dourados,500006,Naviraí - Mundo Novo,05707,5005707,Naviraí,
50,Mato Grosso do Sul,5003,Corumbá,500011,Jardim,05806,5005806,Nioaque,
50,Mato Grosso do Sul,5001,Campo Grande,500001,Campo Grande,06002,5006002,Nova Alvorada do Sul,
50,Mato Grosso do Sul,5002,Dourados,500007,Nova Andradina,06200,5006200,Nova Andradina,
50,Mato Grosso do Sul,5002,Dourados,500007,Nova Andradina,06259,5006259,Novo Horizonte do Sul,
50,Mato Grosso do Sul,5001,Campo Grande,500003,Paranaíba - Chapadão do Sul - Cassilândia,06275,5006275,Paraíso das Águas,
50,Mato Grosso do Sul,5001,Campo Grande,500003,Paranaíba - Chapadão do Sul - Cassilândia,06309,5006309,Paranaíba,
50,Mato Grosso do Sul,5002,Dourados,500009,Amambai,06358,5006358,Paranhos,
50,Mato Grosso do Sul,5001,Campo Grande,500004,Coxim,06408,5006408,Pedro Gomes,
50,Mato Grosso do Sul,5002,Dourados,500008,Ponta Porã,06606,5006606,Ponta Porã,
50,Mato Grosso do Sul,5003,Corumbá,500011,Jardim,06903,5006903,Porto Murtinho,
50,Mato Grosso do Sul,5001,Campo Grande,500001,Campo Grande,07109,5007109,Ribas do Rio Pardo,
50,Mato Grosso do Sul,5002,Dourados,500005,Dourados,07208,5007208,Rio Brilhante,
50,Mato Grosso do Sul,5001,Campo Grande,500001,Campo Grande,07307,5007307,Rio Negro,
50,Mato Grosso do Sul,5001,Campo Grande,500004,Coxim,07406,5007406,Rio Verde de Mato Grosso,
50,Mato Grosso do Sul,5001,Campo Grande,500001,Campo Grande,07505,5007505,Rochedo,
50,Mato Grosso do Sul,5001,Campo Grande,500002,Três Lagoas,07554,5007554,Santa Rita do Pardo,
50,Mato Grosso do Sul,5001,Campo Grande,500001,Campo Grande,07695,5007695,São Gabriel do Oeste,
50,Mato Grosso do Sul,5001,Campo Grande,500002,Três Lagoas,07802,5007802,Selvíria,
50,Mato Grosso do Sul,5002,Dourados,500009,Amambai,07703,5007703,Sete Quedas,
50,Mato Grosso do Sul,5001,Campo Grande,500001,Campo Grande,07901,5007901,Sidrolândia,
50,Mato Grosso do Sul,5001,Campo Grande,500004,Coxim,07935,5007935,Sonora,
50,Mato Grosso do Sul,5002,Dourados,500009,Amambai,07950,5007950,Tacuru,
50,Mato Grosso do Sul,5002,Dourados,500007,Nova Andradina,07976,5007976,Taquarussu,
50,Mato Grosso do Sul,5001,Campo Grande,500001,Campo Grande,08008,5008008,Terenos,
50,Mato Grosso do Sul,5001,Campo Grande,500002,Três Lagoas,08305,5008305,Três Lagoas,
50,Mato Grosso do Sul,5002,Dourados,500005,Dourados,08404,5008404,Vicentina,
51,Mato Grosso,5101,Cuiabá,510001,Cuiabá,00102,5100102,Acorizal,
51,Mato Grosso,5104,Barra do Garças,510015,Água Boa,00201,5100201,Água Boa,
51,Mato Grosso,5103,Sinop,510010,Alta Floresta,00250,5100250,Alta Floresta,
51,Mato Grosso,5105,Rondonópolis,510016,Rondonópolis,00300,5100300,Alto Araguaia,
51,Mato Grosso,5104,Barra do Garças,510014,Confresa - Vila Rica,00359,5100359,Alto Boa Vista,
51,Mato Grosso,5105,Rondonópolis,510016,Rondonópolis,00409,5100409,Alto Garças,
51,Mato Grosso,5101,Cuiabá,510003,Diamantino,00508,5100508,Alto Paraguai,
51,Mato Grosso,5105,Rondonópolis,510016,Rondonópolis,00607,5100607,Alto Taquari,
51,Mato Grosso,5103,Sinop,510010,Alta Floresta,00805,5100805,Apiacás,
51,Mato Grosso,5104,Barra do Garças,510013,Barra do Garças,01001,5101001,Araguaiana,
51,Mato Grosso,5105,Rondonópolis,510016,Rondonópolis,01209,5101209,Araguainha,
51,Mato Grosso,5102,Cáceres,510006,Mirassol D'oeste,01258,5101258,Araputanga,
51,Mato Grosso,5101,Cuiabá,510003,Diamantino,01308,5101308,Arenápolis,
51,Mato Grosso,5103,Sinop,510009,Juína,01407,5101407,Aripuanã,
51,Mato Grosso,5101,Cuiabá,510001,Cuiabá,01605,5101605,Barão de Melgaço,
51,Mato Grosso,5101,Cuiabá,510002,Tangará da Serra,01704,5101704,Barra do Bugres,
51,Mato Grosso,5104,Barra do Garças,510013,Barra do Garças,01803,5101803,Barra do Garças,
51,Mato Grosso,5103,Sinop,510008,Sorriso,01837,5101837,Boa Esperança do Norte,Novo!
51,Mato Grosso,5104,Barra do Garças,510014,Confresa - Vila Rica,01852,5101852,Bom Jesus do Araguaia,
51,Mato Grosso,5101,Cuiabá,510002,Tangará da Serra,01902,5101902,Brasnorte,
51,Mato Grosso,5102,Cáceres,510004,Cáceres,02504,5102504,Cáceres,
51,Mato Grosso,5104,Barra do Garças,510015,Água Boa,02603,5102603,Campinápolis,
51,Mato Grosso,5101,Cuiabá,510002,Tangará da Serra,02637,5102637,Campo Novo do Parecis,
51,Mato Grosso,5101,Cuiabá,510001,Cuiabá,02678,5102678,Campo Verde,
51,Mato Grosso,5102,Cáceres,510005,Pontes e Lacerda - Comodoro,02686,5102686,Campos de Júlio,
51,Mato Grosso,5104,Barra do Garças,510014,Confresa - Vila Rica,02694,5102694,Canabrava do Norte,
51,Mato Grosso,5104,Barra do Garças,510015,Água Boa,02702,5102702,Canarana,
51,Mato Grosso,5103,Sinop,510010,Alta Floresta,02793,5102793,Carlinda,
51,Mato Grosso,5103,Sinop,510009,Juína,02850,5102850,Castanheira,
51,Mato Grosso,5101,Cuiabá,510001,Cuiabá,03007,5103007,Chapada dos Guimarães,
51,Mato Grosso,5103,Sinop,510007,Sinop,03056,5103056,Cláudia,
51,Mato Grosso,5104,Barra do Garças,510015,Água Boa,03106,5103106,Cocalinho,
51,Mato Grosso,5103,Sinop,510007,Sinop,03205,5103205,Colíder,
51,Mato Grosso,5103,Sinop,510009,Juína,03254,5103254,Colniza,
51,Mato Grosso,5102,Cáceres,510005,Pontes e Lacerda - Comodoro,03304,5103304,Comodoro,
51,Mato Grosso,5104,Barra do Garças,510014,Confresa - Vila Rica,03353,5103353,Confresa,
51,Mato Grosso,5102,Cáceres,510005,Pontes e Lacerda - Comodoro,03361,5103361,Conquista D'Oeste,
51,Mato Grosso,5103,Sinop,510009,Juína,03379,5103379,Cotriguaçu,
51,Mato Grosso,5101,Cuiabá,510001,Cuiabá,03403,5103403,Cuiabá,
51,Mato Grosso,5102,Cáceres,510004,Cáceres,03437,5103437,Curvelândia,
51,Mato Grosso,5101,Cuiabá,510002,Tangará da Serra,03452,5103452,Denise,
51,Mato Grosso,5101,Cuiabá,510003,Diamantino,03502,5103502,Diamantino,
51,Mato Grosso,5105,Rondonópolis,510018,Jaciara,03601,5103601,Dom Aquino,
51,Mato Grosso,5103,Sinop,510007,Sinop,03700,5103700,Feliz Natal,
51,Mato Grosso,5102,Cáceres,510006,Mirassol D'oeste,03809,5103809,Figueirópolis D'Oeste,
51,Mato Grosso,5104,Barra do Garças,510015,Água Boa,03858,5103858,Gaúcha do Norte,
51,Mato Grosso,5104,Barra do Garças,510013,Barra do Garças,03908,5103908,General Carneiro,
51,Mato Grosso,5102,Cáceres,510006,Mirassol D'oeste,03957,5103957,Glória D'Oeste,
51,Mato Grosso,5103,Sinop,510011,Peixoto de Azevedo - Guarantã do Norte,04104,5104104,Guarantã do Norte,
51,Mato Grosso,5105,Rondonópolis,510016,Rondonópolis,04203,5104203,Guiratinga,
51,Mato Grosso,5102,Cáceres,510006,Mirassol D'oeste,04500,5104500,Indiavaí,
51,Mato Grosso,5103,Sinop,510008,Sorriso,04526,5104526,Ipiranga do Norte,
51,Mato Grosso,5103,Sinop,510008,Sorriso,04542,5104542,Itanhangá,
51,Mato Grosso,5103,Sinop,510007,Sinop,04559,5104559,Itaúba,
51,Mato Grosso,5105,Rondonópolis,510016,Rondonópolis,04609,5104609,Itiquira,
51,Mato Grosso,5105,Rondonópolis,510018,Jaciara,04807,5104807,Jaciara,
51,Mato Grosso,5101,Cuiabá,510001,Cuiabá,04906,5104906,Jangada,
51,Mato Grosso,5102,Cáceres,510006,Mirassol D'oeste,05002,5105002,Jauru,
51,Mato Grosso,5103,Sinop,510012,Juara,05101,5105101,Juara,
51,Mato Grosso,5103,Sinop,510009,Juína,05150,5105150,Juína,
51,Mato Grosso,5103,Sinop,510009,Juína,05176,5105176,Juruena,
51,Mato Grosso,5105,Rondonópolis,510018,Jaciara,05200,5105200,Juscimeira,
51,Mato Grosso,5102,Cáceres,510004,Cáceres,05234,5105234,Lambari D'Oeste,
51,Mato Grosso,5103,Sinop,510008,Sorriso,05259,5105259,Lucas do Rio Verde,
51,Mato Grosso,5104,Barra do Garças,510014,Confresa - Vila Rica,05309,5105309,Luciara,
51,Mato Grosso,5103,Sinop,510007,Sinop,05580,5105580,Marcelândia,
51,Mato Grosso,5103,Sinop,510011,Peixoto de Azevedo - Guarantã do Norte,05606,5105606,Matupá,
51,Mato Grosso,5102,Cáceres,510006,Mirassol D'oeste,05622,5105622,Mirassol d'Oeste,
51,Mato Grosso,5101,Cuiabá,510001,Cuiabá,05903,5105903,Nobres,
51,Mato Grosso,5101,Cuiabá,510003,Diamantino,06000,5106000,Nortelândia,
51,Mato Grosso,5101,Cuiabá,510001,Cuiabá,06109,5106109,Nossa Senhora do Livramento,
51,Mato Grosso,5103,Sinop,510010,Alta Floresta,06158,5106158,Nova Bandeirantes,
51,Mato Grosso,5101,Cuiabá,510001,Cuiabá,06208,5106208,Nova Brasilândia,
51,Mato Grosso,5103,Sinop,510007,Sinop,06216,5106216,Nova Canaã do Norte,
51,Mato Grosso,5103,Sinop,510007,Sinop,08808,5108808,Nova Guarita,
51,Mato Grosso,5102,Cáceres,510005,Pontes e Lacerda - Comodoro,06182,5106182,Nova Lacerda,
51,Mato Grosso,5101,Cuiabá,510003,Diamantino,08857,5108857,Nova Marilândia,
51,Mato Grosso,5101,Cuiabá,510003,Diamantino,08907,5108907,Nova Maringá,
51,Mato Grosso,5103,Sinop,510010,Alta Floresta,08956,5108956,Nova Monte Verde,
51,Mato Grosso,5103,Sinop,510008,Sorriso,06224,5106224,Nova Mutum,
51,Mato Grosso,5104,Barra do Garças,510015,Água Boa,06174,5106174,Nova Nazaré,
51,Mato Grosso,5101,Cuiabá,510002,Tangará da Serra,06232,5106232,Nova Olímpia,
51,Mato Grosso,5103,Sinop,510007,Sinop,06190,5106190,Nova Santa Helena,
51,Mato Grosso,5103,Sinop,510008,Sorriso,06240,5106240,Nova Ubiratã,
51,Mato Grosso,5104,Barra do Garças,510013,Barra do Garças,06257,5106257,Nova Xavantina,
51,Mato Grosso,5103,Sinop,510012,Juara,06273,5106273,Novo Horizonte do Norte,
51,Mato Grosso,5103,Sinop,510011,Peixoto de Azevedo - Guarantã do Norte,06265,5106265,Novo Mundo,
51,Mato Grosso,5104,Barra do Garças,510014,Confresa - Vila Rica,06315,5106315,Novo Santo Antônio,
51,Mato Grosso,5104,Barra do Garças,510013,Barra do Garças,06281,5106281,Novo São Joaquim,
51,Mato Grosso,5103,Sinop,510010,Alta Floresta,06299,5106299,Paranaíta,
51,Mato Grosso,5105,Rondonópolis,510017,Primavera do Leste,06307,5106307,Paranatinga,
51,Mato Grosso,5105,Rondonópolis,510016,Rondonópolis,06372,5106372,Pedra Preta,
51,Mato Grosso,5103,Sinop,510011,Peixoto de Azevedo - Guarantã do Norte,06422,5106422,Peixoto de Azevedo,
51,Mato Grosso,5101,Cuiabá,510001,Cuiabá,06455,5106455,Planalto da Serra,
51,Mato Grosso,5101,Cuiabá,510001,Cuiabá,06505,5106505,Poconé,
51,Mato Grosso,5104,Barra do Garças,510013,Barra do Garças,06653,5106653,Pontal do Araguaia,
51,Mato Grosso,5104,Barra do Garças,510013,Barra do Garças,06703,5106703,Ponte Branca,
51,Mato Grosso,5102,Cáceres,510005,Pontes e Lacerda - Comodoro,06752,5106752,Pontes e Lacerda,
51,Mato Grosso,5104,Barra do Garças,510014,Confresa - Vila Rica,06778,5106778,Porto Alegre do Norte,
51,Mato Grosso,5103,Sinop,510012,Juara,06802,5106802,Porto dos Gaúchos,
51,Mato Grosso,5102,Cáceres,510006,Mirassol D'oeste,06828,5106828,Porto Esperidião,
51,Mato Grosso,5101,Cuiabá,510002,Tangará da Serra,06851,5106851,Porto Estrela,
51,Mato Grosso,5105,Rondonópolis,510017,Primavera do Leste,07008,5107008,Poxoréu,
51,Mato Grosso,5105,Rondonópolis,510017,Primavera do Leste,07040,5107040,Primavera do Leste,
51,Mato Grosso,5104,Barra do Garças,510015,Água Boa,07065,5107065,Querência,
51,Mato Grosso,5102,Cáceres,510006,Mirassol D'oeste,07156,5107156,Reserva do Cabaçal,
51,Mato Grosso,5104,Barra do Garças,510015,Água Boa,07180,5107180,Ribeirão Cascalheira,
51,Mato Grosso,5104,Barra do Garças,510013,Barra do Garças,07198,5107198,Ribeirãozinho,
51,Mato Grosso,5102,Cáceres,510004,Cáceres,07206,5107206,Rio Branco,
51,Mato Grosso,5103,Sinop,510009,Juína,07578,5107578,Rondolândia,
51,Mato Grosso,5105,Rondonópolis,510016,Rondonópolis,07602,5107602,Rondonópolis,
51,Mato Grosso,5101,Cuiabá,510001,Cuiabá,07701,5107701,Rosário Oeste,
51,Mato Grosso,5102,Cáceres,510004,Cáceres,07750,5107750,Salto do Céu,
51,Mato Grosso,5103,Sinop,510007,Sinop,07248,5107248,Santa Carmem,
51,Mato Grosso,5104,Barra do Garças,510014,Confresa - Vila Rica,07743,5107743,Santa Cruz do Xingu,
51,Mato Grosso,5103,Sinop,510008,Sorriso,07768,5107768,Santa Rita do Trivelato,
51,Mato Grosso,5104,Barra do Garças,510014,Confresa - Vila Rica,07776,5107776,Santa Terezinha,
51,Mato Grosso,5101,Cuiabá,510003,Diamantino,07263,5107263,Santo Afonso,
51,Mato Grosso,5101,Cuiabá,510001,Cuiabá,07800,5107800,Santo Antônio de Leverger,
51,Mato Grosso,5105,Rondonópolis,510017,Primavera do Leste,07792,5107792,Santo Antônio do Leste,
51,Mato Grosso,5104,Barra do Garças,510014,Confresa - Vila Rica,07859,5107859,São Félix do Araguaia,
51,Mato Grosso,5105,Rondonópolis,510016,Rondonópolis,07297,5107297,São José do Povo,
51,Mato Grosso,5101,Cuiabá,510003,Diamantino,07305,5107305,São José do Rio Claro,
51,Mato Grosso,5104,Barra do Garças,510014,Confresa - Vila Rica,07354,5107354,São José do Xingu,
51,Mato Grosso,5102,Cáceres,510006,Mirassol D'oeste,07107,5107107,São José dos Quatro Marcos,
51,Mato Grosso,5105,Rondonópolis,510018,Jaciara,07404,5107404,São Pedro da Cipa,
51,Mato Grosso,5101,Cuiabá,510002,Tangará da Serra,07875,5107875,Sapezal,
51,Mato Grosso,5104,Barra do Garças,510014,Confresa - Vila Rica,07883,5107883,Serra Nova Dourada,
51,Mato Grosso,5103,Sinop,510007,Sinop,07909,5107909,Sinop,
51,Mato Grosso,5103,Sinop,510008,Sorriso,07925,5107925,Sorriso,
51,Mato Grosso,5103,Sinop,510012,Juara,07941,5107941,Tabaporã,
51,Mato Grosso,5101,Cuiabá,510002,Tangará da Serra,07958,5107958,Tangará da Serra,
51,Mato Grosso,5103,Sinop,510008,Sorriso,08006,5108006,Tapurah,
51,Mato Grosso,5103,Sinop,510007,Sinop,08055,5108055,Terra Nova do Norte,
51,Mato Grosso,5105,Rondonópolis,510016,Rondonópolis,08105,5108105,Tesouro,
51,Mato Grosso,5104,Barra do Garças,510013,Barra do Garças,08204,5108204,Torixoréu,
51,Mato Grosso,5103,Sinop,510007,Sinop,08303,5108303,União do Sul,
51,Mato Grosso,5102,Cáceres,510005,Pontes e Lacerda - Comodoro,08352,5108352,Vale de São Domingos,
51,Mato Grosso,5101,Cuiabá,510001,Cuiabá,08402,5108402,Várzea Grande,
51,Mato Grosso,5103,Sinop,510008,Sorriso,08501,5108501,Vera,
51,Mato Grosso,5102,Cáceres,510005,Pontes e Lacerda - Comodoro,05507,5105507,Vila Bela da Santíssima Trindade,
51,Mato Grosso,5104,Barra do Garças,510014,Confresa - Vila Rica,08600,5108600,Vila Rica,
52,Goiás,5201,Goiânia,520001,Goiânia,00050,5200050,Abadia de Goiás,
52,Goiás,5201,Goiânia,520002,Anápolis,00100,5200100,Abadiânia,
52,Goiás,5204,São Luís de Montes Belos - Iporá,520015,Palmeiras de Goiás,00134,5200134,Acreúna,
52,Goiás,5201,Goiânia,520003,Inhumas - Itaberaí - Anicuns,00159,5200159,Adelândia,
52,Goiás,5206,Luziânia - Águas Lindas de Goiás,520022,Flores de Goiás,00175,5200175,Água Fria de Goiás,
52,Goiás,5202,Itumbiara,520008,Caldas Novas-Morrinhos,00209,5200209,Água Limpa,
52,Goiás,5206,Luziânia - Águas Lindas de Goiás,520020,Águas Lindas de Goiás,00258,5200258,Águas Lindas de Goiás,
52,Goiás,5201,Goiânia,520002,Anápolis,00308,5200308,Alexânia,
52,Goiás,5202,Itumbiara,520007,Itumbiara,00506,5200506,Aloândia,
52,Goiás,5205,Porangatu - Uruaçu,520017,Uruaçu - Niquelândia,00555,5200555,Alto Horizonte,
52,Goiás,5206,Luziânia - Águas Lindas de Goiás,520022,Flores de Goiás,00605,5200605,Alto Paraíso de Goiás,
52,Goiás,5206,Luziânia - Águas Lindas de Goiás,520021,Posse-Campos Belos,00803,5200803,Alvorada do Norte,
52,Goiás,5205,Porangatu - Uruaçu,520017,Uruaçu - Niquelândia,00829,5200829,Amaralina,
52,Goiás,5201,Goiânia,520003,Inhumas - Itaberaí - Anicuns,00852,5200852,Americano do Brasil,
52,Goiás,5204,São Luís de Montes Belos - Iporá,520014,Iporá,00902,5200902,Amorinópolis,
52,Goiás,5201,Goiânia,520002,Anápolis,01108,5201108,Anápolis,
52,Goiás,5201,Goiânia,520004,Catalão,01207,5201207,Anhanguera,
52,Goiás,5201,Goiânia,520003,Inhumas - Itaberaí - Anicuns,01306,5201306,Anicuns,
52,Goiás,5201,Goiânia,520001,Goiânia,01405,5201405,Aparecida de Goiânia,
52,Goiás,5203,Rio Verde,520010,Rio Verde,01454,5201454,Aparecida do Rio Doce,
52,Goiás,5203,Rio Verde,520011,Jataí-Mineiros,01504,5201504,Aporé,
52,Goiás,5201,Goiânia,520003,Inhumas - Itaberaí - Anicuns,01603,5201603,Araçu,
52,Goiás,5204,São Luís de Montes Belos - Iporá,520014,Iporá,01702,5201702,Aragarças,
52,Goiás,5201,Goiânia,520001,Goiânia,01801,5201801,Aragoiânia,
52,Goiás,5201,Goiânia,520005,Goiás - Itapuranga,02155,5202155,Araguapaz,
52,Goiás,5204,São Luís de Montes Belos - Iporá,520014,Iporá,02353,5202353,Arenópolis,
52,Goiás,5201,Goiânia,520005,Goiás - Itapuranga,02502,5202502,Aruanã,
52,Goiás,5204,São Luís de Montes Belos - Iporá,520013,São Luís de Montes Belos,02601,5202601,Aurilândia,
52,Goiás,5201,Goiânia,520003,Inhumas - Itaberaí - Anicuns,02809,5202809,Avelinópolis,
52,Goiás,5204,São Luís de Montes Belos - Iporá,520014,Iporá,03104,5203104,Baliza,
52,Goiás,5205,Porangatu - Uruaçu,520018,Ceres - Rialma - Goianésia,03203,5203203,Barro Alto,
52,Goiás,5201,Goiânia,520001,Goiânia,03302,5203302,Bela Vista de Goiás,
52,Goiás,5204,São Luís de Montes Belos - Iporá,520014,Iporá,03401,5203401,Bom Jardim de Goiás,
52,Goiás,5202,Itumbiara,520007,Itumbiara,03500,5203500,Bom Jesus de Goiás,
52,Goiás,5201,Goiânia,520001,Goiânia,03559,5203559,Bonfinópolis,
52,Goiás,5205,Porangatu - Uruaçu,520016,Porangatu,03575,5203575,Bonópolis,
52,Goiás,5201,Goiânia,520001,Goiânia,03609,5203609,Brazabrantes,
52,Goiás,5201,Goiânia,520005,Goiás - Itapuranga,03807,5203807,Britânia,
52,Goiás,5202,Itumbiara,520007,Itumbiara,03906,5203906,Buriti Alegre,
52,Goiás,5204,São Luís de Montes Belos - Iporá,520013,São Luís de Montes Belos,03939,5203939,Buriti de Goiás,
52,Goiás,5206,Luziânia - Águas Lindas de Goiás,520021,Posse-Campos Belos,03962,5203962,Buritinópolis,
52,Goiás,5206,Luziânia - Águas Lindas de Goiás,520020,Águas Lindas de Goiás,04003,5204003,Cabeceiras,
52,Goiás,5203,Rio Verde,520010,Rio Verde,04102,5204102,Cachoeira Alta,
52,Goiás,5204,São Luís de Montes Belos - Iporá,520013,São Luís de Montes Belos,04201,5204201,Cachoeira de Goiás,
52,Goiás,5202,Itumbiara,520007,Itumbiara,04250,5204250,Cachoeira Dourada,
52,Goiás,5203,Rio Verde,520010,Rio Verde,04300,5204300,Caçu,
52,Goiás,5203,Rio Verde,520011,Jataí-Mineiros,04409,5204409,Caiapônia,
52,Goiás,5202,Itumbiara,520008,Caldas Novas-Morrinhos,04508,5204508,Caldas Novas,
52,Goiás,5201,Goiânia,520001,Goiânia,04557,5204557,Caldazinha,
52,Goiás,5204,São Luís de Montes Belos - Iporá,520015,Palmeiras de Goiás,04607,5204607,Campestre de Goiás,
52,Goiás,5205,Porangatu - Uruaçu,520016,Porangatu,04656,5204656,Campinaçu,
52,Goiás,5205,Porangatu - Uruaçu,520017,Uruaçu - Niquelândia,04706,5204706,Campinorte,
52,Goiás,5201,Goiânia,520004,Catalão,04805,5204805,Campo Alegre de Goiás,
52,Goiás,5201,Goiânia,520002,Anápolis,04854,5204854,Campo Limpo de Goiás,
52,Goiás,5206,Luziânia - Águas Lindas de Goiás,520021,Posse-Campos Belos,04904,5204904,Campos Belos,
52,Goiás,5205,Porangatu - Uruaçu,520018,Ceres - Rialma - Goianésia,04953,5204953,Campos Verdes,
52,Goiás,5205,Porangatu - Uruaçu,520018,Ceres - Rialma - Goianésia,05000,5205000,Carmo do Rio Verde,
52,Goiás,5203,Rio Verde,520010,Rio Verde,05059,5205059,Castelândia,
52,Goiás,5201,Goiânia,520004,Catalão,05109,5205109,Catalão,
52,Goiás,5201,Goiânia,520001,Goiânia,05208,5205208,Caturaí,
52,Goiás,5206,Luziânia - Águas Lindas de Goiás,520022,Flores de Goiás,05307,5205307,Cavalcante,
52,Goiás,5205,Porangatu - Uruaçu,520018,Ceres - Rialma - Goianésia,05406,5205406,Ceres,
52,Goiás,5204,São Luís de Montes Belos - Iporá,520015,Palmeiras de Goiás,05455,5205455,Cezarina,
52,Goiás,5203,Rio Verde,520011,Jataí-Mineiros,05471,5205471,Chapadão do Céu,
52,Goiás,5206,Luziânia - Águas Lindas de Goiás,520019,Luziânia,05497,5205497,Cidade Ocidental,
52,Goiás,5206,Luziânia - Águas Lindas de Goiás,520020,Águas Lindas de Goiás,05513,5205513,Cocalzinho de Goiás,
52,Goiás,5205,Porangatu - Uruaçu,520017,Uruaçu - Niquelândia,05521,5205521,Colinas do Sul,
52,Goiás,5204,São Luís de Montes Belos - Iporá,520013,São Luís de Montes Belos,05703,5205703,Córrego do Ouro,
52,Goiás,5201,Goiânia,520002,Anápolis,05802,5205802,Corumbá de Goiás,
52,Goiás,5202,Itumbiara,520008,Caldas Novas-Morrinhos,05901,5205901,Corumbaíba,
52,Goiás,5206,Luziânia - Águas Lindas de Goiás,520019,Luziânia,06206,5206206,Cristalina,
52,Goiás,5202,Itumbiara,520009,Piracanjuba,06305,5206305,Cristianópolis,
52,Goiás,5205,Porangatu - Uruaçu,520018,Ceres - Rialma - Goianésia,06404,5206404,Crixás,
52,Goiás,5202,Itumbiara,520009,Piracanjuba,06503,5206503,Cromínia,
52,Goiás,5201,Goiânia,520004,Catalão,06602,5206602,Cumari,
52,Goiás,5206,Luziânia - Águas Lindas de Goiás,520021,Posse-Campos Belos,06701,5206701,Damianópolis,
52,Goiás,5201,Goiânia,520003,Inhumas - Itaberaí - Anicuns,06800,5206800,Damolândia,
52,Goiás,5201,Goiânia,520004,Catalão,06909,5206909,Davinópolis,
52,Goiás,5204,São Luís de Montes Belos - Iporá,520014,Iporá,07105,5207105,Diorama,
52,Goiás,5206,Luziânia - Águas Lindas de Goiás,520021,Posse-Campos Belos,08301,5208301,Divinópolis de Goiás,
52,Goiás,5203,Rio Verde,520011,Jataí-Mineiros,07253,5207253,Doverlândia,
52,Goiás,5202,Itumbiara,520009,Piracanjuba,07352,5207352,Edealina,
52,Goiás,5204,São Luís de Montes Belos - Iporá,520015,Palmeiras de Goiás,07402,5207402,Edéia,
52,Goiás,5205,Porangatu - Uruaçu,520016,Porangatu,07501,5207501,Estrela do Norte,
52,Goiás,5201,Goiânia,520005,Goiás - Itapuranga,07535,5207535,Faina,
52,Goiás,5204,São Luís de Montes Belos - Iporá,520013,São Luís de Montes Belos,07600,5207600,Fazenda Nova,
52,Goiás,5204,São Luís de Montes Belos - Iporá,520015,Palmeiras de Goiás,07808,5207808,Firminópolis,
52,Goiás,5206,Luziânia - Águas Lindas de Goiás,520022,Flores de Goiás,07907,5207907,Flores de Goiás,
52,Goiás,5206,Luziânia - Águas Lindas de Goiás,520020,Águas Lindas de Goiás,08004,5208004,Formosa,
52,Goiás,5205,Porangatu - Uruaçu,520016,Porangatu,08103,5208103,Formoso,
52,Goiás,5201,Goiânia,520002,Anápolis,08152,5208152,Gameleira de Goiás,
52,Goiás,5201,Goiânia,520002,Anápolis,08400,5208400,Goianápolis,
52,Goiás,5201,Goiânia,520004,Catalão,08509,5208509,Goiandira,
52,Goiás,5205,Porangatu - Uruaçu,520018,Ceres - Rialma - Goianésia,08608,5208608,Goianésia,
52,Goiás,5201,Goiânia,520001,Goiânia,08707,5208707,Goiânia,
52,Goiás,5201,Goiânia,520001,Goiânia,08806,5208806,Goianira,
52,Goiás,5201,Goiânia,520005,Goiás - Itapuranga,08905,5208905,Goiás,
52,Goiás,5202,Itumbiara,520007,Itumbiara,09101,5209101,Goiatuba,
52,Goiás,5203,Rio Verde,520012,Quirinópolis,09150,5209150,Gouvelândia,
52,Goiás,5201,Goiânia,520001,Goiânia,09200,5209200,Guapó,
52,Goiás,5201,Goiânia,520005,Goiás - Itapuranga,09291,5209291,Guaraíta,
52,Goiás,5206,Luziânia - Águas Lindas de Goiás,520021,Posse-Campos Belos,09408,5209408,Guarani de Goiás,
52,Goiás,5205,Porangatu - Uruaçu,520018,Ceres - Rialma - Goianésia,09457,5209457,Guarinos,
52,Goiás,5201,Goiânia,520003,Inhumas - Itaberaí - Anicuns,09606,5209606,Heitoraí,
52,Goiás,5201,Goiânia,520001,Goiânia,09705,5209705,Hidrolândia,
52,Goiás,5205,Porangatu - Uruaçu,520017,Uruaçu - Niquelândia,09804,5209804,Hidrolina,
52,Goiás,5206,Luziânia - Águas Lindas de Goiás,520021,Posse-Campos Belos,09903,5209903,Iaciara,
52,Goiás,5203,Rio Verde,520012,Quirinópolis,09937,5209937,Inaciolândia,
52,Goiás,5204,São Luís de Montes Belos - Iporá,520015,Palmeiras de Goiás,09952,5209952,Indiara,
52,Goiás,5201,Goiânia,520003,Inhumas - Itaberaí - Anicuns,10000,5210000,Inhumas,
52,Goiás,5201,Goiânia,520004,Catalão,10109,5210109,Ipameri,
52,Goiás,5205,Porangatu - Uruaçu,520018,Ceres - Rialma - Goianésia,10158,5210158,Ipiranga de Goiás,
52,Goiás,5204,São Luís de Montes Belos - Iporá,520014,Iporá,10208,5210208,Iporá,
52,Goiás,5204,São Luís de Montes Belos - Iporá,520014,Iporá,10307,5210307,Israelândia,
52,Goiás,5201,Goiânia,520003,Inhumas - Itaberaí - Anicuns,10406,5210406,Itaberaí,
52,Goiás,5201,Goiânia,520003,Inhumas - Itaberaí - Anicuns,10562,5210562,Itaguari,
52,Goiás,5201,Goiânia,520003,Inhumas - Itaberaí - Anicuns,10604,5210604,Itaguaru,
52,Goiás,5203,Rio Verde,520010,Rio Verde,10802,5210802,Itajá,
52,Goiás,5205,Porangatu - Uruaçu,520018,Ceres - Rialma - Goianésia,10901,5210901,Itapaci,
52,Goiás,5201,Goiânia,520005,Goiás - Itapuranga,11008,5211008,Itapirapuã,
52,Goiás,5201,Goiânia,520005,Goiás - Itapuranga,11206,5211206,Itapuranga,
52,Goiás,5203,Rio Verde,520010,Rio Verde,11305,5211305,Itarumã,
52,Goiás,5201,Goiânia,520003,Inhumas - Itaberaí - Anicuns,11404,5211404,Itauçu,
52,Goiás,5202,Itumbiara,520007,Itumbiara,11503,5211503,Itumbiara,
52,Goiás,5204,São Luís de Montes Belos - Iporá,520013,São Luís de Montes Belos,11602,5211602,Ivolândia,
52,Goiás,5204,São Luís de Montes Belos - Iporá,520015,Palmeiras de Goiás,11701,5211701,Jandaia,
52,Goiás,5201,Goiânia,520002,Anápolis,11800,5211800,Jaraguá,
52,Goiás,5203,Rio Verde,520011,Jataí-Mineiros,11909,5211909,Jataí,
52,Goiás,5204,São Luís de Montes Belos - Iporá,520014,Iporá,12006,5212006,Jaupaci,
52,Goiás,5201,Goiânia,520002,Anápolis,12055,5212055,Jesúpolis,
52,Goiás,5202,Itumbiara,520007,Itumbiara,12105,5212105,Joviânia,
52,Goiás,5201,Goiânia,520005,Goiás - Itapuranga,12204,5212204,Jussara,
52,Goiás,5203,Rio Verde,520010,Rio Verde,12253,5212253,Lagoa Santa,
52,Goiás,5201,Goiânia,520002,Anápolis,12303,5212303,Leopoldo de Bulhões,
52,Goiás,5206,Luziânia - Águas Lindas de Goiás,520019,Luziânia,12501,5212501,Luziânia,
52,Goiás,5202,Itumbiara,520009,Piracanjuba,12600,5212600,Mairipotaba,
52,Goiás,5206,Luziânia - Águas Lindas de Goiás,520021,Posse-Campos Belos,12709,5212709,Mambaí,
52,Goiás,5205,Porangatu - Uruaçu,520017,Uruaçu - Niquelândia,12808,5212808,Mara Rosa,
52,Goiás,5202,Itumbiara,520008,Caldas Novas-Morrinhos,12907,5212907,Marzagão,
52,Goiás,5201,Goiânia,520005,Goiás - Itapuranga,12956,5212956,Matrinchã,
52,Goiás,5203,Rio Verde,520010,Rio Verde,13004,5213004,Maurilândia,
52,Goiás,5206,Luziânia - Águas Lindas de Goiás,520020,Águas Lindas de Goiás,13053,5213053,Mimoso de Goiás,
52,Goiás,5205,Porangatu - Uruaçu,520016,Porangatu,13087,5213087,Minaçu,
52,Goiás,5203,Rio Verde,520011,Jataí-Mineiros,13103,5213103,Mineiros,
52,Goiás,5204,São Luís de Montes Belos - Iporá,520013,São Luís de Montes Belos,13400,5213400,Moiporá,
52,Goiás,5206,Luziânia - Águas Lindas de Goiás,520021,Posse-Campos Belos,13509,5213509,Monte Alegre de Goiás,
52,Goiás,5204,São Luís de Montes Belos - Iporá,520014,Iporá,13707,5213707,Montes Claros de Goiás,
52,Goiás,5203,Rio Verde,520010,Rio Verde,13756,5213756,Montividiu,
52,Goiás,5205,Porangatu - Uruaçu,520016,Porangatu,13772,5213772,Montividiu do Norte,
52,Goiás,5202,Itumbiara,520008,Caldas Novas-Morrinhos,13806,5213806,Morrinhos,
52,Goiás,5205,Porangatu - Uruaçu,520018,Ceres - Rialma - Goianésia,13855,5213855,Morro Agudo de Goiás,
52,Goiás,5201,Goiânia,520005,Goiás - Itapuranga,13905,5213905,Mossâmedes,
52,Goiás,5201,Goiânia,520005,Goiás - Itapuranga,14002,5214002,Mozarlândia,
52,Goiás,5205,Porangatu - Uruaçu,520016,Porangatu,14051,5214051,Mundo Novo,
52,Goiás,5205,Porangatu - Uruaçu,520016,Porangatu,14101,5214101,Mutunópolis,
52,Goiás,5204,São Luís de Montes Belos - Iporá,520015,Palmeiras de Goiás,14408,5214408,Nazário,
52,Goiás,5201,Goiânia,520001,Goiânia,14507,5214507,Nerópolis,
52,Goiás,5205,Porangatu - Uruaçu,520017,Uruaçu - Niquelândia,14606,5214606,Niquelândia,
52,Goiás,5205,Porangatu - Uruaçu,520018,Ceres - Rialma - Goianésia,14705,5214705,Nova América,
52,Goiás,5201,Goiânia,520004,Catalão,14804,5214804,Nova Aurora,
52,Goiás,5201,Goiânia,520005,Goiás - Itapuranga,14838,5214838,Nova Crixás,
52,Goiás,5205,Porangatu - Uruaçu,520018,Ceres - Rialma - Goianésia,14861,5214861,Nova Glória,
52,Goiás,5205,Porangatu - Uruaçu,520017,Uruaçu - Niquelândia,14879,5214879,Nova Iguaçu de Goiás,
52,Goiás,5206,Luziânia - Águas Lindas de Goiás,520021,Posse-Campos Belos,14903,5214903,Nova Roma,
52,Goiás,5201,Goiânia,520001,Goiânia,15009,5215009,Nova Veneza,
52,Goiás,5201,Goiânia,520005,Goiás - Itapuranga,15207,5215207,Novo Brasil,
52,Goiás,5206,Luziânia - Águas Lindas de Goiás,520019,Luziânia,15231,5215231,Novo Gama,
52,Goiás,5205,Porangatu - Uruaçu,520016,Porangatu,15256,5215256,Novo Planalto,
52,Goiás,5201,Goiânia,520006,Pires do Rio,15306,5215306,Orizona,
52,Goiás,5201,Goiânia,520002,Anápolis,15405,5215405,Ouro Verde de Goiás,
52,Goiás,5201,Goiânia,520004,Catalão,15504,5215504,Ouvidor,
52,Goiás,5206,Luziânia - Águas Lindas de Goiás,520020,Águas Lindas de Goiás,15603,5215603,Padre Bernardo,
52,Goiás,5204,São Luís de Montes Belos - Iporá,520014,Iporá,15652,5215652,Palestina de Goiás,
52,Goiás,5204,São Luís de Montes Belos - Iporá,520015,Palmeiras de Goiás,15702,5215702,Palmeiras de Goiás,
52,Goiás,5201,Goiânia,520006,Pires do Rio,15801,5215801,Palmelo,
52,Goiás,5204,São Luís de Montes Belos - Iporá,520015,Palmeiras de Goiás,15900,5215900,Palminópolis,
52,Goiás,5202,Itumbiara,520007,Itumbiara,16007,5216007,Panamá,
52,Goiás,5203,Rio Verde,520012,Quirinópolis,16304,5216304,Paranaiguara,
52,Goiás,5204,São Luís de Montes Belos - Iporá,520015,Palmeiras de Goiás,16403,5216403,Paraúna,
52,Goiás,5203,Rio Verde,520011,Jataí-Mineiros,16452,5216452,Perolândia,
52,Goiás,5201,Goiânia,520002,Anápolis,16809,5216809,Petrolina de Goiás,
52,Goiás,5205,Porangatu - Uruaçu,520018,Ceres - Rialma - Goianésia,16908,5216908,Pilar de Goiás,
52,Goiás,5202,Itumbiara,520009,Piracanjuba,17104,5217104,Piracanjuba,
52,Goiás,5204,São Luís de Montes Belos - Iporá,520014,Iporá,17203,5217203,Piranhas,
52,Goiás,5201,Goiânia,520002,Anápolis,17302,5217302,Pirenópolis,
52,Goiás,5201,Goiânia,520006,Pires do Rio,17401,5217401,Pires do Rio,
52,Goiás,5206,Luziânia - Águas Lindas de Goiás,520020,Águas Lindas de Goiás,17609,5217609,Planaltina,
52,Goiás,5202,Itumbiara,520009,Piracanjuba,17708,5217708,Pontalina,
52,Goiás,5205,Porangatu - Uruaçu,520016,Porangatu,18003,5218003,Porangatu,
52,Goiás,5203,Rio Verde,520010,Rio Verde,18052,5218052,Porteirão,
52,Goiás,5203,Rio Verde,520011,Jataí-Mineiros,18102,5218102,Portelândia,
52,Goiás,5206,Luziânia - Águas Lindas de Goiás,520021,Posse-Campos Belos,18300,5218300,Posse,
52,Goiás,5202,Itumbiara,520009,Piracanjuba,18391,5218391,Professor Jamil,
52,Goiás,5203,Rio Verde,520012,Quirinópolis,18508,5218508,Quirinópolis,
52,Goiás,5205,Porangatu - Uruaçu,520018,Ceres - Rialma - Goianésia,18607,5218607,Rialma,
52,Goiás,5205,Porangatu - Uruaçu,520018,Ceres - Rialma - Goianésia,18706,5218706,Rianápolis,
52,Goiás,5202,Itumbiara,520008,Caldas Novas-Morrinhos,18789,5218789,Rio Quente,
52,Goiás,5203,Rio Verde,520010,Rio Verde,18805,5218805,Rio Verde,
52,Goiás,5205,Porangatu - Uruaçu,520018,Ceres - Rialma - Goianésia,18904,5218904,Rubiataba,
52,Goiás,5204,São Luís de Montes Belos - Iporá,520013,São Luís de Montes Belos,19001,5219001,Sanclerlândia,
52,Goiás,5204,São Luís de Montes Belos - Iporá,520015,Palmeiras de Goiás,19100,5219100,Santa Bárbara de Goiás,
52,Goiás,5201,Goiânia,520006,Pires do Rio,19209,5219209,Santa Cruz de Goiás,
52,Goiás,5201,Goiânia,520005,Goiás - Itapuranga,19258,5219258,Santa Fé de Goiás,
52,Goiás,5203,Rio Verde,520010,Rio Verde,19308,5219308,Santa Helena de Goiás,
52,Goiás,5205,Porangatu - Uruaçu,520018,Ceres - Rialma - Goianésia,19357,5219357,Santa Isabel,
52,Goiás,5203,Rio Verde,520011,Jataí-Mineiros,19407,5219407,Santa Rita do Araguaia,
52,Goiás,5205,Porangatu - Uruaçu,520018,Ceres - Rialma - Goianésia,19456,5219456,Santa Rita do Novo Destino,
52,Goiás,5201,Goiânia,520002,Anápolis,19506,5219506,Santa Rosa de Goiás,
52,Goiás,5205,Porangatu - Uruaçu,520016,Porangatu,19605,5219605,Santa Tereza de Goiás,
52,Goiás,5205,Porangatu - Uruaçu,520018,Ceres - Rialma - Goianésia,19704,5219704,Santa Terezinha de Goiás,
52,Goiás,5203,Rio Verde,520010,Rio Verde,19712,5219712,Santo Antônio da Barra,
52,Goiás,5201,Goiânia,520001,Goiânia,19738,5219738,Santo Antônio de Goiás,
52,Goiás,5206,Luziânia - Águas Lindas de Goiás,520019,Luziânia,19753,5219753,Santo Antônio do Descoberto,
52,Goiás,5206,Luziânia - Águas Lindas de Goiás,520021,Posse-Campos Belos,19803,5219803,São Domingos,
52,Goiás,5201,Goiânia,520002,Anápolis,19902,5219902,São Francisco de Goiás,
52,Goiás,5204,São Luís de Montes Belos - Iporá,520015,Palmeiras de Goiás,20058,5220058,São João da Paraúna,
52,Goiás,5206,Luziânia - Águas Lindas de Goiás,520022,Flores de Goiás,20009,5220009,São João d'Aliança,
52,Goiás,5204,São Luís de Montes Belos - Iporá,520013,São Luís de Montes Belos,20108,5220108,São Luís de Montes Belos,
52,Goiás,5205,Porangatu - Uruaçu,520017,Uruaçu - Niquelândia,20157,5220157,São Luiz do Norte,
52,Goiás,5205,Porangatu - Uruaçu,520016,Porangatu,20207,5220207,São Miguel do Araguaia,
52,Goiás,5201,Goiânia,520002,Anápolis,20264,5220264,São Miguel do Passa Quatro,
52,Goiás,5205,Porangatu - Uruaçu,520018,Ceres - Rialma - Goianésia,20280,5220280,São Patrício,
52,Goiás,5203,Rio Verde,520012,Quirinópolis,20405,5220405,São Simão,
52,Goiás,5201,Goiânia,520001,Goiânia,20454,5220454,Senador Canedo,
52,Goiás,5203,Rio Verde,520011,Jataí-Mineiros,20504,5220504,Serranópolis,
52,Goiás,5201,Goiânia,520002,Anápolis,20603,5220603,Silvânia,
52,Goiás,5206,Luziânia - Águas Lindas de Goiás,520021,Posse-Campos Belos,20686,5220686,Simolândia,
52,Goiás,5206,Luziânia - Águas Lindas de Goiás,520021,Posse-Campos Belos,20702,5220702,Sítio d'Abadia,
52,Goiás,5201,Goiânia,520003,Inhumas - Itaberaí - Anicuns,21007,5221007,Taquaral de Goiás,
52,Goiás,5206,Luziânia - Águas Lindas de Goiás,520022,Flores de Goiás,21080,5221080,Teresina de Goiás,
52,Goiás,5201,Goiânia,520001,Goiânia,21197,5221197,Terezópolis de Goiás,
52,Goiás,5201,Goiânia,520004,Catalão,21304,5221304,Três Ranchos,
52,Goiás,5201,Goiânia,520001,Goiânia,21403,5221403,Trindade,
52,Goiás,5205,Porangatu - Uruaçu,520016,Porangatu,21452,5221452,Trombas,
52,Goiás,5204,São Luís de Montes Belos - Iporá,520015,Palmeiras de Goiás,21502,5221502,Turvânia,
52,Goiás,5203,Rio Verde,520010,Rio Verde,21551,5221551,Turvelândia,
52,Goiás,5205,Porangatu - Uruaçu,520018,Ceres - Rialma - Goianésia,21577,5221577,Uirapuru,
52,Goiás,5205,Porangatu - Uruaçu,520017,Uruaçu - Niquelândia,21601,5221601,Uruaçu,
52,Goiás,5205,Porangatu - Uruaçu,520018,Ceres - Rialma - Goianésia,21700,5221700,Uruana,
52,Goiás,5201,Goiânia,520006,Pires do Rio,21809,5221809,Urutaí,
52,Goiás,5206,Luziânia - Águas Lindas de Goiás,520019,Luziânia,21858,5221858,Valparaíso de Goiás,
52,Goiás,5201,Goiânia,520001,Goiânia,21908,5221908,Varjão,
52,Goiás,5201,Goiânia,520002,Anápolis,22005,5222005,Vianópolis,
52,Goiás,5202,Itumbiara,520009,Piracanjuba,22054,5222054,Vicentinópolis,
52,Goiás,5206,Luziânia - Águas Lindas de Goiás,520022,Flores de Goiás,22203,5222203,Vila Boa,
52,Goiás,5205,Porangatu - Uruaçu,520018,Ceres - Rialma - Goianésia,22302,5222302,Vila Propício,
53,Distrito Federal,5301,Distrito Federal,530001,Distrito Federal,00108,5300108,Brasília,